x_utm,y_utm,vulnerability_class,longitude,latitude,validation_zone,prediction_SVM,erreur_SVM,prediction_RF,erreur_RF,prediction_ANN_MLP,erreur_ANN_MLP,prediction_DT,erreur_DT,prediction_LR,erreur_LR,prediction_KNN,erreur_KNN
532881.7271,437778.6896,5,9.296201143201097,3.9606047337427674,entrainement spatial,4,True,5,False,4,True,5,False,4,True,4,True
490859.6604,480734.9606,2,8.917622461302983,4.349271693970313,entrainement spatial,3,True,2,False,3,True,2,False,3,True,3,True
591578.8606,264029.6308,3,9.823678473530915,2.3884967963423884,test spatial,3,False,3,False,3,False,2,True,3,False,3,False
602308.1227,356410.9477,2,9.92082543540306,3.2241091471518453,test spatial,3,True,3,True,3,True,2,False,4,True,2,False
601795.1722,329002.8719,1,9.915995729771502,2.9761830652518424,test spatial,3,True,3,True,3,True,2,True,3,True,3,True
524900.1266,438009.3773,2,9.224303261120511,3.9627143760111707,entrainement spatial,2,False,2,False,1,True,2,False,1,True,2,False
522786.9185,441904.6091,1,9.20527604719928,3.9979587800016727,entrainement spatial,1,False,1,False,2,True,1,False,2,True,1,False
406551.2741,502563.6014,4,8.157597144017274,4.546262189899567,entrainement spatial,3,True,4,False,3,True,4,False,3,True,4,False
598941.0249,311617.1078,3,9.890192159075141,2.818932886982258,test spatial,3,False,3,False,3,False,2,True,3,False,3,False
597816.5306,304921.8155,3,9.880030652202462,2.7583748391812115,test spatial,3,False,1,True,2,True,2,True,3,False,3,False
598238.2378,314606.6231,3,9.883890055630838,2.845980907533274,test spatial,3,False,3,False,3,False,2,True,3,False,3,False
496436.7117,468553.5783,3,8.96789037266461,4.239072952364935,entrainement spatial,3,False,3,False,3,False,3,False,4,True,3,False
486829.2463,490184.2521,2,8.88128478545708,4.434752326970394,entrainement spatial,2,False,2,False,3,True,3,True,3,True,2,False
591798.8286,284556.4578,5,9.825771970808043,2.574185334643142,test spatial,2,True,4,True,3,True,4,True,4,True,4,True
519378.1952,443427.0097,2,9.174571572561145,4.011738803808331,entrainement spatial,2,False,2,False,3,True,1,True,2,False,2,False
491062.3307,479267.2778,3,8.919450439307328,4.335994082683472,entrainement spatial,3,False,3,False,3,False,3,False,3,False,3,False
503002.3777,449711.4876,1,9.02704932443778,4.068611842478574,entrainement spatial,1,False,1,False,1,False,1,False,1,False,1,False
606677.9611,345547.5085,2,9.960061834042085,3.125804627860267,test spatial,3,True,2,False,3,True,2,False,3,True,2,False
571441.6419,404272.8522,4,9.643315941842314,3.657302000513542,test spatial,2,True,1,True,4,False,4,False,4,False,2,True
498151.4684,454013.2771,2,8.983345218878735,4.10752977614304,entrainement spatial,2,False,2,False,1,True,2,False,1,True,1,True
598198.9911,307362.8293,4,9.883487639972532,2.7804537335790593,test spatial,3,True,4,False,3,True,3,True,3,True,3,True
599117.6448,311190.0976,4,9.891778175413199,2.8150689345287487,test spatial,3,True,5,True,4,False,4,False,3,True,3,True
601522.3578,328275.8137,4,9.913535631392962,2.969608206906909,test spatial,3,True,3,True,3,True,4,False,3,True,3,True
460599.2894,495986.0914,1,8.644836654407086,4.487163309742632,entrainement spatial,1,False,1,False,2,True,1,False,2,True,1,False
405471.1279,502527.05,3,8.147861169895469,4.545920102191274,entrainement spatial,3,False,3,False,3,False,3,False,3,False,3,False
588091.4686,378254.9035,4,9.79303492985167,3.4218207226244175,test spatial,4,False,2,True,4,False,2,True,4,False,4,False
467194.7613,496572.3207,2,8.704286408633767,4.492493227411177,entrainement spatial,2,False,2,False,2,False,2,False,2,False,2,False
411923.384,502326.0438,3,8.206023680254411,4.544168283963635,entrainement spatial,3,False,3,False,3,False,3,False,3,False,3,False
516551.863,443670.2728,1,9.149110568863517,4.0139446185672725,entrainement spatial,1,False,1,False,1,False,1,False,1,False,1,False
498537.5315,454611.3212,3,8.986823456480316,4.112940254580826,entrainement spatial,3,False,3,False,3,False,2,True,4,True,3,False
465579.3472,502178.2676,2,8.689703296582726,4.54320202544727,entrainement spatial,2,False,2,False,3,True,2,False,2,False,2,False
604774.1086,332293.5907,1,9.942824469129839,3.0059276619251962,test spatial,2,True,1,False,2,True,2,True,2,True,2,True
589680.6121,376548.3012,3,9.807327200746926,3.406370665176708,test spatial,4,True,5,True,4,True,4,True,4,True,4,True
591567.8152,261947.9579,2,9.823567964344615,2.369665592984743,test spatial,3,True,4,True,3,True,4,True,3,True,3,True
515789.5706,443831.363,3,9.14224358135615,4.015403203269739,entrainement spatial,3,False,3,False,3,False,2,True,4,True,3,False
500462.7937,450741.1047,2,9.004169495850002,4.077927083488088,entrainement spatial,2,False,2,False,2,False,2,False,4,True,1,True
561772.8633,420633.6712,5,9.556346841244926,3.805368552955878,test spatial,5,False,5,False,5,False,4,True,5,False,5,False
598023.931,307008.8247,3,9.88191038863878,2.7772525840059803,test spatial,3,False,3,False,3,False,4,True,3,False,3,False
598904.7013,365917.8392,2,9.89027120718767,3.3101350876476863,test spatial,3,True,2,False,3,True,2,False,4,True,4,True
590660.6357,375424.1772,3,9.81614046558954,3.39619429749778,test spatial,4,True,4,True,4,True,4,True,4,True,4,True
463664.3622,495781.8518,2,8.672466141610606,4.485328558408878,entrainement spatial,2,False,2,False,2,False,2,False,2,False,2,False
409336.7863,502485.539,3,8.182706465394062,4.545584980931163,entrainement spatial,3,False,3,False,3,False,3,False,3,False,3,False
582495.9928,384012.7411,2,9.74270555613689,3.473947879400009,test spatial,2,False,3,True,3,True,4,True,4,True,4,True
506455.1212,448036.8877,3,9.058155037544752,4.053460334817291,entrainement spatial,3,False,3,False,4,True,3,False,4,True,3,False
593242.4136,288337.61,3,9.838779254212794,2.6083816922926206,test spatial,2,True,2,True,3,False,2,True,3,False,3,False
592188.6314,284912.0459,2,9.82928025739093,2.5773997597151803,test spatial,2,False,3,True,3,True,2,False,3,True,3,True
601269.5789,358538.6408,3,9.911495995828737,3.2433644361444616,test spatial,3,False,3,False,3,False,4,True,3,False,3,False
595605.6353,298150.2828,4,9.860097787081516,2.6971336184327215,test spatial,2,True,4,False,3,True,3,True,4,False,4,False
579341.3373,386426.9717,3,9.71432240478221,3.49580965007561,test spatial,4,True,3,False,3,False,4,True,4,True,4,True
607036.5373,335618.4705,3,9.963207842251325,3.0359859225489525,test spatial,1,True,1,True,3,False,4,True,3,False,2,True
598897.9365,317506.8435,2,9.88984537235417,2.872211683541619,test spatial,3,True,2,False,2,False,4,True,2,False,2,False
606356.9335,346200.8277,3,9.957178338350795,3.1317170540759482,test spatial,3,False,4,True,3,False,4,True,4,True,3,False
576504.3235,388538.3773,3,9.688795566969219,3.514929254607757,test spatial,4,True,3,False,3,False,4,True,4,True,4,True
520546.2772,443414.5691,2,9.185094364880724,4.011623935468251,entrainement spatial,2,False,2,False,2,False,2,False,5,True,2,False
570230.3093,427027.743,5,9.63255697148112,3.8631588981156284,test spatial,4,True,4,True,4,True,3,True,5,False,4,True
490978.6117,479507.9699,3,8.918695700636153,4.338171491475078,entrainement spatial,3,False,3,False,3,False,3,False,3,False,3,False
494617.3097,469786.0488,3,8.951494621536709,4.250222026261111,entrainement spatial,3,False,3,False,3,False,3,False,3,False,3,False
490976.2831,479872.7854,3,8.918674361247131,4.341471896352993,entrainement spatial,3,False,3,False,3,False,3,False,3,False,3,False
589113.7611,377095.0103,3,9.802228702274737,3.4113205300630955,test spatial,4,True,3,False,4,True,4,True,4,True,4,True
516084.879,443807.6025,3,9.14490388398206,4.015187777060222,entrainement spatial,3,False,3,False,3,False,3,False,4,True,4,True
571083.5187,405101.6516,5,9.640096582734941,3.664801945263688,test spatial,3,True,3,True,4,True,2,True,4,True,4,True
499117.8909,464585.9006,2,8.992051472521844,4.203178707605584,entrainement spatial,1,True,2,False,1,True,2,False,1,True,1,True
412437.1953,502278.9445,2,8.210655654311989,4.543747317713379,entrainement spatial,3,True,2,False,3,True,3,True,3,True,3,True
452001.9328,497499.1653,3,8.567332204957856,4.500809492736245,entrainement spatial,3,False,3,False,3,False,3,False,3,False,2,True
487744.0339,483968.5542,3,8.8895385553267,4.3785216769831985,entrainement spatial,3,False,3,False,3,False,3,False,3,False,3,False
498486.6419,455987.5337,1,8.986364739590902,4.12539062759808,entrainement spatial,1,False,1,False,1,False,1,False,1,False,1,False
549200.5751,430706.4712,5,9.443166355860852,3.896559301627945,test spatial,5,False,5,False,5,False,4,True,5,False,5,False
421428.4546,505134.1589,2,8.291678629733232,4.56965993019778,entrainement spatial,2,False,2,False,1,True,1,True,2,False,2,False
586776.2453,379618.9928,3,9.781205517675044,3.4341702248575388,test spatial,4,True,3,False,3,False,2,True,4,True,4,True
495531.8218,469227.3361,3,8.959735882970966,4.245167931914296,entrainement spatial,3,False,3,False,3,False,3,False,4,True,3,False
563445.7099,418212.0948,5,9.571398159244918,3.7834519670015196,test spatial,5,False,3,True,5,False,2,True,5,False,5,False
559923.8693,422618.7313,3,9.539705898293063,3.8233370326719873,test spatial,2,True,1,True,1,True,3,False,5,True,5,True
571032.3582,405197.1512,5,9.639636523065692,3.6656662008384426,test spatial,3,True,5,False,4,True,4,True,5,False,4,True
489707.1483,481683.095,3,8.907234375690116,4.357848047116099,entrainement spatial,2,True,3,False,3,False,2,True,2,True,2,True
571424.5884,404344.4768,4,9.643162847289846,3.6579500536426774,test spatial,2,True,1,True,4,False,4,False,4,False,2,True
592973.061,372743.0668,3,9.836934972447988,3.371923026552242,test spatial,4,True,2,True,4,True,2,True,4,True,4,True
573073.4378,391041.8421,3,9.657923408901338,3.537598886044301,test spatial,1,True,2,True,2,True,2,True,4,True,4,True
604439.4688,350806.8347,3,9.939960746693234,3.1733978229769604,test spatial,3,False,3,False,3,False,3,False,3,False,3,False
595241.6482,370306.6016,4,9.857335825133804,3.3498649588323994,test spatial,4,False,2,True,4,False,2,True,4,False,4,False
497635.845,467108.859,3,8.978696400947097,4.226003213279803,entrainement spatial,3,False,3,False,3,False,4,True,4,True,4,True
603539.0846,331433.0875,4,9.93170533320029,2.9981532544918754,test spatial,3,True,3,True,3,True,4,False,3,True,3,True
406292.039,502559.0534,3,8.155260462553525,4.546218312997602,entrainement spatial,3,False,3,False,3,False,3,False,3,False,3,False
607570.7524,343778.897,1,9.968081226645321,3.109798808821164,test spatial,3,True,2,True,3,True,2,True,4,True,2,True
599982.2411,319863.2989,3,9.89961746421249,2.8935204120818807,test spatial,3,False,3,False,3,False,2,True,4,True,3,False
487633.5109,484168.777,3,8.888542158959822,4.380332898115561,entrainement spatial,3,False,3,False,3,False,3,False,3,False,3,False
501401.5264,450251.3686,1,9.012626849678048,4.073496423703651,entrainement spatial,1,False,1,False,1,False,1,False,1,False,1,False
574912.6519,389649.2098,2,9.674473087134682,3.5249887258963666,test spatial,4,True,3,True,4,True,2,False,4,True,4,True
585663.3117,380822.2303,2,9.771195665315973,3.4450630763464276,test spatial,4,True,3,True,3,True,4,True,4,True,4,True
600104.9151,363341.9183,3,9.901052820817494,3.286823798416716,test spatial,5,True,3,False,4,True,1,True,4,True,4,True
544007.7876,429942.046,5,9.396390713206653,3.889667183277974,entrainement spatial,4,True,5,False,5,False,5,False,5,False,4,True
597737.3441,304228.9337,3,9.879313688986977,2.7521075380930475,test spatial,3,False,2,True,2,True,2,True,3,False,3,False
396300.6105,502400.5205,3,8.065201310659418,4.544673042461887,entrainement spatial,3,False,3,False,3,False,3,False,3,False,3,False
527643.8763,436491.9308,1,9.249015032189346,3.948979262645848,entrainement spatial,1,False,1,False,1,False,1,False,1,False,1,False
587938.6739,378461.8131,3,9.791661035410955,3.4236935927568015,test spatial,4,True,2,True,3,False,2,True,4,True,4,True
599035.3678,309320.1127,4,9.89102516417465,2.7981536300475516,test spatial,3,True,3,True,3,True,4,False,3,True,3,True
596773.8069,368563.4949,2,9.871112871344884,3.3340846819487893,test spatial,2,False,2,False,2,False,2,False,2,False,4,True
501046.8529,450582.472,1,9.009431504933765,4.07649191196426,entrainement spatial,1,False,1,False,1,False,1,False,4,True,1,False
607647.234,338224.7534,3,9.968723978560977,3.059556786451023,test spatial,2,True,4,True,4,True,4,True,4,True,2,True
509301.6367,446356.4358,3,9.083798092890126,4.038255280654237,entrainement spatial,4,True,3,False,4,True,2,True,4,True,4,True
597492.3609,304016.12,3,9.877108415440214,2.750184048546608,test spatial,3,False,3,False,3,False,3,False,3,False,3,False
607959.71,342937.2182,2,9.971574346497343,3.1021819721201025,test spatial,3,True,2,False,3,True,2,False,3,True,3,True
394470.4106,502345.0839,3,8.048705143795596,4.544149998708754,entrainement spatial,3,False,3,False,3,False,3,False,3,False,3,False
569004.0819,409066.8582,5,9.621397188495202,3.7006860404359387,test spatial,3,True,5,False,5,False,5,False,5,False,4,True
505498.6879,448533.5251,4,9.049538679873516,4.057953916601556,entrainement spatial,4,False,4,False,4,False,4,False,4,False,4,False
511749.7764,443783.5169,2,9.105850261050033,4.0149758874420165,entrainement spatial,1,True,2,False,1,True,2,False,1,True,2,False
599487.0283,309780.3449,2,9.895091599165985,2.802313774736431,test spatial,3,True,3,True,4,True,4,True,3,True,3,True
490640.8444,481131.1236,3,8.915649979284579,4.352855475412589,entrainement spatial,3,False,3,False,3,False,3,False,3,False,3,False
536474.9094,433599.1072,5,9.328553625259405,3.922780919256234,entrainement spatial,5,False,5,False,5,False,5,False,5,False,5,False
562593.4625,419391.0496,5,9.563729892474603,3.794122393184258,test spatial,5,False,5,False,5,False,4,True,5,False,5,False
527521.6705,436196.7923,1,9.24791342179477,3.9463095344764207,entrainement spatial,3,True,1,False,2,True,1,False,4,True,3,True
514862.7656,443722.1888,2,9.133894123581761,4.014416936222444,entrainement spatial,1,True,2,False,2,False,1,True,1,True,2,False
474106.4079,501377.439,2,8.766575217007176,4.535986187724919,entrainement spatial,3,True,2,False,3,True,3,True,2,False,2,False
498678.1935,457845.6056,1,8.988090356472174,4.142200337210448,entrainement spatial,1,False,1,False,1,False,2,True,1,False,1,False
572097.085,391684.559,2,9.649137158140386,3.5434193657062587,test spatial,4,True,3,True,4,True,2,False,5,True,4,True
500700.0079,450717.2797,2,9.006306652949483,4.0777115282338645,entrainement spatial,2,False,2,False,3,True,2,False,3,True,2,False
592891.8677,287315.4879,3,9.835619988270714,2.5991375235610366,test spatial,3,False,1,True,3,False,2,True,3,False,3,False
594289.6264,295246.1642,3,9.848241331368502,2.6708709758044273,test spatial,2,True,2,True,3,False,2,True,3,False,3,False
533152.4344,437240.4977,4,9.298637928984533,3.9557349642607713,entrainement spatial,4,False,4,False,4,False,4,False,4,False,5,True
593993.8589,293064.1899,2,9.845567315713867,2.6511344042794063,test spatial,2,False,3,True,3,True,4,True,4,True,3,True
497230.3093,467549.5688,4,8.975041957410792,4.229990125939659,entrainement spatial,3,True,4,False,4,False,4,False,4,False,4,False
512578.5636,443350.2028,2,9.113316010040563,4.011054755288901,entrainement spatial,3,True,2,False,3,True,3,True,4,True,2,False
502521.2579,449565.6224,1,9.022714734631885,4.06729235516261,entrainement spatial,1,False,1,False,1,False,1,False,1,False,1,False
604415.5412,332089.1183,4,9.939596560904342,3.004080831784623,test spatial,3,True,4,False,3,True,4,False,4,False,3,True
586358.8952,380070.5119,3,9.77745185142473,3.4382578101611094,test spatial,4,True,3,False,3,False,4,True,4,True,4,True
606555.3067,334998.9858,4,9.958872783255941,3.0303860653504233,test spatial,3,True,2,True,4,False,2,True,4,False,2,True
397924.237,502488.8526,3,8.079835202135182,4.545490895978472,entrainement spatial,3,False,3,False,3,False,3,False,3,False,3,False
591608.906,282385.7332,1,9.824051084814819,2.554549658874638,test spatial,2,True,3,True,3,True,2,True,3,True,3,True
504263.8476,449039.4681,1,9.03841399722185,4.062531716934583,entrainement spatial,1,False,1,False,1,False,1,False,1,False,1,False
401918.179,502563.2928,2,8.115834928593754,4.546209342879698,entrainement spatial,3,True,2,False,3,True,3,True,3,True,3,True
503074.4618,449599.1546,1,9.027698717033132,4.067595559963658,entrainement spatial,1,False,1,False,1,False,1,False,1,False,1,False
597460.0538,367818.2737,3,9.877283693929133,3.3273379471800584,test spatial,3,False,2,True,3,False,4,True,4,True,4,True
490805.5141,480889.0692,3,8.917134314406495,4.350665827236696,entrainement spatial,3,False,3,False,3,False,2,True,3,False,2,True
597533.8767,302681.9052,4,9.877473089566315,2.7381144156562693,test spatial,3,True,3,True,3,True,2,True,3,True,3,True
455979.0389,495979.1445,3,8.603189763104009,4.48707900533435,entrainement spatial,3,False,3,False,3,False,3,False,3,False,2,True
592401.5405,285101.7694,3,9.831196453614941,2.57911477591633,test spatial,2,True,3,False,3,False,3,False,3,False,3,False
421381.7405,505330.3583,2,8.291255781064343,4.571434341475507,entrainement spatial,2,False,2,False,3,True,2,False,4,True,2,False
468203.1474,496855.1369,3,8.713375144079475,4.495055395616721,entrainement spatial,3,False,3,False,3,False,3,False,5,True,3,False
406908.2909,502547.1346,3,8.160815446323125,4.546116991796707,entrainement spatial,3,False,3,False,3,False,4,True,3,False,4,True
599551.4158,364703.5117,1,9.89608214834406,3.299145138750801,test spatial,2,True,1,False,2,True,4,True,4,True,2,True
591646.2141,259957.7067,4,9.82426243395142,2.3516609268812445,test spatial,3,True,3,True,3,True,2,True,3,True,3,True
598426.4402,366547.1302,3,9.885971643253306,3.315831477041074,test spatial,3,False,2,True,3,False,2,True,4,True,4,True
600719.4169,325136.8645,3,9.906288048219224,2.941219459738775,test spatial,2,True,3,False,3,False,4,True,4,True,2,True
571893.6092,403217.4182,5,9.647378790425346,3.6477512229838407,test spatial,3,True,5,False,5,False,4,True,5,False,3,True
591576.6837,265645.2545,2,9.823667627839132,2.4031120856190618,test spatial,3,True,3,True,3,True,2,False,3,True,3,True
572470.935,401081.8097,4,9.6525632990882,3.6284279760291476,test spatial,3,True,3,True,4,False,2,True,4,False,4,False
488775.029,492655.5863,2,8.89882012093345,4.457112490396787,entrainement spatial,1,True,2,False,1,True,1,True,1,True,2,False
598015.3376,306904.0177,4,9.881832377872147,2.776304555579368,test spatial,3,True,3,True,3,True,3,True,3,True,3,True
502263.0961,449548.018,1,9.020388877127532,4.06713315300069,entrainement spatial,1,False,1,False,1,False,1,False,1,False,1,False
536329.1394,433730.586,5,9.327241055777073,3.923970890065762,entrainement spatial,5,False,5,False,5,False,5,False,5,False,5,False
590089.2053,376015.9792,3,9.81100118341627,3.4015521354448723,test spatial,4,True,4,True,4,True,4,True,4,True,4,True
518912.6104,443316.4052,2,9.170377082778861,4.0107390708847825,entrainement spatial,2,False,2,False,2,False,1,True,2,False,2,False
552132.2811,432191.1375,5,9.469580111055704,3.909976108301876,test spatial,5,False,5,False,5,False,5,False,5,False,5,False
505325.9976,448611.6469,3,9.047982923624621,4.058660767323918,entrainement spatial,4,True,4,True,4,True,4,True,4,True,4,True
451609.4544,496092.9086,2,8.563801928018707,4.488085690222743,entrainement spatial,2,False,2,False,2,False,1,True,2,False,2,False
606553.7325,334935.7532,4,9.958858115263114,3.02981408947798,test spatial,3,True,2,True,4,False,2,True,4,False,2,True
605733.4658,347380.2835,3,9.95157749862291,3.14239129097756,test spatial,3,False,3,False,3,False,2,True,3,False,3,False
601490.9945,328053.6571,4,9.913251786814627,2.9675988319389592,test spatial,3,True,3,True,3,True,4,False,3,True,3,True
591320.881,268347.0937,2,9.821381703952197,2.42755490087559,test spatial,3,True,1,True,2,False,4,True,2,False,3,True
597521.7088,367743.2154,3,9.877838034932758,3.3266584785525763,test spatial,3,False,2,True,3,False,4,True,4,True,4,True
499693.533,462474.7926,1,8.997238547662418,4.184079912602867,entrainement spatial,1,False,1,False,1,False,1,False,1,False,1,False
498588.9361,457511.2959,1,8.987286184298595,4.139175878371582,entrainement spatial,1,False,1,False,2,True,1,False,2,True,1,False
538895.0539,431986.2618,5,9.350347134639927,3.9081810846443656,entrainement spatial,5,False,5,False,4,True,5,False,5,False,5,False
592970.4453,287406.4725,3,9.836327333769304,2.5999601141463207,test spatial,3,False,1,True,3,False,2,True,2,True,3,False
394025.6065,502337.986,2,8.044695924189606,4.54408049058067,entrainement spatial,3,True,3,True,3,True,3,True,3,True,3,True
532955.8493,437633.6678,5,9.296868368237986,3.9592925168748376,entrainement spatial,4,True,5,False,4,True,5,False,4,True,5,False
515346.6081,443828.8172,3,9.138253067003292,4.015380858715899,entrainement spatial,3,False,3,False,3,False,3,False,4,True,3,False
603541.5689,331505.1331,3,9.931728237876671,2.9988049498521816,test spatial,3,False,3,False,3,False,4,True,3,False,3,False
598301.7494,307696.7937,3,9.884414324308935,2.783474084713679,test spatial,3,False,3,False,3,False,4,True,3,False,3,False
523050.4507,441368.4575,1,9.207648847948239,3.9931077178586127,entrainement spatial,1,False,1,False,1,False,1,False,1,False,1,False
566656.1245,413134.7689,3,9.600278997493094,3.7375007327877645,test spatial,3,False,1,True,4,True,3,False,1,True,5,True
497426.5146,453205.3245,2,8.976813787883666,4.100220188716197,entrainement spatial,2,False,2,False,1,True,2,False,1,True,2,False
599328.1909,310393.2218,2,9.893666854237797,2.8078589486263126,test spatial,3,True,3,True,3,True,2,False,3,True,3,True
571349.5531,404579.8149,4,9.64248871595529,3.6600794953303906,test spatial,1,True,1,True,4,False,4,False,4,False,4,False
390993.6293,502253.2435,4,8.017367940088782,4.5432772109233825,entrainement spatial,3,True,4,False,3,True,4,False,3,True,4,False
594287.2554,295028.033,2,9.848218649896982,2.668897749911839,test spatial,2,False,1,True,3,True,2,False,3,True,3,True
546793.5088,429752.7352,5,9.42148120495807,3.8879423530871065,test spatial,5,False,5,False,5,False,5,False,5,False,5,False
535748.918,434205.0527,5,9.322016311136807,3.9282653040618034,entrainement spatial,5,False,5,False,5,False,5,False,5,False,5,False
602956.5488,354606.8786,3,9.926646357439566,3.207784513694551,test spatial,3,False,3,False,3,False,3,False,4,True,3,False
501419.4845,450210.9628,1,9.012788634811978,4.07313087572708,entrainement spatial,1,False,1,False,1,False,1,False,1,False,1,False
591712.5287,279621.7553,3,9.824967261271464,2.5295455859081577,test spatial,2,True,3,False,3,False,2,True,3,False,3,False
593454.9547,289447.0279,3,9.840697745418524,2.6184163643226794,test spatial,2,True,3,False,3,False,2,True,3,False,3,False
593508.6739,289475.0553,4,9.841181124201645,2.6186695783171796,test spatial,2,True,2,True,3,True,2,True,3,True,3,True
605820.4789,347232.8447,3,9.952359315447891,3.141056874678079,test spatial,3,False,3,False,3,False,4,True,3,False,3,False
598453.1896,313160.0298,4,9.885813942354423,2.8328935301115385,test spatial,3,True,3,True,3,True,4,False,3,True,3,True
498578.0104,455615.415,1,8.987188017873473,4.1220241416113375,entrainement spatial,2,True,1,False,1,False,1,False,1,False,2,True
591636.1826,262130.271,3,9.824183798830193,2.3713144689372676,test spatial,3,False,3,False,3,False,3,False,3,False,3,False
565134.3461,415565.5702,5,9.586589597969663,3.7595001454387176,test spatial,5,False,5,False,5,False,5,False,5,False,5,False
523515.6563,439879.133,1,9.211836162090274,3.9796330056572398,entrainement spatial,2,True,1,False,1,False,1,False,1,False,2,True
526164.9658,437216.3575,2,9.23569498858662,3.9555369072683506,entrainement spatial,2,False,2,False,2,False,2,False,1,True,2,False
596333.7282,368911.6489,2,9.867154553245332,3.337237582469726,test spatial,4,True,4,True,3,True,3,True,4,True,4,True
582875.0877,383420.9735,3,9.746114125424931,3.468591926338691,test spatial,4,True,3,False,4,True,1,True,4,True,4,True
591013.1831,277476.0677,3,9.818664856785205,2.5101392539775396,test spatial,2,True,3,False,3,False,4,True,3,False,3,False
533290.8232,436972.4292,4,9.299883655514707,3.953309362605129,entrainement spatial,4,False,4,False,4,False,4,False,4,False,4,False
496973.7655,467943.9571,3,8.97273008326585,4.233558007079568,entrainement spatial,3,False,3,False,4,True,3,False,4,True,3,False
585697.4807,380790.5019,3,9.771503026512002,3.4447758060909366,test spatial,4,True,3,False,3,False,4,True,4,True,4,True
411133.3992,502343.1709,2,8.198902572524268,4.544315331833693,entrainement spatial,3,True,2,False,3,True,3,True,3,True,3,True
490416.0657,481300.0402,2,8.913623973413456,4.35438339675306,entrainement spatial,2,False,2,False,1,True,2,False,1,True,2,False
589179.9417,377037.462,4,9.802824008523329,3.410799443499058,test spatial,4,False,2,True,4,False,4,False,4,False,4,False
591772.7721,273015.1175,2,9.825471780124948,2.4697803016330155,test spatial,2,False,3,True,3,True,3,True,3,True,3,True
598698.0072,312376.9582,4,9.88801107450439,2.8258081711872474,test spatial,3,True,5,True,3,True,4,False,3,True,3,True
519183.8901,443341.8144,2,9.172820987426778,4.010968429434066,entrainement spatial,2,False,2,False,3,True,1,True,4,True,2,False
607289.6752,340312.1663,3,9.965523541044124,3.0784419371097087,test spatial,1,True,4,True,2,True,4,True,2,True,2,True
597399.2136,302425.0095,3,9.87625998733028,2.7357914171797955,test spatial,3,False,3,False,3,False,3,False,3,False,3,False
591758.5042,284512.4675,4,9.825409003900884,2.573787626324279,test spatial,2,True,4,False,3,True,4,False,4,False,4,False
591628.2805,283893.52,3,9.8242340719047,2.568189272176874,test spatial,2,True,3,False,3,False,4,True,3,False,3,False
608391.8601,341716.4572,3,9.975452962549753,3.0911357045225465,test spatial,3,False,2,True,3,False,2,True,4,True,2,True
594282.5134,295068.3399,2,9.848176243446236,2.669262400487809,test spatial,2,False,1,True,3,True,4,True,3,True,3,True
506133.0482,448208.1487,4,9.055253545575791,4.055009912149219,entrainement spatial,4,False,4,False,4,False,4,False,4,False,4,False
414067.05,502033.5233,2,8.225349608895389,4.541543201464876,entrainement spatial,2,False,2,False,3,True,3,True,3,True,3,True
500187.2523,450823.9743,1,9.001687033362572,4.078676801735061,entrainement spatial,2,True,1,False,1,False,1,False,4,True,1,False
486958.0023,486545.1949,3,8.88245051635287,4.401830852433992,entrainement spatial,3,False,3,False,3,False,3,False,3,False,3,False
602506.1848,356206.1716,4,9.922606271485327,3.2222551529929673,test spatial,3,True,3,True,3,True,3,True,4,False,3,True
564600.3193,416436.398,5,9.58178563197836,3.7673812778608027,test spatial,5,False,5,False,5,False,5,False,5,False,5,False
576031.8271,388873.2558,3,9.684543928834055,3.5179618141037436,test spatial,4,True,4,True,3,False,4,True,4,True,4,True
400983.5926,502550.7983,2,8.107410863786349,4.546085931574395,entrainement spatial,3,True,2,False,3,True,3,True,3,True,3,True
595554.4816,369951.5993,4,9.860148839270458,3.346651137445657,test spatial,4,False,2,True,4,False,2,True,4,False,4,False
499655.1853,463648.8932,1,8.996892969868066,4.194701798476713,entrainement spatial,1,False,1,False,1,False,1,False,1,False,1,False
604042.1569,331770.5563,1,9.93623446342217,3.001202066040471,test spatial,3,True,4,True,4,True,3,True,4,True,3,True
602393.621,329748.5068,4,9.921385964790526,2.982923489829768,test spatial,3,True,3,True,3,True,2,True,3,True,3,True
490541.7189,474688.7959,3,8.914763116756866,4.2945730066510235,entrainement spatial,3,False,3,False,3,False,3,False,3,False,3,False
602475.9719,356246.4554,3,9.92233469228546,3.2226198014211858,test spatial,3,False,3,False,3,False,4,True,3,False,3,False
396491.9965,502429.9646,3,8.066926063617252,4.544941616278658,entrainement spatial,3,False,3,False,3,False,3,False,3,False,3,False
607891.1729,340751.5047,4,9.970939630776243,3.0824111413767,test spatial,3,True,4,False,3,True,3,True,3,True,3,True
606991.3388,335347.2797,2,9.962798974424109,3.0335331560701966,test spatial,1,True,1,True,2,False,2,False,1,True,1,True
491851.7358,472840.6899,3,8.926570418539542,4.277854792457363,entrainement spatial,3,False,3,False,3,False,3,False,3,False,3,False
601175.3854,326570.2856,4,9.91040111093033,2.9541827221475794,test spatial,3,True,3,True,3,True,2,True,3,True,3,True
603465.7969,331313.8397,4,9.931044994301983,2.9970751189628464,test spatial,3,True,3,True,3,True,2,True,3,True,3,True
597641.285,305897.509,3,9.878460623688293,2.767202164778624,test spatial,3,False,2,True,3,False,2,True,3,False,3,False
532711.8392,438790.6194,5,9.294674035399208,3.9697599659861345,entrainement spatial,4,True,5,False,4,True,5,False,4,True,4,True
598587.7987,312747.04,4,9.8870221234369,2.829156692979282,test spatial,3,True,3,True,3,True,4,False,3,True,3,True
499873.1397,451203.9694,1,8.998857058266045,4.082114562775107,entrainement spatial,1,False,1,False,1,False,1,False,1,False,1,False
599151.9666,311028.2948,2,9.892085836365721,2.8136050305066775,test spatial,3,True,3,True,3,True,2,False,3,True,3,True
509801.0558,446033.5211,4,9.088297021541045,4.035333441092228,entrainement spatial,4,False,4,False,4,False,4,False,4,False,4,False
497703.8474,467044.6345,4,8.979309191651243,4.225422202413407,entrainement spatial,3,True,4,False,3,True,4,False,4,False,4,False
571571.6918,392633.1856,1,9.644412846560378,3.5520043278252746,test spatial,4,True,1,False,2,True,4,True,4,True,2,True
592696.3923,373114.6707,3,9.834447471209701,3.375286715000235,test spatial,4,True,3,False,4,True,4,True,4,True,4,True
396952.5849,502436.274,4,8.071077599985005,4.545004053166984,entrainement spatial,3,True,4,False,3,True,3,True,3,True,3,True
508403.2395,446930.4118,4,9.075704953006483,4.043448754777899,entrainement spatial,4,False,4,False,4,False,4,False,4,False,3,True
592400.7366,373407.614,3,9.831788440013842,3.3779389812551712,test spatial,4,True,2,True,4,True,2,True,4,True,4,True
591482.8919,261150.3381,3,9.82279995755016,2.3624506054128336,test spatial,3,False,4,True,3,False,2,True,3,False,3,False
595119.0228,370509.068,3,9.856233664236425,3.3516974364664227,test spatial,4,True,3,False,4,True,4,True,4,True,4,True
593607.2645,289787.1763,3,9.842069843075178,2.6214924700562716,test spatial,2,True,2,True,3,False,2,True,3,False,3,False
499143.4647,460174.3248,1,8.99228230405657,4.163267932781438,entrainement spatial,1,False,1,False,2,True,1,False,2,True,2,True
412293.7563,502274.6627,3,8.209362733239965,4.543707167714653,entrainement spatial,3,False,3,False,3,False,3,False,3,False,3,False
486928.073,486662.917,3,8.882180591981708,4.402895813235098,entrainement spatial,3,False,3,False,3,False,2,True,3,False,3,False
607383.9539,339833.2309,3,9.966367993570156,3.074108831833633,test spatial,3,False,5,True,3,False,3,False,4,True,3,False
466225.6537,496211.4263,2,8.69555209650572,4.489224753316929,entrainement spatial,2,False,2,False,2,False,2,False,2,False,2,False
499297.546,460409.029,1,8.993670615884243,4.16539127525755,entrainement spatial,1,False,1,False,1,False,1,False,1,False,1,False
498026.8585,466778.292,4,8.98221992436882,4.223012721952874,entrainement spatial,3,True,4,False,3,True,4,False,4,False,3,True
510850.3653,444927.5335,4,9.097748973369656,4.025326650739226,entrainement spatial,4,False,4,False,4,False,4,False,4,False,4,False
567881.5477,410987.323,5,9.611300845290495,3.718066413209299,test spatial,5,False,5,False,5,False,5,False,5,False,5,False
569046.7447,427466.0662,5,9.621900045775678,3.867132026779515,test spatial,5,False,5,False,5,False,5,False,5,False,5,False
590201.4245,375909.5148,3,9.812010529183084,3.4005881968854323,test spatial,4,True,3,False,4,True,2,True,4,True,4,True
446112.0887,497676.3907,2,8.514239683265902,4.502379237076699,entrainement spatial,2,False,2,False,2,False,2,False,2,False,2,False
596732.8941,301579.4747,4,9.870260349092309,2.728147046667907,test spatial,2,True,3,True,3,True,4,False,4,False,2,True
518583.3521,443004.3371,3,9.167410344361933,4.0079164577672035,entrainement spatial,1,True,3,False,1,True,1,True,1,True,2,True
532697.1748,438391.0038,5,9.294540656510536,3.9661447874513045,entrainement spatial,4,True,5,False,4,True,5,False,4,True,4,True
602991.3781,331045.1641,3,9.92677423277335,2.9946483514524678,test spatial,3,False,3,False,3,False,4,True,3,False,3,False
487515.6569,491098.1382,2,8.887470519624308,4.443020996782581,entrainement spatial,3,True,2,False,3,True,2,False,3,True,2,False
566829.506,412862.3121,4,9.601838666034682,3.735034900037558,test spatial,5,True,5,True,5,True,5,True,5,True,5,True
492193.4769,472459.8926,3,8.929650393883694,4.274410084139069,entrainement spatial,3,False,3,False,3,False,3,False,2,True,3,False
602411.4127,329795.4122,3,9.921546402239104,2.9833476561941232,test spatial,3,False,3,False,3,False,2,True,3,False,3,False
494968.6239,469563.4211,3,8.954660558402965,4.248208148198309,entrainement spatial,3,False,3,False,3,False,3,False,3,False,3,False
591289.9187,267121.8964,3,9.821096560252162,2.4164716712685874,test spatial,3,False,2,True,3,False,2,True,3,False,3,False
413655.4352,502056.2854,2,8.22163907979064,4.541745109299614,entrainement spatial,3,True,2,False,3,True,3,True,3,True,2,False
490931.5198,479715.5233,3,8.918271088326764,4.340049136483651,entrainement spatial,3,False,3,False,3,False,2,True,3,False,3,False
602359.655,329708.0711,4,9.921080044954968,2.982557970001837,test spatial,3,True,3,True,3,True,2,True,3,True,3,True
499556.623,463180.2194,1,8.99600487370437,4.190461783133219,entrainement spatial,1,False,1,False,1,False,1,False,1,False,1,False
490663.4924,473841.4351,2,8.915861362976681,4.286907228854696,entrainement spatial,3,True,2,False,3,True,2,False,2,False,2,False
461508.6343,495896.8768,2,8.653033890878172,4.486360165334089,entrainement spatial,2,False,2,False,2,False,3,True,2,False,2,False
598365.9733,307844.5088,3,9.884993093218378,2.7848098817442266,test spatial,3,False,3,False,3,False,3,False,3,False,3,False
403320.081,502544.295,3,8.128471679056503,4.54605289611284,entrainement spatial,3,False,3,False,3,False,3,False,3,False,3,False
457129.6822,495959.4294,2,8.613561732525083,4.486906218089451,entrainement spatial,2,False,2,False,2,False,2,False,2,False,2,False
491167.4299,476585.131,4,8.920400163212978,4.311729368325082,entrainement spatial,3,True,4,False,3,True,3,True,3,True,4,False
425018.7516,507243.9383,3,8.324025633742052,4.588776467104183,entrainement spatial,3,False,3,False,3,False,3,False,3,False,3,False
578071.6794,387397.5128,3,9.702898605841096,3.5045981080759367,test spatial,4,True,4,True,3,False,4,True,4,True,4,True
603996.2247,331730.5509,3,9.935820866892623,3.0008405386214676,test spatial,3,False,4,True,4,True,3,False,4,True,3,False
518393.2408,443083.8991,2,9.165697853780742,4.008636591238267,entrainement spatial,1,True,2,False,1,True,1,True,1,True,3,True
591595.9179,264211.5756,3,9.823832860561316,2.390142615535164,test spatial,3,False,3,False,3,False,4,True,3,False,3,False
520342.9009,443443.6739,2,9.18326228256662,4.011887655193739,entrainement spatial,1,True,2,False,1,True,2,False,1,True,2,False
575110.7938,389503.4523,2,9.676256014109581,3.523668855461252,test spatial,4,True,4,True,4,True,2,False,4,True,4,True
599982.6781,322335.3244,4,9.899639094020682,2.915882247112371,test spatial,3,True,3,True,3,True,2,True,3,True,3,True
514225.9613,442961.13,2,9.128156285022003,4.007532676461721,entrainement spatial,3,True,2,False,2,False,4,True,2,False,3,True
532807.6048,437901.1524,4,9.295533842854832,3.961712864355527,entrainement spatial,4,False,4,False,4,False,4,False,4,False,4,False
492605.646,471677.7409,3,8.933365323758888,4.267334443487254,entrainement spatial,3,False,3,False,3,False,5,True,3,False,3,False
497793.6729,452763.4684,4,8.980121855560592,4.096222872491173,entrainement spatial,3,True,4,False,2,True,4,False,1,True,4,False
598546.2316,316556.2608,4,9.88667450064036,2.8636151882716567,test spatial,3,True,5,True,3,True,4,False,3,True,3,True
593895.8658,292815.2576,3,9.844684309338207,2.6488831352390556,test spatial,2,True,3,False,3,False,2,True,4,True,3,False
498413.0778,465591.5511,1,8.985700361783934,4.21227656027639,entrainement spatial,1,False,1,False,2,True,1,False,1,False,1,False
594211.3916,293794.1328,3,9.847528591184991,2.6577362121865016,test spatial,2,True,3,False,3,False,2,True,4,True,3,False
548817.7843,430552.3817,5,9.439717773615431,3.8951671246771893,test spatial,5,False,5,False,5,False,4,True,5,False,5,False
462182.163,495807.509,1,8.65910546667615,4.485554551915839,entrainement spatial,1,False,1,False,2,True,1,False,1,False,2,True
499537.0356,461270.8418,1,8.995828469342207,4.173187966557209,entrainement spatial,1,False,1,False,1,False,1,False,1,False,1,False
560078.2644,422435.7444,3,9.541095382453017,3.8216807625312073,test spatial,2,True,1,True,1,True,3,False,5,True,1,True
414911.4313,501808.2767,3,8.232963049934526,4.539513774331709,entrainement spatial,3,False,3,False,3,False,3,False,3,False,3,False
523491.1638,440169.9822,1,9.211616199057229,3.9822643210134827,entrainement spatial,1,False,1,False,1,False,1,False,1,False,1,False
444914.2954,500475.2689,2,8.503425505547293,4.527691741259338,entrainement spatial,1,True,2,False,1,True,1,True,1,True,2,False
599850.9663,364182.216,2,9.898774006169198,3.2944271110501235,test spatial,1,True,1,True,2,False,3,True,4,True,4,True
605373.3284,348100.5584,3,9.948342529749034,3.1489097094684677,test spatial,3,False,3,False,3,False,4,True,4,True,3,False
495391.3297,469305.8908,3,8.958469828028853,4.24587853447021,entrainement spatial,3,False,3,False,3,False,3,False,4,True,3,False
607137.5691,336479.8998,4,9.964123845148222,3.043777398660168,test spatial,3,True,4,False,4,False,3,True,4,False,3,True
596588.9044,301439.9847,4,9.86896413608824,2.7268861527282584,test spatial,2,True,3,True,3,True,1,True,4,False,2,True
593909.2629,292996.5131,2,9.844805931884924,2.6505227133833755,test spatial,2,False,3,True,3,True,2,False,4,True,3,True
568761.3448,409449.1744,5,9.619213775484651,3.704146161367986,test spatial,2,True,5,False,5,False,5,False,5,False,5,False
496992.9105,467919.0685,3,8.972902609952667,4.233332850521249,entrainement spatial,3,False,3,False,4,True,3,False,4,True,3,False
603853.6709,352406.3936,3,9.934702038795544,3.1878719476346933,test spatial,3,False,3,False,3,False,4,True,4,True,2,True
599800.3928,364240.57,1,9.898319297242214,3.294955387494093,test spatial,3,True,1,False,3,True,1,False,4,True,4,True
567136.0199,412283.3414,4,9.60459531753092,3.7297953851716925,test spatial,5,True,5,True,5,True,5,True,5,True,5,True
404620.6549,502525.5611,4,8.140195102552187,4.545897524055363,entrainement spatial,3,True,4,False,3,True,3,True,3,True,3,True
593923.765,292998.9301,3,9.844936397786876,2.6505444884135136,test spatial,2,True,3,False,3,False,3,False,4,True,3,False
463901.95,495768.7736,2,8.674607815897827,4.485211202772356,entrainement spatial,2,False,2,False,2,False,2,False,2,False,2,False
486842.3372,488924.605,1,8.881404595606337,4.423356630510637,entrainement spatial,1,False,1,False,2,True,1,False,3,True,1,False
607110.9818,336413.4315,4,9.963884076337424,3.043176356667266,test spatial,3,True,3,True,4,False,4,False,4,False,3,True
567479.687,411710.563,5,9.607686547889081,3.7246116529729876,test spatial,3,True,5,False,5,False,5,False,5,False,5,False
591635.9815,282354.6818,3,9.824294441460033,2.5542686049464556,test spatial,2,True,3,False,3,False,4,True,3,False,3,False
566727.3347,412995.4444,4,9.600919407302687,3.7362399036844276,test spatial,3,True,2,True,5,True,2,True,4,False,5,True
451911.232,497155.6014,2,8.566516456816199,4.497700957276879,entrainement spatial,2,False,2,False,3,True,2,False,3,True,2,False
568324.2772,427175.1066,5,9.615391179356763,3.864504656559485,test spatial,5,False,5,False,5,False,5,False,5,False,5,False
536948.9617,433243.9036,5,9.332822408529587,3.919565792974381,entrainement spatial,5,False,5,False,5,False,5,False,5,False,5,False
608378.0294,341761.9012,3,9.975328883232224,3.0915468935348023,test spatial,3,False,5,True,4,True,4,True,4,True,2,True
592676.8131,286891.5823,1,9.833683062291202,2.595304089644059,test spatial,2,True,2,True,3,True,2,True,3,True,3,True
400906.1269,502550.7983,4,8.106712602040039,4.546085065924132,entrainement spatial,3,True,4,False,3,True,3,True,3,True,3,True
605682.7082,347486.6328,3,9.95112160507169,3.1433537219121823,test spatial,3,False,3,False,3,False,4,True,3,False,3,False
507930.9054,447214.9031,4,9.071449913375464,4.046022893144614,entrainement spatial,4,False,4,False,4,False,4,False,4,False,4,False
513546.614,443109.0393,3,9.122036511058415,4.0088717273920755,entrainement spatial,3,False,3,False,3,False,3,False,4,True,2,True
395085.5652,502418.4293,2,8.054249069091984,4.544820743619374,entrainement spatial,3,True,2,False,3,True,3,True,3,True,3,True
394934.1426,502366.3777,3,8.052884810830166,4.544348117961454,entrainement spatial,3,False,3,False,3,False,3,False,3,False,3,False
500529.0894,450717.2797,2,9.004766779386308,4.077711538859221,entrainement spatial,2,False,2,False,1,True,1,True,1,True,2,False
514806.2172,443738.1383,1,9.133384720638414,4.014561312392986,entrainement spatial,1,False,1,False,1,False,1,False,1,False,2,True
598462.7992,366457.631,3,9.886298176566319,3.315021580176937,test spatial,4,True,2,True,4,True,2,True,4,True,4,True
573620.6879,390654.4882,3,9.662847915799496,3.534091222734587,test spatial,4,True,3,False,4,True,2,True,4,True,4,True
598557.4208,316382.828,3,9.886773961645092,2.8620462375480367,test spatial,3,False,5,True,3,False,4,True,3,False,3,False
600851.8453,326372.8713,4,9.907488613710301,2.9523993192501834,test spatial,3,True,3,True,3,True,4,False,3,True,3,True
498435.8209,465759.5002,1,8.985905270816275,4.213795969818758,entrainement spatial,1,False,1,False,1,False,1,False,1,False,1,False
591528.4702,260485.655,4,9.823206325690679,2.3564374919382196,test spatial,3,True,3,True,3,True,2,True,3,True,3,True
546545.3598,429743.2303,5,9.419246060873007,3.8878574823607677,test spatial,5,False,5,False,5,False,5,False,5,False,5,False
523485.0406,440127.1202,2,9.211560940486153,3.9818765707005572,entrainement spatial,2,False,2,False,1,True,2,False,1,True,2,False
568070.3039,426834.8318,5,9.613101541604546,3.8614280615636742,test spatial,5,False,5,False,5,False,5,False,5,False,5,False
456305.2338,495966.5985,1,8.60613013689443,4.486967100398878,entrainement spatial,2,True,1,False,2,True,1,False,2,True,2,True
561649.6926,420819.7284,5,9.555238638280564,3.8070524341350938,test spatial,5,False,5,False,5,False,5,False,5,False,5,False
607103.0056,335815.2167,4,9.963807502720952,3.0377651078927657,test spatial,3,True,4,False,4,False,2,True,4,False,3,True
597715.3727,306291.4388,3,9.87912975133465,2.7707651690918618,test spatial,3,False,3,False,3,False,4,True,3,False,3,False
563618.364,417916.1164,5,9.572951288046673,3.7807733800761367,test spatial,5,False,5,False,5,False,5,False,5,False,5,False
584516.6857,381867.8776,2,9.76088114777591,3.454530525770588,test spatial,4,True,3,True,3,True,3,True,4,True,4,True
600045.9839,323049.1187,3,9.900213808140165,2.9223387398935285,test spatial,3,False,3,False,3,False,4,True,4,True,3,False
498767.5857,459367.0799,1,8.988895599246584,4.155964880381869,entrainement spatial,1,False,1,False,1,False,1,False,1,False,1,False
520087.4096,443419.1221,2,9.180960607168277,4.01166605338579,entrainement spatial,2,False,2,False,2,False,2,False,2,False,2,False
499014.5919,460013.2338,1,8.991121129387263,4.161810556836877,entrainement spatial,1,False,1,False,1,False,1,False,1,False,1,False
599278.3328,318742.7353,4,9.893276455924472,2.883388850090153,test spatial,3,True,3,True,3,True,4,False,4,False,3,True
599310.5219,310439.7491,3,9.893508217086781,2.8082799561559773,test spatial,3,False,3,False,3,False,2,True,3,False,3,False
507212.482,447637.4334,4,9.064977909628997,4.049846009532533,entrainement spatial,4,False,4,False,4,False,4,False,4,False,4,False
598635.7454,316855.5723,4,9.887481925400344,2.866322131985773,test spatial,3,True,3,True,3,True,4,False,3,True,3,True
598757.5215,312100.7377,4,9.888544597274969,2.8233090696105827,test spatial,3,True,4,False,3,True,4,False,3,True,3,True
585953.7483,380487.862,3,9.773807758243985,3.4420361999744022,test spatial,4,True,2,True,3,False,2,True,4,True,4,True
509631.0141,446163.3932,4,9.086765253736543,4.036508540301969,entrainement spatial,4,False,4,False,4,False,4,False,4,False,4,False
601232.9646,327272.2033,4,9.91092435949384,2.960531787409577,test spatial,3,True,3,True,3,True,4,False,3,True,3,True
404510.7432,502538.072,3,8.139204235726663,4.546009510810591,entrainement spatial,3,False,3,False,3,False,3,False,3,False,3,False
519874.8837,443350.0704,1,9.179045904330254,4.0110417773493605,entrainement spatial,2,True,1,False,2,True,1,False,2,True,2,True
513677.2378,443029.7205,1,9.123213144047922,4.0081539653941585,entrainement spatial,1,False,1,False,1,False,2,True,1,False,1,False
492575.9971,471773.0409,3,8.933098066368968,4.268196580685067,entrainement spatial,3,False,3,False,3,False,3,False,3,False,3,False
584678.9344,381728.4808,3,9.762340736531174,3.4532683418590886,test spatial,4,True,3,False,3,False,3,False,4,True,4,True
407056.1004,502563.0526,3,8.162147627290043,4.546262533422195,entrainement spatial,3,False,3,False,3,False,3,False,3,False,3,False
518719.418,443104.8868,3,9.168636293049602,4.008825861532664,entrainement spatial,2,True,3,False,2,True,3,False,1,True,2,True
512823.664,443403.039,2,9.11552410048901,4.011532446753988,entrainement spatial,3,True,2,False,3,True,3,True,4,True,4,True
604885.2349,332382.4917,2,9.943825054566823,3.006730977130091,test spatial,1,True,2,False,2,False,2,False,3,True,3,True
499536.5083,463671.0194,1,8.995823603101101,4.194901965401537,entrainement spatial,1,False,1,False,1,False,1,False,1,False,1,False
499811.9692,451368.7508,1,8.998305942481272,4.08360531492801,entrainement spatial,1,False,1,False,1,False,1,False,1,False,1,False
592678.2011,286786.1228,1,9.833694922348712,2.5943500775086865,test spatial,2,True,2,True,3,True,2,True,3,True,3,True
456246.0885,495977.3522,3,8.605596950386966,4.487064096244576,entrainement spatial,2,True,3,False,2,True,2,True,2,True,2,True
607057.4558,344843.7482,2,9.96347101865734,3.119435441160556,test spatial,3,True,2,False,3,True,2,False,4,True,2,False
498427.0736,465808.4853,1,8.985826441369893,4.214239127907274,entrainement spatial,1,False,1,False,3,True,1,False,1,False,1,False
568111.9708,410610.2671,5,9.613373462538789,3.7146539661919027,test spatial,3,True,5,False,5,False,5,False,5,False,5,False
602640.06,330040.1813,3,9.923605547828819,2.985560075626648,test spatial,3,False,3,False,3,False,2,True,3,False,3,False
601616.4477,328654.7867,4,9.914385035560771,2.973035659050763,test spatial,3,True,2,True,2,True,2,True,3,True,3,True
567680.9335,411348.3193,4,9.609496545658871,3.721333389745472,test spatial,3,True,5,True,5,True,5,True,5,True,5,True
587976.8725,378353.5835,3,9.792004089001509,3.422714249633795,test spatial,4,True,2,True,4,True,2,True,4,True,4,True
515145.4929,443835.6059,2,9.136441293156484,4.015442580428535,entrainement spatial,2,False,2,False,2,False,2,False,2,False,2,False
486856.494,488909.5804,1,8.881532218054724,4.423220727087439,entrainement spatial,1,False,1,False,2,True,1,False,3,True,1,False
599934.1649,322516.4404,4,9.899203912296786,2.9175209651052474,test spatial,3,True,3,True,3,True,2,True,3,True,3,True
396443.6242,502434.1708,3,8.066490001154525,4.544979098779326,entrainement spatial,3,False,3,False,3,False,3,False,3,False,3,False
458382.5424,495955.957,2,8.624855017129478,4.486880697825146,entrainement spatial,2,False,2,False,2,False,2,False,2,False,2,False
497477.9583,453413.3944,2,8.977277224607748,4.102102578871205,entrainement spatial,2,False,2,False,1,True,2,False,1,True,2,False
591026.5499,276627.2492,3,9.818780311817244,2.5024605879010795,test spatial,2,True,3,False,3,False,4,True,3,False,3,False
589566.7702,257992.992,2,9.805551098945275,2.3338985825647085,test spatial,3,True,3,True,3,True,3,True,3,True,3,True
565213.2364,415450.269,4,9.587299348567761,3.7584566001117623,test spatial,5,True,5,True,5,True,5,True,5,True,5,True
599324.9849,309568.5654,4,9.893632350575288,2.8003991384799103,test spatial,3,True,5,True,4,False,4,False,4,False,4,False
391146.8001,502265.6628,4,8.018748401308036,4.54339142961787,entrainement spatial,3,True,4,False,3,True,4,False,3,True,4,False
569752.904,407605.667,4,9.628130933160255,3.687462768147088,test spatial,3,True,3,True,4,False,2,True,5,True,4,False
469139.8226,497298.5405,3,8.721816980976751,4.499069985198486,entrainement spatial,3,False,3,False,3,False,3,False,5,True,3,False
536249.1089,433784.8924,5,9.326520365783521,3.9244624686354994,entrainement spatial,5,False,5,False,5,False,5,False,5,False,5,False
505159.4749,448701.0758,4,9.04648273560819,4.059469905560128,entrainement spatial,4,False,4,False,4,False,4,False,4,False,4,False
574753.6368,389782.108,2,9.673042331944997,3.5261920085343066,test spatial,4,True,3,True,4,True,2,False,4,True,4,True
465666.2742,496127.5194,2,8.690510120231014,4.48846355697417,entrainement spatial,2,False,2,False,2,False,2,False,2,False,2,False
444457.1923,503082.0222,4,8.499288765652324,4.551270625211524,entrainement spatial,3,True,4,False,3,True,3,True,3,True,3,True
591359.1808,275485.4296,2,9.82176568892526,2.4921295733001205,test spatial,2,False,2,False,3,True,2,False,3,True,3,True
607679.9215,338731.4088,4,9.969022225890347,3.0641395986378344,test spatial,3,True,2,True,4,False,2,True,4,False,2,True
598529.9236,366379.3192,3,9.886901707194518,3.3143126346187,test spatial,4,True,2,True,4,True,2,True,4,True,4,True
420145.9335,501742.4438,3,8.280147834843172,4.538966879579489,entrainement spatial,3,False,3,False,3,False,3,False,3,False,3,False
597417.1634,367874.5674,3,9.876898097915882,3.327847521414253,test spatial,3,False,2,True,3,False,4,True,4,True,4,True
592047.5272,269030.1652,3,9.827920799826021,2.433730094313296,test spatial,3,False,3,False,3,False,4,True,3,False,3,False
591039.3434,276505.711,3,9.818894698884336,2.5013610555570747,test spatial,2,True,3,False,3,False,4,True,3,False,3,False
540127.4045,431273.5641,5,9.361444626085001,3.901728794358445,entrainement spatial,5,False,5,False,5,False,5,False,5,False,5,False
451637.6499,496115.8175,3,8.564055957651474,4.488293087357697,entrainement spatial,3,False,3,False,3,False,3,False,5,True,3,False
487462.1202,484509.9566,3,8.886996971590516,4.383419238034144,entrainement spatial,3,False,3,False,3,False,3,False,3,False,3,False
602428.9741,356306.8812,3,9.921912217577978,3.223166788668727,test spatial,3,False,3,False,3,False,3,False,4,True,3,False
591419.0484,277668.797,3,9.822316458641476,2.5118804191724275,test spatial,2,True,4,True,3,False,4,True,4,True,3,False
605907.4511,333023.0943,4,9.953027797928785,3.0125177128922465,test spatial,3,True,2,True,4,False,2,True,4,False,3,True
547490.2482,429977.8101,5,9.42775782595311,3.889975357701282,test spatial,5,False,5,False,5,False,5,False,5,False,5,False
461192.4326,495985.74,4,8.65018326131931,4.487162713503855,entrainement spatial,3,True,4,False,2,True,3,True,2,True,3,True
591827.6369,273378.6848,3,9.82596727284527,2.473068895312324,test spatial,2,True,3,False,3,False,4,True,3,False,3,False
525660.4819,438081.9649,2,9.23115277614028,3.9633691724859292,entrainement spatial,4,True,2,False,3,True,2,False,4,True,4,True
522877.7917,441662.2807,1,9.206094127899934,3.9957662744164058,entrainement spatial,1,False,1,False,1,False,1,False,1,False,1,False
595878.2128,369570.5707,3,9.863059720312737,3.3432017927264943,test spatial,4,True,3,False,4,True,4,True,4,True,4,True
453297.3918,495894.1978,3,8.579017941700886,4.486296989031379,entrainement spatial,3,False,3,False,2,True,2,True,2,True,3,False
591706.7905,263358.7094,2,9.824825404626793,2.3824268048763675,test spatial,3,True,1,True,2,False,2,False,2,False,3,True
453584.448,495885.3984,2,8.58160549405216,4.486218873054937,entrainement spatial,2,False,2,False,2,False,2,False,2,False,2,False
597044.9461,302097.6746,3,9.873070899452005,2.7328326647332064,test spatial,2,True,3,False,3,False,2,True,4,True,3,False
599976.4622,362096.4663,2,9.899886623823756,3.275558620300214,test spatial,2,False,1,True,1,True,4,True,1,True,1,True
570937.9823,426475.4129,5,9.638926906355028,3.858157548663661,test spatial,4,True,3,True,4,True,4,True,5,False,4,True
524351.7782,438167.2553,4,9.219364075457941,3.9641439960822002,entrainement spatial,4,False,4,False,3,True,2,True,4,False,4,False
591738.5291,278789.7446,3,9.825196372144825,2.522018907330167,test spatial,2,True,3,False,3,False,2,True,4,True,3,False
487479.7398,484487.5317,3,8.887155806021006,4.383216389237181,entrainement spatial,3,False,3,False,3,False,3,False,3,False,3,False
606585.032,345741.8146,3,9.959227182573004,3.1275630433871378,test spatial,3,False,3,False,3,False,4,True,4,True,3,False
492408.2856,472141.5851,2,8.931586427642724,4.271530594333851,entrainement spatial,3,True,2,False,3,True,3,True,3,True,3,True
486794.8592,487537.9761,3,8.880978657126445,4.4108120696371795,entrainement spatial,3,False,3,False,3,False,3,False,3,False,3,False
548475.5434,430453.44,5,9.436634696982507,3.8942736442212698,test spatial,5,False,5,False,5,False,5,False,5,False,5,False
605451.3122,332486.6613,4,9.948919329124307,3.0076688391619144,test spatial,3,True,2,True,4,False,2,True,4,False,2,True
486792.3302,489702.53,2,8.88095273817007,4.430394253310533,entrainement spatial,2,False,2,False,2,False,3,True,3,True,2,False
598568.6101,316424.7875,4,9.8868749214702,2.8624257247895586,test spatial,3,True,3,True,3,True,4,False,3,True,3,True
607308.531,340331.022,4,9.96569336593702,3.0786123468235367,test spatial,3,True,3,True,3,True,3,True,3,True,3,True
453513.7011,495881.6749,2,8.580967805007838,4.486184822507476,entrainement spatial,2,False,2,False,2,False,2,False,2,False,2,False
491265.2803,476827.0883,3,8.921281773082692,4.31391839747776,entrainement spatial,3,False,3,False,3,False,3,False,3,False,3,False
523506.0031,442185.9607,4,9.211754547641396,4.0005024637073525,entrainement spatial,3,True,4,False,2,True,4,False,4,False,4,False
407349.4453,502576.6965,4,8.164791683014585,4.5463890241547675,entrainement spatial,3,True,4,False,3,True,4,False,3,True,4,False
508265.2503,447043.4455,5,9.07446189958299,4.044471469533929,entrainement spatial,4,True,5,False,4,True,4,True,4,True,4,True
596458.4138,301257.7477,3,9.867789084252214,2.7252384764557727,test spatial,2,True,2,True,3,False,2,True,4,True,2,True
584151.0547,382203.801,2,9.757592074354577,3.457571992944156,test spatial,4,True,3,True,3,True,2,False,4,True,4,True
517788.7581,443055.4765,2,9.160252258888432,4.008380544117186,entrainement spatial,2,False,2,False,2,False,2,False,2,False,2,False
590164.0181,375929.6567,3,9.811673964723468,3.40077068654836,test spatial,4,True,4,True,4,True,4,True,4,True,4,True
500326.0589,450759.7504,1,9.002937597280336,4.078095773874024,entrainement spatial,2,True,1,False,1,False,1,False,4,True,1,False
597264.3662,368003.2386,3,9.875523833628389,3.329012701021891,test spatial,3,False,2,True,3,False,4,True,4,True,4,True
600917.6594,359339.161,3,9.908335216174967,3.250608704566654,test spatial,5,True,3,False,4,True,4,True,4,True,4,True
396626.5977,502440.4803,2,8.068139196875409,4.545038306754297,entrainement spatial,3,True,2,False,3,True,3,True,3,True,3,True
598169.1301,366832.4087,3,9.883657980186584,3.318414164577186,test spatial,4,True,2,True,4,True,2,True,4,True,4,True
511606.4211,443845.9053,3,9.104558888822305,4.015540472867122,entrainement spatial,3,False,3,False,2,True,4,True,1,True,3,False
500175.8577,450914.095,1,9.001584376298874,4.079492110759999,entrainement spatial,1,False,1,False,1,False,1,False,4,True,1,False
512921.0213,443543.7732,2,9.11640133884804,4.012805523263764,entrainement spatial,3,True,2,False,3,True,4,True,2,False,3,True
523264.6075,438547.3496,1,9.209571607746089,3.9675851852736295,entrainement spatial,1,False,1,False,2,True,1,False,2,True,1,False
561150.4395,421370.3446,5,9.550745498351054,3.8120364735276566,test spatial,5,False,5,False,5,False,5,False,5,False,5,False
600821.6847,326392.0643,2,9.907217385288904,2.9525731603619465,test spatial,2,False,1,True,2,False,4,True,2,False,2,False
405389.2642,502542.968,3,8.14712308826346,4.546063218838513,entrainement spatial,3,False,3,False,3,False,3,False,3,False,3,False
598921.0267,317457.8078,3,9.89005276876828,2.871767944668146,test spatial,3,False,3,False,3,False,2,True,3,False,3,False
499591.6185,461410.4436,1,8.99632028149514,4.174450923110356,entrainement spatial,1,False,1,False,1,False,1,False,1,False,1,False
509184.1991,446466.5335,4,9.082740203628015,4.039251427158486,entrainement spatial,4,False,4,False,4,False,4,False,4,False,4,False
402299.5134,502561.8949,3,8.119272233364304,4.546200909262522,entrainement spatial,3,False,3,False,3,False,3,False,3,False,3,False
591684.0474,263537.8113,2,9.824621827905684,2.38404712198136,test spatial,3,True,1,True,2,False,3,True,2,False,3,True
571601.9447,403829.4615,4,9.644756506611571,3.653289885326867,test spatial,2,True,1,True,4,False,4,False,4,False,2,True
419747.7725,501740.3259,3,8.276558786005259,4.538944130791319,entrainement spatial,3,False,3,False,3,False,3,False,3,False,3,False
591205.9125,277571.2987,2,9.820398878335592,2.5109996409403603,test spatial,2,False,4,True,3,True,4,True,4,True,3,True
458895.2594,495991.281,2,8.629476485726194,4.487202619998612,entrainement spatial,2,False,2,False,2,False,3,True,2,False,2,False
600813.4591,326115.1359,4,9.907141344311029,2.9500681457542446,test spatial,3,True,3,True,3,True,2,True,3,True,3,True
497412.1875,467258.5638,4,8.976680964092566,4.227357507513285,entrainement spatial,3,True,4,False,3,True,4,False,4,False,3,True
570743.4678,393289.9271,2,9.636960122008224,3.5579506660201914,test spatial,5,True,3,True,4,True,3,True,4,True,5,True
593615.5372,291141.1451,2,9.842152464359327,2.6337406096448377,test spatial,2,False,1,True,2,False,2,False,2,False,3,True
499007.4323,459991.755,1,8.991056621087386,4.161616240943663,entrainement spatial,1,False,1,False,1,False,1,False,1,False,2,True
580446.3003,385619.0717,4,9.724264426366162,3.4884935334248195,test spatial,4,False,3,True,3,True,4,False,4,False,4,False
572796.4347,391206.2423,1,9.655430541206544,3.539087883590005,test spatial,2,True,1,False,1,False,4,True,4,True,1,False
487011.0334,488763.6265,2,8.882925350025662,4.42190053962134,entrainement spatial,2,False,2,False,2,False,2,False,3,True,2,False
606235.8441,346428.9263,3,9.956090546751154,3.133781381762625,test spatial,3,False,3,False,3,False,2,True,4,True,2,True
490565.6601,474753.7792,3,8.914978806710714,4.295160921287833,entrainement spatial,3,False,3,False,3,False,2,True,2,True,3,False
570736.1707,393257.09,2,9.636894219158894,3.5576536539817556,test spatial,4,True,3,True,4,True,4,True,4,True,5,True
597990.0394,306838.9651,3,9.881604354941016,2.7757162588931625,test spatial,3,False,3,False,3,False,4,True,3,False,3,False
497598.0659,467146.638,4,8.978355960846597,4.22634498364061,entrainement spatial,3,True,4,False,3,True,4,False,4,False,4,False
390030.7978,502168.6475,3,8.008690465808229,4.542500123030181,entrainement spatial,3,False,3,False,3,False,1,True,3,False,3,False
520823.8151,443297.3864,2,9.187594357889928,4.010563233341835,entrainement spatial,2,False,2,False,4,True,1,True,4,True,3,True
498582.4446,457469.1014,1,8.9872277014035,4.138794150529791,entrainement spatial,1,False,1,False,2,True,1,False,2,True,1,False
600218.7759,321420.0413,3,9.901756728990376,2.9076009327398116,test spatial,3,False,3,False,3,False,2,True,3,False,3,False
525413.684,438049.3004,2,9.228929521076928,3.963074282667147,entrainement spatial,2,False,2,False,2,False,1,True,2,False,2,False
462796.8397,495772.6337,2,8.664646315703015,4.485241615451628,entrainement spatial,2,False,2,False,2,False,2,False,2,False,2,False
498685.2502,459266.8455,1,8.988153746689791,4.1550580653460685,entrainement spatial,1,False,1,False,1,False,1,False,1,False,1,False
402722.6756,502558.6625,2,8.123086591154074,4.546176324061878,entrainement spatial,3,True,2,False,3,True,3,True,3,True,3,True
600251.118,321135.4303,3,9.902045670890262,2.9050261218320923,test spatial,3,False,3,False,3,False,2,True,3,False,3,False
585875.6477,380573.2846,3,9.77310531548943,3.442809518882106,test spatial,4,True,3,False,3,False,4,True,4,True,4,True
591164.08,276144.2947,3,9.820014592377847,2.498090904112756,test spatial,2,True,3,False,3,False,4,True,3,False,3,False
606480.2165,334254.3158,4,9.958191205209777,3.023650540118045,test spatial,3,True,2,True,3,True,2,True,4,False,2,True
395987.0033,502432.6251,2,8.062374176873451,4.544959772266161,entrainement spatial,3,True,2,False,3,True,3,True,3,True,3,True
516228.0885,443813.2536,2,9.1461940219881,4.015238671196206,entrainement spatial,1,True,2,False,1,True,2,False,1,True,1,True
451754.5668,496663.6179,2,8.565106905462068,4.49324938962652,entrainement spatial,1,True,2,False,1,True,1,True,1,True,2,False
533033.1943,437491.8688,4,9.297564632570372,3.958009445025628,entrainement spatial,4,False,4,False,4,False,4,False,4,False,4,False
499079.0283,460088.4096,1,8.991701716696987,4.162490666239582,entrainement spatial,1,False,1,False,2,True,1,False,2,True,1,False
604380.9652,350931.4728,3,9.939435277205858,3.1745257561952633,test spatial,3,False,3,False,3,False,4,True,4,True,2,True
591172.4199,267798.4048,3,9.820043480314856,2.4225921562502353,test spatial,3,False,2,True,3,False,3,False,3,False,3,False
512352.9723,443559.0973,2,9.111283992927419,4.012944872679035,entrainement spatial,2,False,2,False,2,False,1,True,1,True,2,False
563377.8815,418332.3361,5,9.570788022558686,3.7845401294341268,test spatial,5,False,3,True,5,False,2,True,5,False,5,False
539472.8401,431656.2325,5,9.355550218975646,3.905193208420813,entrainement spatial,4,True,5,False,4,True,5,False,5,False,5,False
518719.8637,443077.1992,4,9.168640256861174,4.008575375685484,entrainement spatial,2,True,4,False,2,True,1,True,2,True,4,False
598987.5106,309161.3138,3,9.890593542182762,2.7967174642733688,test spatial,3,False,3,False,3,False,3,False,3,False,3,False
536291.9824,433756.3101,5,9.326906451773011,3.9242037406278105,entrainement spatial,5,False,5,False,5,False,5,False,5,False,5,False
601626.6546,357864.5225,2,9.914704172691584,3.2372635418341766,test spatial,3,True,2,False,2,False,2,False,3,True,4,True
523544.1947,440368.853,1,9.212094377455005,3.9840633447431912,entrainement spatial,1,False,1,False,1,False,1,False,1,False,1,False
594206.5575,294139.7681,4,9.847487240544895,2.6608629012090153,test spatial,2,True,3,True,3,True,4,False,4,False,3,True
490569.0803,474545.1488,3,8.915009837969999,4.293273488409418,entrainement spatial,3,False,3,False,3,False,3,False,3,False,3,False
550467.5279,431354.4343,5,9.454581141700022,3.902415066980264,test spatial,5,False,5,False,5,False,4,True,5,False,5,False
568144.2767,426990.1747,5,9.613768790045626,3.8628328698012724,test spatial,5,False,5,False,5,False,5,False,5,False,5,False
592572.6816,286064.4378,2,9.832741514288662,2.587822223531083,test spatial,2,False,1,True,3,True,4,True,3,True,3,True
497846.8476,452773.5969,3,8.980600936589129,4.096314515285719,entrainement spatial,3,False,3,False,2,True,4,True,1,True,4,True
591643.5487,265076.9013,2,9.824265909212166,2.3979702774151455,test spatial,3,True,3,True,3,True,3,True,3,True,3,True
498474.5406,466083.1569,3,8.986254120400993,4.216724040819358,entrainement spatial,3,False,3,False,3,False,5,True,4,True,3,False
487190.2677,485357.1901,2,8.88454561038896,4.391083584452358,entrainement spatial,3,True,2,False,3,True,2,False,3,True,2,False
593247.0848,288363.3018,3,9.838821425812174,2.608614076000509,test spatial,2,True,2,True,3,False,2,True,3,False,3,False
560557.1815,421874.2415,5,9.545405415575988,3.8165983896007982,test spatial,4,True,4,True,2,True,3,True,5,False,5,False
561294.4101,421176.729,4,9.552040998318272,3.8102840986785242,test spatial,4,False,4,False,5,True,3,True,5,True,5,True
608280.8684,342125.3824,4,9.97445758713925,3.094835653646261,test spatial,3,True,5,True,3,True,4,False,4,False,3,True
604449.6434,350753.4183,2,9.940051873722775,3.172914544800051,test spatial,3,True,3,True,3,True,4,True,3,True,3,True
499705.1066,451509.2824,2,8.997343163100703,4.0848766810181045,entrainement spatial,2,False,2,False,2,False,2,False,4,True,2,False
600082.9388,321995.7317,4,9.900538717984425,2.9128095823580384,test spatial,3,True,3,True,3,True,2,True,3,True,3,True
468092.4738,500188.8392,1,8.71236564982833,4.525213797554227,entrainement spatial,1,False,1,False,1,False,1,False,1,False,1,False
514846.816,443709.1392,1,9.133750419550736,4.0142989021254545,entrainement spatial,1,False,1,False,1,False,1,False,1,False,1,False
499208.8544,452055.3063,2,8.992872144030034,4.089816451163841,entrainement spatial,2,False,2,False,3,True,2,False,4,True,2,False
598856.991,308950.3071,4,9.889417911326518,2.7948095925550906,test spatial,3,True,2,True,3,True,3,True,3,True,3,True
516057.7242,443817.7856,3,9.144659271221306,4.015279945396148,entrainement spatial,2,True,3,False,2,True,3,False,4,True,3,False
499508.3476,462910.6818,1,8.995569893456612,4.188023320247863,entrainement spatial,1,False,1,False,1,False,1,False,1,False,1,False
444613.952,501483.9691,2,8.50071184370085,4.536814983377706,entrainement spatial,2,False,2,False,2,False,2,False,2,False,2,False
520373.5905,443442.1394,2,9.183538750691971,4.011873710666787,entrainement spatial,1,True,2,False,2,False,2,False,1,True,2,False
597357.7788,302362.8573,3,9.875886837117095,2.7352294593054367,test spatial,3,False,3,False,3,False,3,False,3,False,3,False
473601.7069,502120.2737,2,8.762023278431375,4.542704879773409,entrainement spatial,2,False,2,False,3,True,2,False,3,True,2,False
589876.2765,376249.0499,4,9.8090862428095,3.4036621288343865,test spatial,4,False,3,True,4,False,4,False,4,False,4,False
608007.9052,342731.5734,2,9.972006334591605,3.1003213631020214,test spatial,3,True,2,False,3,True,2,False,3,True,2,False
487983.2812,483512.5362,3,8.891695450668685,4.37439650321402,entrainement spatial,3,False,3,False,3,False,3,False,3,False,3,False
551836.3702,431997.0975,5,9.466913790459945,3.9082222000025695,test spatial,5,False,5,False,5,False,4,True,5,False,5,False
606756.8099,345417.971,3,9.960770310922818,3.1246322103139104,test spatial,3,False,2,True,3,False,2,True,3,False,2,True
514014.2256,442868.6821,2,9.126248713386769,4.006696611578615,entrainement spatial,2,False,2,False,1,True,2,False,1,True,2,False
524155.8766,437518.8102,2,9.217597843760531,3.958278100774715,entrainement spatial,1,True,2,False,1,True,2,False,1,True,1,True
459304.9304,495928.2851,2,8.633169546826085,4.486634588883201,entrainement spatial,2,False,2,False,2,False,2,False,2,False,2,False
595926.9157,369450.2458,3,9.863497140255266,3.3421129500873175,test spatial,4,True,4,True,4,True,3,False,4,True,4,True
608344.4403,341775.732,3,9.975026747775173,3.0916722821528078,test spatial,3,False,5,True,3,False,4,True,4,True,2,True
491368.4679,477204.2569,4,8.922211362905056,4.317330658825518,entrainement spatial,3,True,4,False,3,True,2,True,3,True,3,True
514664.1215,443533.6944,1,9.132104328645934,4.012711948752489,entrainement spatial,3,True,1,False,3,True,4,True,4,True,3,True
487502.1648,484431.4693,3,8.887357996566672,4.382709236360598,entrainement spatial,3,False,3,False,3,False,3,False,3,False,3,False
498529.2511,454808.3942,2,8.98674882230357,4.1147231424061825,entrainement spatial,2,False,2,False,1,True,1,True,1,True,1,True
594455.9156,371235.056,3,9.85027068661051,3.3582699467190666,test spatial,4,True,3,False,4,True,4,True,4,True,4,True
574624.1683,389874.2146,2,9.671877318045556,3.527026081994813,test spatial,4,True,3,True,4,True,2,False,4,True,4,True
595680.5362,369785.4365,3,9.86128214122486,3.345147032810982,test spatial,4,True,3,False,4,True,4,True,4,True,4,True
469728.7132,497734.435,3,8.727123910204186,4.503015380239237,entrainement spatial,3,False,3,False,3,False,3,False,3,False,3,False
492493.4037,471991.1721,3,8.932353597613055,4.270169905579396,entrainement spatial,3,False,3,False,3,False,3,False,3,False,3,False
591569.2542,265920.1443,2,9.823602300344893,2.4055988377726556,test spatial,3,True,2,False,3,True,2,False,3,True,3,True
498698.1708,455031.9644,2,8.988270728183975,4.116745771375329,entrainement spatial,2,False,2,False,1,True,2,False,1,True,2,False
498444.5683,465554.8123,3,8.98598412628557,4.211944196014568,entrainement spatial,3,False,3,False,3,False,5,True,4,True,3,False
560380.9417,422030.6234,4,9.54381905833661,3.818014107361811,test spatial,4,False,4,False,2,True,3,True,5,True,5,True
487172.5345,485499.5187,2,8.88438558268348,4.3923711727174455,entrainement spatial,2,False,2,False,3,True,3,True,3,True,2,False
598783.0202,312039.4665,3,9.888773575331676,2.8227546342526857,test spatial,3,False,4,True,3,False,4,True,3,False,3,False
474333.8788,501267.2578,2,8.768626120739189,4.534990074741919,entrainement spatial,2,False,2,False,2,False,2,False,2,False,2,False
518599.2645,442994.2872,2,9.167553674197517,4.0078255086091,entrainement spatial,1,True,2,False,2,False,1,True,1,True,3,True
524586.1851,437951.3072,2,9.22147511387349,3.9621897902920007,entrainement spatial,2,False,2,False,1,True,2,False,1,True,2,False
544102.9976,429920.6723,5,9.397248192447028,3.8894734176487487,entrainement spatial,4,True,5,False,5,False,5,False,5,False,4,True
571315.4461,404665.0824,5,9.642182151548793,3.6608510776242147,test spatial,3,True,5,False,4,True,2,True,4,True,5,False
511524.6373,444179.2164,3,9.10382250421696,4.018555983580185,entrainement spatial,2,True,3,False,2,True,2,True,1,True,3,False
573436.0191,390785.1075,1,9.661186151477397,3.5352740421096165,test spatial,1,False,1,False,1,False,2,True,1,False,2,True
607100.3468,335780.6532,4,9.963783301518278,3.037452475860103,test spatial,3,True,2,True,3,True,2,True,3,True,2,True
607207.8575,337802.7224,4,9.964766969709082,3.055742773266592,test spatial,3,True,4,False,4,False,4,False,4,False,3,True
606533.9397,334602.1034,2,9.95867736614779,3.0267961234057412,test spatial,1,True,1,True,2,False,4,True,2,False,2,False
520992.3937,443276.8281,3,9.189112974343836,4.010376895453653,entrainement spatial,3,False,3,False,4,True,2,True,5,True,3,False
487395.8558,484664.8761,3,8.886399524382027,4.38482066772745,entrainement spatial,3,False,3,False,3,False,2,True,3,False,3,False
496060.5555,468869.3079,4,8.964500610918229,4.24192915130619,entrainement spatial,3,True,4,False,4,False,4,False,4,False,4,False
468989.7132,497209.0522,3,8.720464168760698,4.4982598977314785,entrainement spatial,3,False,3,False,3,False,3,False,5,True,3,False
599223.879,310792.9451,2,9.892731171824748,2.8114755622115597,test spatial,3,True,5,True,3,True,2,False,3,True,3,True
445492.5616,498755.567,1,8.508648679104377,4.5121381652106045,entrainement spatial,1,False,1,False,1,False,1,False,1,False,1,False
423513.9199,508597.7532,3,8.310448096391001,4.60101019458885,entrainement spatial,2,True,3,False,2,True,2,True,2,True,2,True
457930.831,495965.8031,2,8.620783247848722,4.486967666609046,entrainement spatial,2,False,2,False,2,False,2,False,2,False,2,False
524716.8428,437987.601,2,9.222652174909914,3.9625178168874715,entrainement spatial,1,True,2,False,2,False,2,False,2,False,1,True
594092.9216,371615.1994,3,9.84700630289524,3.36171157563733,test spatial,4,True,2,True,4,True,2,True,4,True,4,True
397240.7155,502455.2023,3,8.073674509249834,4.545178614125905,entrainement spatial,3,False,3,False,3,False,3,False,3,False,3,False
561629.514,420809.3558,4,9.555056848430128,3.806958715996398,test spatial,4,False,1,True,5,True,2,True,5,True,4,False
598283.5825,314010.9641,5,9.884293904891232,2.8405922587048167,test spatial,3,True,4,True,3,True,4,True,3,True,4,True
539953.6932,431371.7488,5,9.359880333293557,3.9026177163243725,entrainement spatial,5,False,5,False,5,False,5,False,5,False,5,False
572351.1665,401740.0222,4,9.65148916114286,3.6343831839252507,test spatial,5,True,3,True,4,False,2,True,5,True,5,True
600124.6836,361746.4114,2,9.901217820949258,3.2723908576800693,test spatial,3,True,2,False,4,True,2,False,4,True,4,True
591606.4015,264727.717,2,9.823929932454222,2.3948116840512212,test spatial,3,True,3,True,3,True,3,True,3,True,3,True
487278.1272,485009.276,3,8.885337969151495,4.387936210154887,entrainement spatial,3,False,3,False,3,False,3,False,3,False,3,False
546985.4845,429823.8986,5,9.423210668931995,3.888585275218864,test spatial,5,False,5,False,5,False,5,False,5,False,5,False
499681.6847,451520.9934,2,8.99713214352868,4.084982627982118,entrainement spatial,2,False,2,False,2,False,1,True,3,True,2,False
487214.87,485246.4902,2,8.88476750475781,4.390082143015774,entrainement spatial,3,True,2,False,3,True,2,False,3,True,2,False
514658.3217,443163.9555,1,9.132051543238797,4.009366986696745,entrainement spatial,1,False,1,False,2,True,1,False,1,False,2,True
408709.0847,502517.7358,3,8.177048042523802,4.545869785196059,entrainement spatial,3,False,3,False,3,False,3,False,3,False,3,False
551467.6943,431834.5891,5,9.463592225196786,3.906753898512804,test spatial,5,False,5,False,5,False,4,True,5,False,5,False
541777.153,430591.0285,5,9.376301656455759,3.895547563034357,entrainement spatial,5,False,5,False,5,False,5,False,5,False,5,False
498483.3194,455959.2926,1,8.98633480844306,4.125135134276611,entrainement spatial,1,False,1,False,1,False,1,False,1,False,1,False
498121.2932,454006.035,2,8.983073349691159,4.107464252240636,entrainement spatial,2,False,2,False,1,True,2,False,1,True,2,False
595889.8637,299104.6534,4,9.862660691528802,2.7057651117525463,test spatial,2,True,3,True,3,True,2,True,4,False,3,True
597576.4966,304016.12,3,9.877865298396884,2.75018348922245,test spatial,3,False,3,False,3,False,2,True,3,False,3,False
599339.9195,310452.9957,2,9.893772780126845,2.808399581504002,test spatial,3,True,3,True,3,True,2,False,3,True,3,True
497437.076,467231.7607,3,8.976905244006133,4.227115031432728,entrainement spatial,3,False,3,False,3,False,3,False,4,True,3,False
572474.3534,401249.3099,3,9.652595166073175,3.629943220669607,test spatial,2,True,1,True,4,True,4,True,4,True,4,True
490872.1557,480462.1467,3,8.917735343071508,4.346803618373766,entrainement spatial,3,False,3,False,3,False,2,True,3,False,3,False
600121.0168,363194.0882,2,9.901196541786346,3.285486412447518,test spatial,5,True,3,True,4,True,3,True,4,True,4,True
504760.6425,448852.1798,2,9.042889648047113,4.0608371208595395,entrainement spatial,4,True,2,False,4,True,2,False,4,True,4,True
595224.777,370369.0151,3,9.857184458450474,3.35042968380799,test spatial,4,True,2,True,4,True,2,True,4,True,4,True
494727.9801,469720.4187,4,8.952491948838167,4.249628345281026,entrainement spatial,3,True,4,False,3,True,4,False,3,True,3,True
606807.8863,335118.6287,2,9.961146443405422,3.031466304490087,test spatial,3,True,3,True,3,True,3,True,4,True,3,True
500960.4293,450563.3915,1,9.008652879268977,4.0763193022284545,entrainement spatial,1,False,1,False,1,False,1,False,4,True,1,False
497905.2389,453894.9904,2,8.981126781384372,4.106459604970955,entrainement spatial,2,False,2,False,1,True,2,False,1,True,2,False
598783.0299,308643.5861,3,9.888750449884213,2.7920354999666843,test spatial,3,False,3,False,4,True,2,True,3,False,3,False
603614.8914,353035.3737,3,9.93255829987763,3.1935635495621053,test spatial,3,False,3,False,3,False,4,True,4,True,3,False
596541.6578,301392.7381,3,9.868538807383148,2.7264590654019676,test spatial,2,True,3,False,3,False,1,True,4,True,2,True
490560.0049,473980.4964,2,8.91492861703667,4.288165184709151,entrainement spatial,3,True,2,False,3,True,2,False,2,False,2,False
518013.8557,443030.2995,4,9.16228002850104,4.008152371330974,entrainement spatial,2,True,4,False,2,True,1,True,2,True,4,False
598504.7519,366418.4751,3,9.886675461697154,3.3146670394999007,test spatial,3,False,2,True,4,True,2,True,4,True,4,True
420096.1495,502817.3363,2,8.279689425565207,4.548689934863201,entrainement spatial,2,False,2,False,1,True,1,True,2,False,2,False
500092.9881,451027.0048,1,9.000837770127996,4.080513590340488,entrainement spatial,1,False,1,False,1,False,1,False,1,False,1,False
423813.8255,507343.1019,3,8.313162594573377,4.589663137410861,entrainement spatial,3,False,3,False,3,False,3,False,3,False,3,False
515023.2963,443713.8885,1,9.135340280640195,4.014341605831906,entrainement spatial,1,False,1,False,2,True,1,False,1,False,2,True
533354.7108,436818.8301,4,9.300458649386275,3.9519195801391755,entrainement spatial,4,False,4,False,4,False,4,False,4,False,4,False
571925.6025,391808.6102,2,9.647594036033176,3.5445426656099097,test spatial,4,True,5,True,4,True,2,False,5,True,4,True
591311.5283,268325.2709,3,9.821297468139838,2.4273575385093094,test spatial,3,False,3,False,3,False,3,False,3,False,3,False
607073.7595,336320.3759,3,9.963548399877576,3.0423348978149267,test spatial,3,False,2,True,3,False,2,True,3,False,3,False
388707.7747,501937.5196,1,7.996768284220378,4.540392992169343,entrainement spatial,2,True,1,False,3,True,1,False,3,True,3,True
606605.8226,335004.3032,4,9.959327366588811,3.0304337609805923,test spatial,3,True,3,True,3,True,3,True,4,False,3,True
498560.0332,465283.6446,1,8.987024612103752,4.209491007715845,entrainement spatial,3,True,1,False,3,True,2,True,4,True,4,True
585188.5326,381285.1532,3,9.766925014405704,3.4492542197420595,test spatial,4,True,3,False,3,False,4,True,4,True,4,True
540862.5308,430908.5185,4,9.368064693843186,3.89842345337113,entrainement spatial,4,False,4,False,4,False,4,False,5,True,4,False
595067.5749,370586.2399,3,9.85577118674088,3.3523959390289573,test spatial,4,True,3,False,4,True,4,True,4,True,4,True
575894.0722,388922.5568,3,9.683304052534735,3.5184087197308385,test spatial,4,True,4,True,4,True,4,True,4,True,4,True
570702.6445,405868.1088,5,9.63667191672477,3.671738061944148,test spatial,3,True,5,False,4,True,4,True,5,False,4,True
395785.8951,502427.8932,2,8.060561505541834,4.544914608310383,entrainement spatial,3,True,2,False,3,True,3,True,3,True,3,True
496170.8342,468795.2851,3,8.965494391396817,4.241259525806353,entrainement spatial,3,False,3,False,3,False,4,True,4,True,4,True
596262.6778,301084.5101,2,9.866027159070926,2.723672631231066,test spatial,2,False,3,True,3,True,3,True,4,True,3,True
598148.9813,366928.2973,3,9.883477398129866,3.3192817285178977,test spatial,3,False,2,True,3,False,2,True,4,True,4,True
601394.2911,327907.2951,4,9.91238060425228,2.9662755752167618,test spatial,3,True,3,True,3,True,2,True,3,True,3,True
535611.7228,434333.6732,5,9.320780952455285,3.929429377831582,entrainement spatial,5,False,5,False,5,False,5,False,5,False,5,False
591855.6765,259851.4779,3,9.826145633851697,2.350698838539185,test spatial,3,False,3,False,3,False,2,True,3,False,3,False
525818.36,437670.0301,1,9.232573912979856,3.959642079147351,entrainement spatial,1,False,1,False,1,False,1,False,1,False,1,False
568758.3523,409473.1145,4,9.619186978826146,3.704362752054457,test spatial,2,True,5,True,5,True,5,True,5,True,5,True
518466.9403,443102.324,3,9.166361816926898,4.0088031431347355,entrainement spatial,1,True,3,False,1,True,1,True,1,True,3,False
590958.7567,277113.2831,3,9.818173284616991,2.5068577359452044,test spatial,2,True,3,False,3,False,2,True,3,False,3,False
509717.5717,446101.5493,3,9.08754498565994,4.035948963782745,entrainement spatial,4,True,3,False,4,True,4,True,4,True,3,False
392059.6155,502280.1519,4,8.026975948634957,4.543533645303167,entrainement spatial,3,True,4,False,3,True,4,False,3,True,4,False
490296.3611,481381.1733,3,8.912545041574775,4.3551172652735675,entrainement spatial,3,False,3,False,3,False,2,True,3,False,3,False
591582.7872,280296.3347,4,9.82380415435245,2.5356487079839836,test spatial,2,True,4,False,3,True,4,False,4,False,3,True
571506.4452,404160.2992,5,9.643898729733312,3.6562833844606404,test spatial,3,True,1,True,4,True,4,True,5,False,4,True
451815.0341,496817.5346,2,8.565651133986087,4.494642121250412,entrainement spatial,3,True,2,False,3,True,2,False,3,True,3,True
537268.793,432991.8332,5,9.335702386790649,3.917284225458835,entrainement spatial,5,False,5,False,5,False,5,False,5,False,5,False
486979.7055,488529.671,1,8.882643312710153,4.419783956873008,entrainement spatial,2,True,1,False,2,True,1,False,2,True,2,True
494479.6151,469865.8345,3,8.950253759498981,4.250943753266835,entrainement spatial,3,False,3,False,3,False,3,False,3,False,4,True
497627.6272,453642.7258,2,8.978625637497277,4.1041773424494234,entrainement spatial,2,False,2,False,1,True,2,False,1,True,2,False
605729.779,332689.9591,4,9.951426516302343,3.0095056399376965,test spatial,3,True,4,False,4,False,4,False,4,False,2,True
414175.17,501989.896,2,8.226324626906633,4.541149599122147,entrainement spatial,2,False,2,False,3,True,3,True,3,True,3,True
578899.9074,386782.3367,3,9.710350768806418,3.4990274072424263,test spatial,4,True,3,False,3,False,4,True,4,True,4,True
593391.893,289138.7265,4,9.840128642109338,2.6156278073870887,test spatial,2,True,1,True,3,True,4,False,3,True,3,True
592647.5558,286692.8463,1,9.833418717099491,2.59350646555317,test spatial,2,True,3,True,3,True,4,True,3,True,3,True
493420.3265,470394.0394,4,8.940707753989598,4.255721646231864,entrainement spatial,4,False,4,False,3,True,5,True,3,True,4,False
595798.1892,299593.584,3,9.861839142525401,2.7101886065452194,test spatial,2,True,3,False,3,False,4,True,4,True,3,False
495159.08,469447.6033,2,8.95637688162261,4.247160465349978,entrainement spatial,3,True,2,False,2,False,1,True,2,False,3,True
543102.3209,430161.6119,5,9.388235952843166,3.8916573319375884,entrainement spatial,5,False,5,False,5,False,5,False,5,False,5,False
591658.4076,264593.9868,2,9.824396932269195,2.393601649470515,test spatial,3,True,3,True,3,True,2,False,3,True,3,True
465898.5691,501994.633,1,8.692581706507683,4.541541987437562,entrainement spatial,1,False,1,False,2,True,1,False,2,True,2,True
502092.8944,449721.8271,1,9.018855518166042,4.068705616305196,entrainement spatial,1,False,1,False,1,False,1,False,1,False,2,True
607092.3706,336017.2804,4,9.963713429995192,3.0395930154316457,test spatial,3,True,3,True,4,False,2,True,4,False,3,True
591783.4336,273200.3311,2,9.825568705562995,2.471455720909078,test spatial,2,False,3,True,3,True,3,True,3,True,3,True
541169.6725,430777.6056,4,9.370830680768195,3.8972379050878727,entrainement spatial,4,False,4,False,4,False,4,False,5,True,4,False
565710.5352,414694.3395,4,9.591773171960646,3.7516150961301578,test spatial,5,True,5,True,5,True,2,True,5,True,5,True
393618.6581,502317.9879,3,8.041028081238881,4.543894726135831,entrainement spatial,3,False,3,False,3,False,3,False,3,False,3,False
501378.4557,449890.6767,2,9.012418947527161,4.070233299475075,entrainement spatial,2,False,2,False,2,False,3,True,4,True,2,False
603540.3268,331536.1873,3,9.9317172994624,2.999085871383667,test spatial,3,False,3,False,3,False,4,True,3,False,3,False
489274.7121,481927.6984,2,8.903336710878405,4.360060427862198,entrainement spatial,3,True,2,False,3,True,2,False,3,True,2,False
564685.2781,416315.0283,5,9.582550007810118,3.76628279969963,test spatial,5,False,1,True,5,False,1,True,5,False,5,False
585314.2183,381177.7491,2,9.768055674268593,3.44828170799092,test spatial,4,True,2,False,3,True,4,True,4,True,4,True
456272.9727,495973.7676,3,8.605839301334354,4.487031798947805,entrainement spatial,2,True,3,False,2,True,2,True,2,True,2,True
604794.8522,332317.2976,2,9.94301130043025,3.0061419485697973,test spatial,3,True,2,False,3,True,2,False,3,True,3,True
512053.0164,443644.4862,3,9.108581891105066,4.013717737820679,entrainement spatial,3,False,3,False,3,False,4,True,2,True,3,False
501710.2988,449569.5697,1,9.015408572700677,4.067328238940687,entrainement spatial,1,False,1,False,1,False,1,False,1,False,1,False
600093.1472,361806.3307,2,9.900934470985296,3.272933137299858,test spatial,3,True,3,True,4,True,2,False,4,True,4,True
415137.8783,501775.6448,3,8.235004560322366,4.5392207560274365,entrainement spatial,3,False,3,False,3,False,3,False,3,False,3,False
560994.0577,421526.7264,5,9.54933800248292,3.8134520834052372,test spatial,5,False,5,False,5,False,5,False,5,False,5,False
499219.1014,452042.1315,2,8.992964465800075,4.089697261521437,entrainement spatial,2,False,2,False,2,False,2,False,4,True,2,False
401156.0163,502538.3039,2,8.10896519900617,4.545974836049269,entrainement spatial,3,True,2,False,3,True,3,True,3,True,3,True
599360.2814,310304.9804,3,9.893954945704296,2.8070604961971015,test spatial,3,False,5,True,3,False,2,True,3,False,3,False
504597.2035,448866.5707,3,9.041417197987318,4.06096739029123,entrainement spatial,1,True,2,True,1,True,2,True,4,True,2,True
600163.7942,321526.7704,4,9.90126281772032,2.908566796165868,test spatial,3,True,2,True,3,True,2,True,3,True,3,True
509958.7564,445919.1099,4,9.089717620412733,4.034298223846141,entrainement spatial,4,False,4,False,4,False,4,False,4,False,4,False
389065.3485,501889.1419,3,7.999991864967806,4.539959875027727,entrainement spatial,3,False,3,False,3,False,3,False,3,False,3,False
574109.3844,390278.3945,2,9.667245291652057,3.5306857837074337,test spatial,2,False,1,True,1,True,4,True,4,True,2,False
465270.713,496089.5615,2,8.686944648217542,4.488118644787513,entrainement spatial,2,False,2,False,2,False,2,False,2,False,2,False
599333.382,310415.4051,2,9.893713707833944,2.8080595826019414,test spatial,3,True,3,True,3,True,2,False,3,True,3,True
607622.7184,339306.1632,2,9.96851217653832,3.0693391524110027,test spatial,3,True,2,False,3,True,2,False,3,True,3,True
607961.2542,340754.2301,4,9.97157027126546,3.0824352167341056,test spatial,3,True,4,False,3,True,3,True,3,True,3,True
602664.716,355242.6917,1,9.924025155329655,3.2135383659396286,test spatial,3,True,3,True,2,True,3,True,4,True,3,True
550511.7794,431410.9677,5,9.454979999349899,3.902926286098873,test spatial,5,False,5,False,5,False,4,True,5,False,5,False
592023.3247,270501.5118,3,9.827711266424076,2.447040322229755,test spatial,3,False,3,False,3,False,4,True,3,False,3,False
469607.1845,499062.2394,3,8.72602391638331,4.515027147458845,entrainement spatial,3,False,3,False,3,False,3,False,3,False,3,False
591490.4883,260770.5192,2,9.82286625419603,2.3590146392976834,test spatial,3,True,3,True,3,True,4,True,3,True,3,True
599913.3892,362326.6827,4,9.899320810821132,3.2776416455880466,test spatial,3,True,3,True,4,False,2,True,4,False,4,False
569734.6916,427301.4423,5,9.62809499801632,3.865638202138263,test spatial,4,True,4,True,4,True,2,True,5,False,4,True
514524.9256,442997.2104,1,9.130849588102642,4.007858663048156,entrainement spatial,1,False,1,False,2,True,1,False,4,True,1,False
514590.1737,443427.8476,2,9.13143800495907,4.0117544768297755,entrainement spatial,1,True,2,False,1,True,2,False,1,True,2,False
398237.6053,502497.2651,3,8.082659728272654,4.545570594415991,entrainement spatial,3,False,3,False,3,False,3,False,3,False,3,False
518700.6013,443043.6994,2,9.168466667575482,4.008272344513775,entrainement spatial,1,True,2,False,1,True,1,True,1,True,2,False
570073.636,407070.0756,4,9.631015620826902,3.6826155510333463,test spatial,3,True,3,True,4,False,2,True,5,True,4,False
492586.586,471739.1565,3,8.933193515452844,4.267890043467724,entrainement spatial,3,False,3,False,3,False,3,False,3,False,3,False
583745.0162,382663.73,3,9.75394010726507,3.461735522264761,test spatial,4,True,2,True,3,False,3,False,4,True,4,True
592013.3775,373847.9914,3,9.828305070652444,3.381925646871311,test spatial,4,True,3,False,4,True,4,True,4,True,4,True
602089.9186,356964.8503,2,9.91886615723973,3.2291214519711375,test spatial,3,True,2,False,2,False,2,False,3,True,3,True
607047.1722,336291.1298,3,9.963308930767296,3.042070558957641,test spatial,3,False,2,True,3,False,2,True,3,False,2,True
510732.5012,445144.4717,4,9.096687389659259,4.027289385715926,entrainement spatial,4,False,4,False,2,True,4,False,1,True,4,False
584777.1978,381653.0694,3,9.763224776892672,3.4525854441899657,test spatial,4,True,3,False,3,False,4,True,4,True,4,True
552236.8009,432295.4339,5,9.470522075077197,3.91091910548521,test spatial,5,False,5,False,5,False,5,False,5,False,5,False
414664.5553,501914.0223,2,8.230736690875577,4.540467971147439,entrainement spatial,2,False,2,False,3,True,3,True,3,True,2,False
582106.1271,384185.1817,3,9.739197034119744,3.4755105791646024,test spatial,4,True,3,False,3,False,3,False,4,True,4,True
503482.7929,449179.3585,2,9.031377343008245,4.063797590155822,entrainement spatial,2,False,2,False,1,True,2,False,4,True,2,False
607114.4889,337827.2933,4,9.963927021036689,3.0559657937505813,test spatial,3,True,4,False,4,False,3,True,4,False,3,True
591681.9051,281528.0577,3,9.824702747083222,2.5467905395808845,test spatial,2,True,3,False,3,False,4,True,3,False,3,False
497622.7544,452782.4594,3,8.978581942210264,4.096394641405042,entrainement spatial,3,False,3,False,2,True,1,True,1,True,3,False
470205.3283,498487.8685,2,8.731417753750485,4.509833031088891,entrainement spatial,3,True,2,False,3,True,3,True,3,True,3,True
519518.1166,443226.5446,3,9.17583168525449,4.009924960056432,entrainement spatial,3,False,3,False,4,True,1,True,4,True,2,True
599002.591,365674.5134,2,9.891150303987546,3.307933189587232,test spatial,4,True,3,True,4,True,2,False,4,True,4,True
591292.823,268297.2129,2,9.821129082599136,2.4271038225217114,test spatial,3,True,3,True,3,True,3,True,3,True,3,True
537152.2443,433100.2506,5,9.33465296451658,3.9182654702504354,entrainement spatial,5,False,5,False,5,False,5,False,5,False,5,False
600879.2998,360814.6672,3,9.908001938659485,3.2639562637037005,test spatial,5,True,5,True,4,True,2,True,4,True,5,True
520357.4785,443445.9756,2,9.18339361140214,4.011908448741715,entrainement spatial,2,False,2,False,2,False,2,False,2,False,2,False
598788.4086,312028.3304,3,9.888821975540374,2.8226538598800577,test spatial,3,False,5,True,3,False,4,True,3,False,3,False
541602.6921,430618.9996,4,9.374730359818159,3.8958013119401222,entrainement spatial,4,False,4,False,5,True,4,False,5,True,4,False
608307.4558,342063.3453,2,9.97469632048206,3.094274261839449,test spatial,3,True,2,False,3,True,2,False,4,True,2,False
569431.4032,427491.3058,5,9.625364671301082,3.867357798717171,test spatial,4,True,5,False,4,True,4,True,5,False,4,True
600815.5111,325422.2352,4,9.907154732014417,2.943800197988759,test spatial,3,True,3,True,3,True,2,True,3,True,3,True
547346.2664,429936.436,5,9.426460778067687,3.8896017197091926,test spatial,5,False,5,False,5,False,5,False,5,False,5,False
600254.3522,320918.7378,3,9.902073214106297,2.903065908592569,test spatial,3,False,3,False,3,False,2,True,3,False,3,False
591639.2618,281177.0704,3,9.824317169002178,2.543615687782526,test spatial,2,True,4,True,3,False,3,False,4,True,3,False
476637.0217,501958.2125,2,8.789386486318095,4.541247277481328,entrainement spatial,2,False,2,False,2,False,2,False,2,False,2,False
496241.8356,468715.2198,3,8.966134234932387,4.240535218169999,entrainement spatial,3,False,3,False,3,False,3,False,4,True,3,False
462448.087,495803.1495,2,8.661502527422792,4.485516228757049,entrainement spatial,2,False,2,False,2,False,2,False,2,False,2,False
593303.1396,288449.7196,3,9.83932615915426,2.6093954862240603,test spatial,2,True,2,True,3,False,2,True,3,False,3,False
494179.7755,470040.8482,4,8.947551687111396,4.252526889732695,entrainement spatial,3,True,4,False,3,True,4,False,2,True,3,True
581271.4145,384939.9218,2,9.731687841990002,3.48234401266368,test spatial,4,True,3,True,3,True,4,True,4,True,4,True
600805.2335,326367.3875,3,9.907069184916168,2.9523500570974455,test spatial,2,True,1,True,2,True,4,True,2,True,2,True
560542.288,421891.6173,4,9.545271381197447,3.816755665116095,test spatial,4,False,4,False,2,True,3,True,5,True,5,True
498840.9716,459384.9789,2,8.989556824784406,4.156126818753574,entrainement spatial,1,True,2,False,1,True,1,True,1,True,2,False
458593.6612,495938.2696,3,8.626758122390838,4.486721663437424,entrainement spatial,2,True,3,False,2,True,2,True,2,True,2,True
399204.38,502559.5248,3,8.091373299857423,4.546144815233087,entrainement spatial,3,False,3,False,3,False,3,False,3,False,3,False
489832.1731,481617.9225,2,8.9083612478718,4.357258584309976,entrainement spatial,2,False,2,False,2,False,2,False,1,True,2,False
598312.1556,314708.3686,3,9.884555773183566,2.8469007853606465,test spatial,3,False,3,False,2,True,4,True,2,True,3,False
599944.3327,363835.9822,1,9.899611531187158,3.2912943559401553,test spatial,2,True,1,False,2,True,3,True,4,True,1,False
498398.9825,466283.386,2,8.985573234700675,4.2185354654932015,entrainement spatial,3,True,2,False,4,True,5,True,4,True,3,True
547692.1536,430067.1781,5,9.429576818931363,3.89078291067115,test spatial,5,False,5,False,5,False,5,False,5,False,5,False
591426.0982,274760.9266,3,9.822363500046194,2.485575193499439,test spatial,2,True,4,True,3,False,4,True,3,False,3,False
421670.1346,501987.2209,2,8.293885028271832,4.541194724943834,entrainement spatial,3,True,2,False,3,True,2,False,3,True,3,True
589202.9611,377002.933,3,9.803030963030436,3.4104869171671344,test spatial,4,True,2,True,4,True,4,True,4,True,4,True
497819.0736,466974.7432,3,8.980347519708303,4.224789935441324,entrainement spatial,3,False,3,False,3,False,4,True,4,True,3,False
589148.2901,377057.6039,4,9.802539241466663,3.410981887776671,test spatial,4,False,4,False,4,False,4,False,4,False,4,False
594277.7715,295549.651,3,9.848136575291175,2.6736164273069507,test spatial,2,True,3,False,3,False,2,True,4,True,3,False
567238.1912,412144.0169,4,9.605514527023155,3.728534362151383,test spatial,3,True,2,True,5,True,2,True,4,False,5,True
490913.8066,480135.1866,3,8.918111040465893,4.3438457222571545,entrainement spatial,3,False,3,False,3,False,2,True,3,False,3,False
451586.5455,496087.6219,1,8.563595456945102,4.488037740631393,entrainement spatial,1,False,1,False,1,False,1,False,2,True,1,False
597769.5136,305310.3243,3,9.879610269660239,2.76188961567425,test spatial,3,False,3,False,3,False,4,True,3,False,3,False
498598.5977,456586.4506,3,8.987373368618336,4.130808951276377,entrainement spatial,3,False,3,False,1,True,2,True,1,True,1,True
393748.7869,502335.62,3,8.04220080276777,4.544055776747161,entrainement spatial,3,False,3,False,3,False,3,False,3,False,3,False
600099.1099,320711.748,5,9.900675001705533,2.901194607073154,test spatial,3,True,4,True,3,True,4,True,4,True,4,True
491433.9734,477342.6314,1,8.922801581237728,4.318582564266792,entrainement spatial,2,True,1,False,1,False,2,True,1,False,1,False
488170.5967,493702.2862,1,8.893370516633142,4.466580950105687,entrainement spatial,2,True,1,False,2,True,1,False,2,True,2,True
493283.9945,470413.8936,5,8.939479194586479,4.255901167676867,entrainement spatial,4,True,5,False,3,True,5,False,3,True,4,True
487875.38,483736.2958,2,8.890722664089266,4.376420663112646,entrainement spatial,3,True,2,False,3,True,2,False,3,True,2,False
516178.4588,443819.1619,2,9.145746933241613,4.015292202730607,entrainement spatial,2,False,2,False,2,False,2,False,4,True,2,False
576443.0154,388583.692,3,9.688243915706792,3.5153395942897183,test spatial,2,True,3,False,3,False,4,True,4,True,4,True
580132.5797,385857.8325,3,9.721441773479075,3.4906556033006995,test spatial,4,True,3,False,3,False,4,True,4,True,4,True
562848.4343,419054.0178,5,9.566024163318907,3.791071939671674,test spatial,4,True,1,True,4,True,4,True,1,True,3,True
599878.129,322724.5993,4,9.89870124089971,2.9194043665685854,test spatial,3,True,3,True,3,True,4,False,3,True,3,True
518275.9915,443006.0121,4,9.16464146053378,4.007932174383171,entrainement spatial,3,True,4,False,3,True,2,True,4,False,3,True
467828.3428,500539.2171,1,8.70998336686877,4.528382586810154,entrainement spatial,1,False,1,False,1,False,1,False,2,True,1,False
583413.7222,382934.1741,3,9.750959632226943,3.464184390331847,test spatial,4,True,3,False,3,False,1,True,4,True,4,True
561182.7088,421343.0398,5,9.551035962377513,3.8117892742884525,test spatial,5,False,5,False,5,False,5,False,5,False,5,False
602177.2002,356679.5066,2,9.91964935106544,3.2265395613496404,test spatial,2,False,2,False,2,False,4,True,2,False,2,False
543224.7338,430138.2952,5,9.389338449748132,3.8914458830738172,entrainement spatial,5,False,5,False,5,False,5,False,5,False,5,False
523228.8503,442741.8775,5,9.209259096306326,4.005532380181847,entrainement spatial,5,False,5,False,4,True,5,False,5,False,5,False
594833.2008,370852.0545,2,9.853663661341539,3.3548023453825295,test spatial,4,True,2,False,4,True,2,False,4,True,4,True
591643.5487,264787.1526,1,9.824264341420841,2.3953491491459507,test spatial,3,True,3,True,3,True,3,True,3,True,3,True
516776.1439,443049.2258,2,9.151130008502497,4.00832573515015,entrainement spatial,3,True,2,False,3,True,2,False,4,True,3,True
599480.6108,309711.3561,2,9.895033391228832,2.801689747403388,test spatial,3,True,2,False,2,False,4,True,2,False,2,False
392944.0751,502303.4448,3,8.034947825420106,4.543755059853698,entrainement spatial,3,False,3,False,3,False,3,False,3,False,3,False
523502.7803,442263.3056,4,9.211725694727063,4.001202195782071,entrainement spatial,2,True,4,False,2,True,4,False,4,False,2,True
476793.408,502079.0564,2,8.790795962461342,4.542340924365504,entrainement spatial,2,False,2,False,3,True,2,False,3,True,2,False
498614.158,457113.9974,1,8.98751349222153,4.135581585800823,entrainement spatial,1,False,1,False,1,False,1,False,1,False,1,False
607849.6903,340704.3654,3,9.970565968162102,3.0819850732181977,test spatial,3,False,2,True,3,False,4,True,3,False,3,False
599543.7711,318754.5107,4,9.89566467682149,2.8834934842179236,test spatial,3,True,5,True,3,True,4,False,4,False,4,False
508122.9569,447099.2475,4,9.073180019874101,4.044976419078041,entrainement spatial,4,False,4,False,4,False,4,False,4,False,4,False
606457.5961,334050.7329,3,9.957986053296215,3.021809152857995,test spatial,3,False,2,True,3,False,2,True,4,True,2,True
487309.7558,484923.176,2,8.88562315533241,4.387157327543956,entrainement spatial,3,True,2,False,3,True,3,True,3,True,3,True
606249.9243,346397.9499,3,9.956216998092044,3.1335010600461493,test spatial,3,False,3,False,3,False,2,True,4,True,2,True
599124.8744,318202.1954,4,9.89189199102232,2.8785002245072286,test spatial,3,True,3,True,3,True,2,True,4,False,4,False
571738.4205,403558.8332,5,9.645983632275861,3.650840796467501,test spatial,3,True,5,False,5,False,2,True,5,False,3,True
600144.4587,323588.4924,4,9.90110370539908,2.927217173898266,test spatial,3,True,3,True,3,True,2,True,3,True,3,True
421066.4143,504666.2297,2,8.2884191831702,4.565423792867561,entrainement spatial,2,False,2,False,2,False,1,True,2,False,2,False
560917.1079,421573.8892,4,9.54864525235376,3.813879185033052,test spatial,4,False,4,False,5,True,3,True,5,True,5,True
526232.7453,436485.0135,1,9.236303672627749,3.948920406735797,entrainement spatial,2,True,1,False,2,True,1,False,1,False,2,True
498559.0605,454738.839,3,8.987017409710798,4.114093891667804,entrainement spatial,3,False,3,False,3,False,2,True,4,True,3,False
490861.7429,480637.0808,2,8.917641326025228,4.3483861988200365,entrainement spatial,3,True,2,False,3,True,2,False,3,True,3,True
396552.9877,502442.5834,3,8.06747567350429,4.545056471898932,entrainement spatial,3,False,3,False,3,False,3,False,3,False,3,False
572123.2884,402398.0221,3,9.649441572703367,3.640337173458911,test spatial,2,True,1,True,4,True,4,True,4,True,2,True
488026.1517,483273.9527,3,8.892082143240572,4.372238149153904,entrainement spatial,3,False,3,False,3,False,3,False,3,False,3,False
407174.348,502572.1485,3,8.163213410741541,4.546346051978917,entrainement spatial,3,False,3,False,3,False,3,False,3,False,3,False
591463.901,261431.4042,3,9.8226306615563,2.3649932929985207,test spatial,3,False,2,True,3,False,2,True,3,False,3,False
497429.0467,453187.5996,2,8.976836605842522,4.100059834893485,entrainement spatial,2,False,2,False,1,True,2,False,1,True,2,False
526850.6915,435864.7615,1,9.24186845467209,3.9433075029725098,entrainement spatial,1,False,1,False,1,False,1,False,1,False,1,False
544225.4105,429914.8431,5,9.398350757410366,3.889420161213229,entrainement spatial,5,False,5,False,5,False,5,False,5,False,5,False
569135.7796,408816.6324,5,9.622581528712374,3.6984215634966464,test spatial,3,True,5,False,5,False,5,False,5,False,4,True
524393.8279,437875.0902,4,9.219742165330581,3.96150073233444,entrainement spatial,4,False,4,False,4,False,1,True,4,False,4,False
601555.7464,358008.8729,1,9.914067179475346,3.2385698941649923,test spatial,2,True,1,False,2,True,4,True,2,True,2,True
421314.3709,504989.6513,3,8.290651504770818,4.56835169152155,entrainement spatial,3,False,3,False,3,False,2,True,4,True,3,False
569752.904,407643.0338,4,9.62813117042145,3.687800802815292,test spatial,3,True,3,True,4,False,2,True,5,True,4,False
536995.0391,433235.7723,5,9.333237422642531,3.919492065633133,entrainement spatial,5,False,5,False,5,False,5,False,5,False,5,False
599889.869,364084.9593,3,9.899123357009374,3.2935470200903745,test spatial,3,False,2,True,3,False,2,True,4,True,4,True
559796.1597,422765.5019,5,9.538556541387479,3.824665518890023,test spatial,2,True,1,True,1,True,3,True,5,False,5,False
449514.4916,497760.8728,3,8.544908720011094,4.503163340361217,entrainement spatial,3,False,3,False,3,False,3,False,3,False,3,False
498525.939,454886.2297,2,8.986718969225908,4.115427307661327,entrainement spatial,2,False,2,False,1,True,2,False,1,True,2,False
510088.6285,445810.8831,3,9.090887517735371,4.033318981650448,entrainement spatial,1,True,3,False,2,True,3,False,4,True,3,False
463298.1718,495807.6256,2,8.6691651888627,4.485560235352387,entrainement spatial,2,False,2,False,2,False,2,False,2,False,2,False
511125.14,444515.7704,3,9.100223911005296,4.021601189232868,entrainement spatial,3,False,3,False,2,True,1,True,1,True,2,True
581356.3853,384852.4519,2,9.73245218196099,3.481552142857864,test spatial,4,True,3,True,3,True,3,True,4,True,4,True
595686.1426,300150.4216,3,9.860834764854916,2.715226525817565,test spatial,2,True,3,False,3,False,4,True,4,True,3,False
496120.9822,468825.4985,3,8.96504514983484,4.241532840630758,entrainement spatial,3,False,3,False,3,False,2,True,4,True,4,True
451783.9145,496198.642,2,8.565373935475659,4.48904314547406,entrainement spatial,3,True,2,False,2,False,2,False,2,False,3,True
451654.0724,496461.2132,2,8.564202135328882,4.491417795769635,entrainement spatial,1,True,2,False,1,True,1,True,1,True,1,True
551854.0101,432686.2395,5,9.4670761292796,3.9144564953504735,test spatial,5,False,5,False,5,False,5,False,5,False,5,False
497569.6908,453529.2671,2,8.978103676010672,4.1031508846943066,entrainement spatial,2,False,2,False,1,True,2,False,1,True,2,False
498244.0882,466527.0611,3,8.984177437909215,4.220739923414615,entrainement spatial,3,False,3,False,3,False,2,True,4,True,4,True
583310.052,382990.5166,3,9.750026762097773,3.4646948182536548,test spatial,4,True,3,False,4,True,1,True,4,True,4,True
499259.1238,463937.4226,1,8.99332414680705,4.197312051743783,entrainement spatial,1,False,1,False,1,False,1,False,1,False,1,False
514139.4777,442870.9187,2,9.127377062148406,4.00671667051792,entrainement spatial,2,False,2,False,1,True,2,False,1,True,2,False
458410.1889,495933.3371,2,8.625104326913739,4.486676193547691,entrainement spatial,2,False,2,False,2,False,2,False,2,False,2,False
457665.5737,495951.4648,1,8.618392288402,4.486836707928154,entrainement spatial,1,False,1,False,1,False,1,False,1,False,1,False
548602.059,430485.8799,5,9.437774392620904,3.894566522795911,test spatial,5,False,5,False,5,False,5,False,5,False,5,False
491318.6532,476949.846,3,8.921762661406992,4.315029010485999,entrainement spatial,3,False,3,False,3,False,3,False,3,False,3,False
417223.3065,501578.8177,1,8.253804534713824,4.537459953567822,entrainement spatial,1,False,1,False,1,False,1,False,2,True,1,False
598599.3804,316147.8545,4,9.887149830308749,2.859920374883996,test spatial,3,True,4,False,3,True,4,False,3,True,3,True
594208.9745,293639.4429,3,9.84750589424968,2.6563368834624352,test spatial,2,True,3,False,3,False,2,True,4,True,3,False
598472.2142,313125.167,4,9.885984859116448,2.8325780295982126,test spatial,3,True,3,True,3,True,4,False,3,True,4,False
519717.5993,443262.6049,2,9.17762881771337,4.010250802033675,entrainement spatial,2,False,2,False,3,True,2,False,4,True,2,False
569320.1565,408537.4331,5,9.624240046902788,3.6958946455336514,test spatial,3,True,5,False,5,False,5,False,5,False,5,False
578434.1971,387130.9557,2,9.70616046815617,3.5021842920313926,test spatial,4,True,3,True,3,True,2,False,4,True,4,True
583147.7855,383168.559,3,9.748567253290995,3.4663065863968523,test spatial,4,True,3,False,4,True,1,True,4,True,4,True
522455.1277,443266.4507,2,9.202290145654944,4.010279851931561,entrainement spatial,2,False,2,False,3,True,1,True,4,True,2,False
600786.3916,325366.9082,3,9.90689232734834,2.943299927812869,test spatial,2,True,1,True,2,True,4,True,2,True,2,True
591327.3293,266878.7274,3,9.821431700816877,2.4142717073473063,test spatial,3,False,2,True,3,False,2,True,3,False,3,False
571059.6438,405166.4549,5,9.639882018422526,3.6653883343957943,test spatial,3,True,5,False,4,True,2,True,4,True,4,True
490948.9612,479661.4547,3,8.918428329860237,4.33956000654099,entrainement spatial,3,False,3,False,3,False,2,True,3,False,3,False
600086.173,321901.9394,3,9.900567142679762,2.9119611181432936,test spatial,3,False,3,False,3,False,4,True,3,False,3,False
494918.4362,469600.7402,3,8.954208280151796,4.248545740340246,entrainement spatial,3,False,3,False,3,False,1,True,2,True,3,False
490572.5004,474504.1067,3,8.915040700477524,4.292902192396477,entrainement spatial,3,False,3,False,3,False,2,True,3,False,3,False
469786.4475,497774.849,3,8.727644207671553,4.503381186696747,entrainement spatial,3,False,3,False,3,False,3,False,3,False,3,False
490757.6155,480982.7839,3,8.9167025334357,4.3515135959519045,entrainement spatial,3,False,3,False,3,False,3,False,3,False,3,False
548493.3854,430459.928,5,9.436795432682894,3.8943322551995148,test spatial,5,False,5,False,5,False,5,False,5,False,5,False
413716.1342,502044.9044,3,8.222186332664153,4.541642748344781,entrainement spatial,2,True,3,False,3,False,3,False,3,False,3,False
448685.1247,497281.2389,3,8.537435464300302,4.498819635218319,entrainement spatial,3,False,3,False,3,False,2,True,3,False,3,False
515004.6274,443712.1913,1,9.135172096021673,4.014326279441543,entrainement spatial,1,False,1,False,1,False,1,False,1,False,1,False
601509.3483,358163.5178,3,9.913650856604152,3.239969169380866,test spatial,3,False,3,False,2,True,4,True,3,False,3,False
598630.1508,316799.6263,3,9.887431201820423,2.8658160840004996,test spatial,3,False,3,False,3,False,2,True,3,False,3,False
593933.4332,293018.2663,3,9.845023485009833,2.650719346518928,test spatial,2,True,3,False,3,False,2,True,4,True,3,False
599039.7778,311351.2345,3,9.891078757536702,2.8165271160711156,test spatial,3,False,3,False,3,False,2,True,3,False,3,False
568875.018,409290.7444,4,9.620236394219726,3.7027122214441306,test spatial,3,True,5,True,5,True,5,True,5,True,5,True
601963.3848,329184.024,2,9.9175106026174,2.9778204849882615,test spatial,3,True,3,True,3,True,2,False,3,True,3,True
579552.3353,386321.4728,2,9.716221228887091,3.494853826095754,test spatial,4,True,3,True,3,True,4,True,4,True,4,True
487286.913,484977.6474,3,8.885417198931687,4.38765008584936,entrainement spatial,3,False,3,False,3,False,3,False,3,False,3,False
598276.0598,307617.5842,4,9.884182681210849,2.7827577285733827,test spatial,3,True,3,True,3,True,4,False,3,True,3,True
495099.8842,469487.4961,3,8.955843428434672,4.247521337657129,entrainement spatial,3,False,3,False,3,False,3,False,3,False,3,False
486971.9593,490417.7405,2,8.882570800428885,4.436864844145698,entrainement spatial,2,False,2,False,3,True,3,True,3,True,2,False
597186.6273,368105.1034,3,9.874824936057369,3.3299347882700356,test spatial,3,False,2,True,3,False,4,True,4,True,4,True
416268.3629,501616.4876,3,8.245196286022155,4.537791761756119,entrainement spatial,3,False,3,False,2,True,3,False,3,False,2,True
600834.8873,360808.3226,2,9.907602169582525,3.2638992336854624,test spatial,3,True,3,True,4,True,4,True,4,True,3,True
411214.7527,502334.6073,2,8.199635979403512,4.544238681659469,entrainement spatial,3,True,2,False,3,True,3,True,3,True,3,True
542404.7619,430387.0071,5,9.38195383659748,3.893699291757086,entrainement spatial,5,False,5,False,5,False,5,False,5,False,5,False
498837.4142,465013.5778,3,8.989524095453765,4.207047798515444,entrainement spatial,1,True,3,False,1,True,3,False,2,True,1,True
570612.3413,406048.7152,4,9.635859933181154,3.673372477072103,test spatial,3,True,3,True,4,False,2,True,5,True,4,False
422549.5944,507619.352,3,8.301763372889823,4.592151049466668,entrainement spatial,3,False,3,False,3,False,3,False,3,False,3,False
602096.014,329604.5556,3,9.91870710841873,2.98162357190053,test spatial,2,True,2,True,2,True,4,True,2,True,2,True
593838.5399,371861.0064,3,9.844718489369555,3.3639371407743237,test spatial,4,True,3,False,4,True,4,True,4,True,4,True
593803.5163,291793.4543,4,9.843847350968348,2.6396403361007237,test spatial,2,True,2,True,3,True,4,False,3,True,3,True
523370.6494,442675.812,4,9.210536347147421,4.004934369945906,entrainement spatial,5,True,4,False,4,False,4,False,5,True,5,True
524098.4453,437424.8316,2,9.217080279671642,3.9574280297685274,entrainement spatial,2,False,2,False,1,True,2,False,1,True,2,False
592652.9039,286390.6754,3,9.833465034674015,2.5907729461140714,test spatial,2,True,3,False,3,False,2,True,3,False,3,False
585467.3262,380953.8001,3,9.769432342368642,3.4462547108036676,test spatial,4,True,3,False,4,True,3,False,4,True,4,True
498493.2869,455899.4878,1,8.986424624138197,4.124594091158847,entrainement spatial,2,True,1,False,1,False,1,False,1,False,2,True
501086.1363,450584.7168,2,9.009785424605177,4.076512216106365,entrainement spatial,1,True,2,False,1,True,2,False,4,True,1,True
579210.8517,386587.9965,2,9.713148784474592,3.497267220597425,test spatial,4,True,3,True,3,True,4,True,4,True,4,True
602015.1426,329420.1687,5,9.917978070712127,2.9799562365683774,test spatial,3,True,3,True,3,True,4,True,3,True,4,True
498663.2519,465180.4259,3,8.98795471918343,4.208557221258844,entrainement spatial,3,False,3,False,3,False,5,True,4,True,3,False
486942.3493,489388.2232,1,8.882305381992365,4.427551014010061,entrainement spatial,2,True,1,False,2,True,1,False,1,False,2,True
591395.7022,268434.3851,3,9.822055110651801,2.4283441463067543,test spatial,3,False,2,True,3,False,3,False,3,False,3,False
546758.7546,429739.4955,5,9.421168111179623,3.8878227349247694,test spatial,5,False,5,False,5,False,5,False,5,False,5,False
498500.2132,458797.2582,1,8.986486585287498,4.150809758748934,entrainement spatial,1,False,1,False,1,False,1,False,1,False,1,False
600961.5199,326361.9038,5,9.908475327517941,2.952299298174465,test spatial,3,True,4,True,3,True,3,True,4,True,4,True
497686.8468,467071.0799,4,8.979155991551156,4.225661445075962,entrainement spatial,3,True,4,False,3,True,4,False,4,False,3,True
570694.077,393956.1421,1,9.63651957455246,3.5639778223718293,test spatial,4,True,1,False,1,False,4,True,4,True,4,True
497417.6522,453257.233,2,8.97673392715407,4.100689794724309,entrainement spatial,2,False,2,False,2,False,2,False,1,True,2,False
605104.8912,348795.7328,4,9.945932540863353,3.1552003216943865,test spatial,3,True,3,True,3,True,4,False,4,False,3,True
494042.0809,470094.8965,5,8.946310833887978,4.253015768882425,entrainement spatial,4,True,5,False,3,True,4,True,3,True,4,True
593752.8729,291653.4404,3,9.843390947385405,2.6383740622231984,test spatial,2,True,1,True,3,False,2,True,3,False,3,False
508373.8801,446946.5595,4,9.075440467245212,4.043594865366891,entrainement spatial,4,False,4,False,4,False,4,False,4,False,4,False
581496.3371,384717.4984,2,9.73371115492529,3.480330338434893,test spatial,4,True,3,True,3,True,3,True,4,True,4,True
490587.6424,481182.9956,3,8.915170440490353,4.353324696068622,entrainement spatial,3,False,3,False,3,False,3,False,3,False,3,False
486716.6789,489955.8066,2,8.880270487971291,4.432685473587876,entrainement spatial,2,False,2,False,2,False,3,True,3,True,2,False
388791.9097,501918.5892,3,7.997526867997338,4.540222814642357,entrainement spatial,3,False,3,False,3,False,4,True,3,False,3,False
410645.2785,502388.1293,3,8.194502197932607,4.544717113361828,entrainement spatial,3,False,3,False,3,False,3,False,3,False,3,False
601375.9958,327536.1629,3,9.912213241025233,2.962918480742976,test spatial,3,False,3,False,3,False,2,True,3,False,3,False
596334.6726,301091.2596,4,9.866674854096017,2.723733219669747,test spatial,2,True,3,True,3,True,1,True,4,False,2,True
593737.9778,291620.6712,3,9.843256762696669,2.6380777189221414,test spatial,2,True,1,True,3,False,2,True,3,False,3,False
526899.1127,435855.5384,1,9.24230460140982,3.9432239361224832,entrainement spatial,1,False,1,False,1,False,1,False,1,False,1,False
566273.0382,413663.6259,4,9.596832434563243,3.742287362294133,test spatial,5,True,5,True,5,True,5,True,5,True,5,True
490992.9435,479841.5472,3,8.918824542068032,4.341189307285897,entrainement spatial,3,False,3,False,3,False,3,False,3,False,3,False
487774.4678,483914.0936,3,8.889812923869483,4.378029025077317,entrainement spatial,3,False,3,False,3,False,3,False,3,False,3,False
498587.3433,456347.2961,1,8.987272000974603,4.128645356602596,entrainement spatial,1,False,1,False,1,False,1,False,1,False,1,False
570575.5157,426576.509,5,9.6356630440617,3.859074552715943,test spatial,4,True,4,True,4,True,3,True,5,False,4,True
607455.978,344018.0103,2,9.967050386432508,3.111962718922825,test spatial,3,True,2,False,4,True,2,False,4,True,2,False
600167.0284,321484.7256,4,9.901291614322332,2.908186437527742,test spatial,3,True,3,True,3,True,2,True,3,True,3,True
488055.9747,483244.1297,2,8.892350970045328,4.371968386035766,entrainement spatial,3,True,2,False,3,True,3,True,3,True,3,True
599122.584,318426.6569,3,9.891872963765618,2.8805307151750816,test spatial,3,False,3,False,3,False,4,True,4,True,3,False
605936.4963,346981.4736,3,9.953401285442165,3.13878207049787,test spatial,3,False,3,False,3,False,2,True,4,True,2,True
462371.7973,495816.2278,2,8.660814796413193,4.485634223675694,entrainement spatial,2,False,2,False,2,False,2,False,2,False,2,False
498200.6423,466587.5076,3,8.983785934558462,4.2212867640021745,entrainement spatial,3,False,3,False,3,False,2,True,4,True,4,True
571683.8014,403662.3373,5,9.64549249288482,3.6517774871784554,test spatial,3,True,5,False,5,False,4,True,5,False,4,True
606457.5961,334019.6299,3,9.957985806610198,3.021527801707193,test spatial,3,False,3,False,3,False,4,True,4,True,3,False
589228.8578,376988.5459,3,9.80326396920039,3.4103565746984303,test spatial,4,True,2,True,4,True,2,True,4,True,4,True
486773.1051,487708.0534,2,8.880782336742287,4.412350686080977,entrainement spatial,2,False,2,False,2,False,3,True,3,True,2,False
500926.7577,450564.5139,1,9.00834951889996,4.0763294596308866,entrainement spatial,1,False,1,False,1,False,1,False,4,True,1,False
464953.0654,496121.5261,1,8.684081226838305,4.488406582062197,entrainement spatial,1,False,1,False,1,False,1,False,1,False,1,False
604072.0668,351803.6209,3,9.936662537470173,3.1824175822712957,test spatial,3,False,3,False,3,False,3,False,4,True,3,False
605965.5007,346911.3798,2,9.953661718407925,3.138147778314033,test spatial,3,True,2,False,3,True,2,False,4,True,2,False
491648.6439,473037.9233,3,8.924740045394815,4.279638945772837,entrainement spatial,3,False,3,False,2,True,3,False,2,True,3,False
494908.1412,469612.322,2,8.954115502192542,4.248650513189219,entrainement spatial,1,True,2,False,1,True,2,False,1,True,2,False
591926.994,271033.674,3,9.826847824986457,2.4518549048397316,test spatial,3,False,3,False,3,False,3,False,3,False,3,False
550183.5039,431227.1315,5,9.45202226255892,3.9012647917818666,test spatial,5,False,5,False,5,False,5,False,5,False,5,False
522345.4023,443274.0471,2,9.201301690044597,4.010348819650166,entrainement spatial,2,False,2,False,2,False,1,True,4,True,2,False
536789.046,433395.688,5,9.331382504702525,3.920939519690614,entrainement spatial,5,False,5,False,5,False,5,False,5,False,5,False
590965.5676,277401.2434,2,9.818236163171694,2.5094626470859853,test spatial,2,False,1,True,3,True,2,False,3,True,3,True
593778.5173,371938.1784,3,9.844178816347517,3.3646357092381765,test spatial,4,True,2,True,4,True,4,True,4,True,4,True
607124.8741,336551.6856,4,9.964010191765775,3.044426858991242,test spatial,3,True,2,True,4,False,2,True,4,False,2,True
571574.6591,403962.4787,5,9.644511676171486,3.6544933849008685,test spatial,2,True,1,True,4,True,4,True,4,True,2,True
560510.0188,421923.8866,4,9.54498094299205,3.8170477741979045,test spatial,4,False,4,False,2,True,3,True,5,True,5,True
488251.6877,482994.3625,3,8.894115205839181,4.369709051017687,entrainement spatial,3,False,3,False,3,False,3,False,3,False,3,False
599943.0329,322977.5006,4,9.899287016207772,2.9216916313864636,test spatial,3,True,3,True,3,True,2,True,4,False,3,True
453817.1683,495844.4397,3,8.583703430841698,4.48584953898659,entrainement spatial,3,False,3,False,3,False,3,False,3,False,3,False
565113.1064,415635.3578,4,9.586398745149623,3.7601316041655366,test spatial,5,True,5,True,5,True,5,True,5,True,5,True
600110.1007,320589.8848,5,9.9007730145098,2.90009215887154,test spatial,3,True,3,True,3,True,4,True,4,True,4,True
521398.4215,443372.4245,4,9.192770922556033,4.011240882527039,entrainement spatial,5,True,4,False,5,True,3,True,5,True,4,False
595451.3461,370046.1403,3,9.85922126413807,3.3475071706851702,test spatial,4,True,2,True,4,True,2,True,4,True,4,True
562745.8594,419182.9691,5,9.565101143318437,3.7922390998248554,test spatial,5,False,5,False,5,False,2,True,5,False,5,False
564454.6756,416715.5484,5,9.580475695242798,3.769907477156144,test spatial,5,False,5,False,5,False,5,False,5,False,5,False
602611.3932,355249.9581,3,9.923545329026256,3.213604532663677,test spatial,3,False,3,False,3,False,1,True,4,True,3,False
495218.2758,469401.2761,3,8.956910337546033,4.246741381851927,entrainement spatial,3,False,3,False,3,False,3,False,3,False,3,False
593241.5923,372526.0717,2,9.83935040955939,3.3699579938473225,test spatial,4,True,2,False,4,True,2,False,4,True,4,True
605303.0416,348266.2998,3,9.947711374073199,3.1504095498911915,test spatial,3,False,3,False,3,False,4,True,4,True,3,False
524379.3104,437953.1218,5,9.219611576964223,3.96220670442524,entrainement spatial,4,True,5,False,3,True,2,True,4,True,4,True
486846.2779,486994.1242,1,8.881442886109099,4.405892047577765,entrainement spatial,1,False,1,False,1,False,1,False,1,False,1,False
526117.4568,436452.7327,1,9.235265081453765,3.948628664186783,entrainement spatial,2,True,1,False,2,True,1,False,2,True,1,False
559864.7798,422677.8208,5,9.539174057021562,3.8238719218154675,test spatial,2,True,1,True,1,True,3,True,5,False,5,False
492820.7305,470580.6686,3,8.935304399813484,4.257409609116985,entrainement spatial,3,False,3,False,3,False,3,False,3,False,3,False
570944.1388,393016.2848,2,9.638765144244614,3.5554739345987927,test spatial,3,True,1,True,2,False,2,False,4,True,3,True
404091.7297,502550.5179,3,8.135427159622836,4.546117569155127,entrainement spatial,3,False,3,False,3,False,3,False,3,False,3,False
499294.9294,464285.5319,2,8.993646756792916,4.200461338915113,entrainement spatial,1,True,2,False,1,True,2,False,1,True,1,True
492717.8882,471230.8897,3,8.934377143824756,4.263291954942978,entrainement spatial,3,False,3,False,3,False,5,True,3,False,3,False
492173.9488,472491.1375,3,8.929474387857844,4.2746927343776,entrainement spatial,3,False,3,False,3,False,3,False,2,True,3,False
606128.8349,346626.0485,3,9.955129203525685,3.135565387807736,test spatial,3,False,5,True,3,False,4,True,4,True,2,True
593833.3064,292124.1253,3,9.844117339728799,2.642631446911567,test spatial,2,True,1,True,3,False,2,True,3,False,3,False
596738.9585,368563.4949,2,9.870799206631128,3.334084960659617,test spatial,2,False,2,False,2,False,2,False,2,False,4,True
594379.7328,295786.7501,3,9.849055241309255,2.675760615959665,test spatial,2,True,3,False,3,False,2,True,4,True,3,False
399049.4485,502544.5315,3,8.089976951823992,4.546007428830588,entrainement spatial,3,False,3,False,3,False,3,False,3,False,3,False
594270.1313,371457.9973,3,9.84860016391096,3.3602881340084365,test spatial,4,True,5,True,4,True,4,True,4,True,4,True
595317.5852,297772.217,4,9.857504201216065,2.693715438160271,test spatial,2,True,3,True,3,True,3,True,4,False,4,False
595686.1426,300225.1193,3,9.860835243210248,2.7159022473239065,test spatial,2,True,3,False,3,False,4,True,3,False,3,False
559514.055,423051.4189,4,9.536017436567965,3.827253666458516,test spatial,2,True,3,True,2,True,2,True,5,True,2,True
591721.2734,273790.2705,3,9.825012927681286,2.476792780130355,test spatial,2,True,3,False,3,False,3,False,3,False,3,False
463858.3559,495768.7736,2,8.67421485769979,4.485211027512823,entrainement spatial,2,False,2,False,2,False,2,False,2,False,2,False
532688.6891,438545.6937,4,9.294464712267349,3.9675442569337225,entrainement spatial,4,False,4,False,4,False,4,False,4,False,4,False
504956.9749,448781.2535,4,9.04465841307224,4.060195364781003,entrainement spatial,4,False,4,False,4,False,4,False,4,False,4,False
523855.6674,438296.7437,2,9.214895366917458,3.965316629576613,entrainement spatial,2,False,2,False,2,False,1,True,2,False,1,True
456588.4139,495968.3908,2,8.60868270731909,4.486984687802406,entrainement spatial,2,False,2,False,2,False,3,True,2,False,2,False
607225.0582,337048.3951,4,9.96491565726846,3.048919166408374,test spatial,3,True,2,True,3,True,2,True,3,True,3,True
590002.8828,376110.934,3,9.810224860529445,3.402411760011924,test spatial,4,True,3,False,4,True,4,True,4,True,4,True
499367.5443,463013.267,1,8.994301157820816,4.188951382789245,entrainement spatial,1,False,1,False,1,False,1,False,1,False,1,False
605349.4831,348191.9934,3,9.948128693888025,3.149737007619191,test spatial,3,False,3,False,3,False,4,True,4,True,3,False
411574.4205,502326.0438,3,8.202878115670194,4.544164811168407,entrainement spatial,3,False,3,False,3,False,3,False,3,False,3,False
569428.1487,408350.4223,5,9.625211312136239,3.694202185453845,test spatial,3,True,5,False,4,True,4,True,5,False,4,True
591767.3636,284279.1594,5,9.825487335353555,2.5716770261490485,test spatial,2,True,3,True,3,True,4,True,3,True,3,True
487045.795,486056.3493,3,8.883242492801068,4.397408508177504,entrainement spatial,3,False,3,False,3,False,3,False,3,False,3,False
590482.4844,375584.2114,3,9.814538044007246,3.3976433374371537,test spatial,4,True,5,True,4,True,4,True,4,True,4,True
566531.1978,413243.8836,4,9.599154667886895,3.7384886023617523,test spatial,5,True,5,True,5,True,5,True,5,True,5,True
488991.2487,492638.387,1,8.900769105473724,4.456957158463452,entrainement spatial,1,False,1,False,1,False,1,False,1,False,2,True
498684.8721,459046.9875,2,8.988150369583838,4.153069045852327,entrainement spatial,1,True,2,False,1,True,1,True,1,True,1,True
607966.5958,340770.3604,4,9.971618469376489,3.0825810831939244,test spatial,3,True,4,False,3,True,3,True,4,False,3,True
600142.3865,320032.3413,4,9.901059504101942,2.8950484129330363,test spatial,3,True,3,True,3,True,2,True,4,False,3,True
597715.3727,306264.3335,3,9.8791295704659,2.7705199737532777,test spatial,3,False,2,True,3,False,2,True,3,False,3,False
599911.0653,319602.3211,3,9.89897523449584,2.8911601271736673,test spatial,3,False,3,False,3,False,2,True,4,True,3,False
600501.9074,324670.9533,5,9.904327637299149,2.937006450141322,test spatial,3,True,3,True,3,True,4,True,3,True,3,True
444687.6212,500854.9482,2,8.50137983275556,4.531125067072608,entrainement spatial,2,False,2,False,1,True,1,True,2,False,2,False
599294.5015,309512.4118,4,9.893357727352681,2.799891383698408,test spatial,3,True,3,True,4,False,2,True,3,True,3,True
499896.1729,451167.8831,1,8.999064575144663,4.081788095579714,entrainement spatial,1,False,1,False,1,False,1,False,1,False,1,False
599142.4334,365456.3592,2,9.892407197919567,3.3059586508515735,test spatial,4,True,5,True,4,True,2,False,4,True,4,True
607804.4365,340634.5992,3,9.97015818584219,3.08135435870442,test spatial,3,False,2,True,3,False,2,True,3,False,2,True
607691.9031,343507.9019,4,9.969169178377172,3.10734645145146,test spatial,3,True,3,True,4,False,4,False,4,False,2,True
486706.7465,489937.5972,2,8.880180988721195,4.432520723160123,entrainement spatial,2,False,2,False,2,False,3,True,3,True,2,False
491003.0298,479399.8329,3,8.918915870323028,4.337193222979323,entrainement spatial,3,False,3,False,3,False,3,False,3,False,3,False
603393.7513,331230.6146,4,9.930396108162169,2.996322829541395,test spatial,3,True,3,True,3,True,2,True,3,True,3,True
591423.1483,275175.1873,3,9.822339289079263,2.489322697119722,test spatial,2,True,3,False,3,False,4,True,3,False,3,False
606542.4224,334740.6529,3,9.958754794908227,3.028049344620859,test spatial,3,False,2,True,4,True,4,True,4,True,2,True
527782.2224,436787.0693,1,9.250262040829588,3.9516489447910836,entrainement spatial,1,False,1,False,1,False,1,False,1,False,1,False
452395.4058,495881.4418,3,8.570887568059684,4.486176856794085,entrainement spatial,3,False,3,False,3,False,3,False,3,False,3,False
499486.9899,451727.3992,2,8.995378033237737,4.086849942596245,entrainement spatial,2,False,2,False,1,True,1,True,1,True,1,True
598293.1862,307771.7216,3,9.884337793276062,2.7841519416561242,test spatial,3,False,3,False,3,False,4,True,3,False,3,False
423764.2998,507992.439,3,8.312710507112007,4.595536660293264,entrainement spatial,3,False,3,False,3,False,3,False,3,False,3,False
568191.1262,427108.5311,5,9.614191512490642,3.8639032605629535,test spatial,5,False,5,False,5,False,5,False,5,False,5,False
591732.7512,279182.6386,2,9.825146644237472,2.5255731354294597,test spatial,2,False,3,True,3,True,2,False,4,True,3,True
591618.58,278106.406,2,9.824113608619854,2.5158379796347283,test spatial,2,False,4,True,3,True,4,True,4,True,3,True
598340.2837,307782.4256,3,9.884761564865123,2.7842484506707,test spatial,3,False,3,False,3,False,4,True,3,False,3,False
517869.8066,443006.0121,3,9.160982305015468,4.007932904224647,entrainement spatial,3,False,3,False,3,False,2,True,2,True,3,False
601378.6094,327719.1154,3,9.912238112239272,2.964573434317218,test spatial,3,False,3,False,3,False,2,True,3,False,3,False
592020.002,284613.8895,3,9.827761721338101,2.5747035753724337,test spatial,2,True,3,False,3,False,2,True,4,True,3,False
591267.5578,374717.6111,4,9.821598293023182,3.3897980100868623,test spatial,4,False,3,True,4,False,4,False,4,False,4,False
527786.834,436524.2116,3,9.250302869174577,3.94927091235052,entrainement spatial,2,True,3,False,2,True,3,False,2,True,2,True
606573.7679,345767.1589,3,9.959126027586866,3.127792395098021,test spatial,3,False,3,False,3,False,4,True,3,False,3,False
599916.9967,319557.8362,4,9.899028282594506,2.8907576760172518,test spatial,3,True,3,True,3,True,2,True,4,False,3,True
421524.5949,501992.6112,3,8.292573061288522,4.541242199954032,entrainement spatial,3,False,3,False,3,False,3,False,3,False,3,False
460966.234,496088.7861,3,8.648143855656281,4.488093948569685,entrainement spatial,3,False,3,False,2,True,3,False,2,True,3,False
593596.2342,290774.3878,2,9.841976603341221,2.6304229901740452,test spatial,2,False,2,False,3,True,2,False,3,True,3,True
499426.9053,460707.9539,1,8.994836175915744,4.168095607742847,entrainement spatial,1,False,1,False,1,False,1,False,1,False,1,False
598510.2769,315151.2605,3,9.886341274283316,2.850905809541898,test spatial,3,False,2,True,2,True,4,True,2,True,2,True
580379.6694,385619.0717,3,9.723664575328892,3.4884939968818314,test spatial,4,True,3,False,3,False,4,True,4,True,4,True
539893.2719,431417.0648,5,9.359336273765718,3.903027910705084,entrainement spatial,5,False,5,False,5,False,5,False,5,False,5,False
505995.0169,448292.5012,4,9.054010052054565,4.055773121207505,entrainement spatial,4,False,4,False,4,False,4,False,4,False,4,False
599205.9009,310830.5357,3,9.892569691984376,2.8118157306908738,test spatial,3,False,3,False,3,False,2,True,3,False,3,False
598944.0041,309080.8267,3,9.890201595819303,2.7959896765550636,test spatial,3,False,2,True,3,False,4,True,3,False,3,False
596130.3219,369198.1366,3,9.865325986613426,3.3398307602518345,test spatial,4,True,3,False,3,False,3,False,4,True,4,True
608342.4645,341848.8376,2,9.97500957252742,3.092333592127869,test spatial,3,True,3,True,3,True,2,False,4,True,2,False
594211.3916,293721.622,3,9.847528143816472,2.6570802706440406,test spatial,2,True,3,False,3,False,2,True,4,True,3,False
606028.7465,333216.1418,3,9.954120715988921,3.01426302216055,test spatial,3,False,2,True,4,True,2,True,4,True,3,False
591685.1853,281685.5099,2,9.824733157441045,2.548214863223808,test spatial,2,False,3,True,3,True,4,True,3,True,3,True
501119.8079,450563.3915,1,9.010088782745125,4.0763192854650505,entrainement spatial,2,True,1,False,1,False,1,False,4,True,1,False
579169.2074,386626.8646,2,9.712774138867685,3.497619117933278,test spatial,4,True,2,False,3,True,4,True,4,True,4,True
577445.2702,387866.6534,3,9.697262315607649,3.5088463271419754,test spatial,2,True,3,False,3,False,3,False,4,True,4,True
524486.3771,437933.1602,4,9.220575993228834,3.9620258584714616,entrainement spatial,3,True,4,False,2,True,2,True,2,True,3,True
546321.3668,429692.0319,4,9.417228306618322,3.887395311082016,test spatial,4,False,4,False,5,True,4,False,5,True,4,False
571581.4805,403897.6755,5,9.644572680130729,3.653907107034534,test spatial,2,True,1,True,4,True,4,True,4,True,2,True
498879.363,452403.179,3,8.989903539519753,4.092963571724765,entrainement spatial,2,True,3,False,1,True,1,True,1,True,3,False
598551.5144,315345.7738,4,9.886713624282756,2.852665089392137,test spatial,3,True,3,True,3,True,2,True,3,True,3,True
498576.089,456402.161,1,8.987170592065173,4.129141709076985,entrainement spatial,1,False,1,False,1,False,2,True,1,False,1,False
518749.176,443171.8361,2,9.168904495355545,4.009431485032174,entrainement spatial,1,True,2,False,2,False,1,True,1,True,2,False
486989.9269,486327.7085,2,8.882738565001127,4.399863350657059,entrainement spatial,3,True,2,False,3,True,2,False,3,True,2,False
574990.0106,389593.4783,3,9.675169187037621,3.524484053119086,test spatial,4,True,3,False,4,True,2,True,4,True,4,True
597762.0899,304367.5101,3,9.879537221049283,2.75336093952612,test spatial,3,False,2,True,2,True,3,False,3,False,3,False
586341.8107,380090.0371,4,9.777298199599505,3.4384345637900817,test spatial,4,False,3,True,3,True,4,False,4,False,4,False
501386.9876,450031.118,2,9.012495833726902,4.071503850450526,entrainement spatial,2,False,2,False,3,True,3,True,4,True,2,False
486883.1184,488787.2367,2,8.881772369756806,4.422113952090711,entrainement spatial,2,False,2,False,2,False,3,True,3,True,2,False
593585.2039,290493.1152,2,9.841875678313492,2.627878626330755,test spatial,2,False,2,False,3,True,2,False,3,True,3,True
598096.2328,307108.0744,4,9.882561494542136,2.7781499107554897,test spatial,3,True,3,True,3,True,3,True,3,True,3,True
499423.4091,460690.4729,1,8.994804674722655,4.16793745983436,entrainement spatial,1,False,1,False,1,False,1,False,1,False,1,False
499271.059,464392.9485,2,8.993431657500654,4.201433116434185,entrainement spatial,1,True,2,False,1,True,1,True,1,True,2,False
507178.3873,447655.6984,4,9.064670760609824,4.0500112749808554,entrainement spatial,4,False,4,False,4,False,4,False,4,False,4,False
599351.3601,310333.6865,4,9.893874883733917,2.8073202328832267,test spatial,3,True,3,True,3,True,2,True,3,True,3,True
605612.6144,347631.6546,3,9.95049202192632,3.144666135275254,test spatial,3,False,3,False,3,False,4,True,3,False,3,False
593380.215,288821.0826,3,9.840021686745262,2.6127544250283337,test spatial,2,True,2,True,3,False,2,True,3,False,3,False
597841.8639,306486.5967,3,9.880268986774913,2.772529723283858,test spatial,3,False,4,True,3,False,3,False,3,False,3,False
603247.2062,354021.9306,3,9.929257374303692,3.2024907894108052,test spatial,3,False,3,False,3,False,3,False,3,False,3,False
499062.91,452209.7772,2,8.991557237862308,4.091213913636102,entrainement spatial,3,True,2,False,2,False,2,False,4,True,2,False
603902.8786,331662.3934,3,9.934980433683995,3.000224717696464,test spatial,3,False,3,False,4,True,3,False,4,True,3,False
607359.4414,339923.7384,4,9.966148158815209,3.074927741288384,test spatial,3,True,3,True,3,True,3,True,3,True,3,True
593007.6663,287710.4438,3,9.836663948199453,2.6027096627929325,test spatial,2,True,2,True,3,False,2,True,3,False,3,False
536217.6683,433793.4671,5,9.326237192122786,3.9245401526144894,entrainement spatial,5,False,5,False,5,False,5,False,5,False,5,False
592644.8817,286326.4975,3,9.833392496068024,2.590192429982763,test spatial,2,True,3,False,3,False,4,True,3,False,3,False
596451.1882,368814.2431,2,9.86821102233167,3.3363555166929872,test spatial,2,False,3,True,3,True,4,True,3,True,4,True
604732.6215,332287.6639,3,9.942451129650244,3.005874372892028,test spatial,3,False,2,True,3,False,4,True,3,False,3,False
596413.417,301181.2532,2,9.867383806014564,2.724546795336036,test spatial,2,False,2,False,3,True,2,False,4,True,2,False
498670.8029,459168.3348,1,8.988023586030684,4.154166853165346,entrainement spatial,1,False,1,False,1,False,1,False,1,False,1,False
523529.0492,440535.4537,2,9.211958327920563,3.9855705852936696,entrainement spatial,2,False,2,False,2,False,1,True,1,True,2,False
502972.2029,449824.6589,1,9.026777504415197,4.069635695946269,entrainement spatial,1,False,1,False,1,False,1,False,1,False,1,False
540056.913,431298.7396,5,9.360809784784685,3.901956823375411,entrainement spatial,4,True,5,False,4,True,5,False,5,False,4,True
408967.0195,502519.8101,3,8.179373041530576,4.545891201471819,entrainement spatial,3,False,3,False,3,False,3,False,3,False,3,False
595508.6436,369948.7345,4,9.859736229933993,3.346625585856314,test spatial,5,True,5,True,4,False,2,True,4,False,4,False
572443.588,401550.1265,3,9.652320104401662,3.63266471629517,test spatial,2,True,1,True,4,True,4,True,4,True,4,True
395997.7579,502386.3264,3,8.062471656652875,4.544541102412289,entrainement spatial,3,False,3,False,3,False,3,False,3,False,3,False
596997.2961,301992.0159,4,9.872641556560449,2.7318771838679865,test spatial,2,True,2,True,3,True,2,True,3,True,3,True
598224.6806,307394.9413,4,9.883718963812285,2.7807440454009815,test spatial,3,True,3,True,3,True,3,True,3,True,3,True
423723.0284,507505.4362,4,8.312342670089711,4.591130837428531,entrainement spatial,3,True,4,False,3,True,3,True,3,True,3,True
516568.4062,443306.3219,2,9.14925900341178,4.010651986453414,entrainement spatial,2,False,2,False,3,True,1,True,4,True,2,False
461275.3721,495945.5269,2,8.650931052746945,4.486799280152048,entrainement spatial,3,True,2,False,2,False,2,False,2,False,3,True
595886.4683,299023.165,3,9.862629626613575,2.7050279830762936,test spatial,2,True,3,False,3,False,4,True,4,True,3,False
547592.8559,430005.9445,5,9.42868215315207,3.890229408844513,test spatial,5,False,5,False,5,False,5,False,5,False,5,False
571812.9111,403419.1634,4,9.646653466016867,3.6495768083628857,test spatial,2,True,1,True,4,False,4,False,4,False,1,True
586786.0079,379587.2644,4,9.781293166939331,3.4338831331395214,test spatial,4,False,3,True,3,True,4,False,4,False,4,False
489521.9697,492495.8786,1,8.905553088671654,4.455668550803818,entrainement spatial,2,True,1,False,3,True,2,True,3,True,1,False
518204.8045,442979.2123,4,9.16400011738537,4.0076898501746685,entrainement spatial,2,True,4,False,3,True,1,True,4,False,4,False
387912.6989,502690.5279,3,7.989592426290582,4.547194193743849,entrainement spatial,3,False,3,False,3,False,4,True,3,False,3,False
457480.9689,495953.2571,2,8.616728254719,4.486852050005992,entrainement spatial,2,False,2,False,2,False,2,False,2,False,2,False
509332.6681,446386.149,4,9.08407768105885,4.038524062652925,entrainement spatial,4,False,4,False,4,False,4,False,4,False,3,True
506033.359,448270.774,4,9.054355468837919,4.055576535175376,entrainement spatial,4,False,4,False,4,False,4,False,4,False,4,False
491378.1138,478132.9298,3,8.922297437843623,4.325732175953207,entrainement spatial,3,False,3,False,3,False,3,False,3,False,3,False
492628.9415,471612.0898,3,8.933575303528801,4.2667405290211455,entrainement spatial,3,False,3,False,3,False,5,True,3,False,3,False
591780.7056,262852.6755,4,9.825487439158332,2.3778487147439127,test spatial,3,True,3,True,3,True,2,True,3,True,3,True
408757.7857,502519.8101,3,8.177487011191962,4.5458890503153455,entrainement spatial,3,False,3,False,3,False,3,False,3,False,3,False
525444.5337,438063.818,2,9.229207453543319,3.9632055434725437,entrainement spatial,2,False,2,False,2,False,2,False,2,False,2,False
486876.7043,486874.4175,3,8.881717296000426,4.404809133703836,entrainement spatial,3,False,3,False,3,False,3,False,3,False,3,False
522571.6056,443177.8263,3,9.203339250459697,4.0094778227730155,entrainement spatial,2,True,3,False,4,True,1,True,4,True,3,False
602180.5572,356736.5753,1,9.919680027325057,3.227055768960942,test spatial,2,True,1,False,2,True,4,True,2,True,2,True
502048.974,449642.7704,1,9.018459809742383,4.067990410909157,entrainement spatial,1,False,1,False,1,False,1,False,1,False,1,False
515025.1607,443751.1879,1,9.135357131992508,4.014679044858659,entrainement spatial,1,False,1,False,1,False,1,False,1,False,1,False
605798.7256,347264.2661,3,9.952163816599443,3.1413412850713214,test spatial,3,False,3,False,3,False,4,True,3,False,3,False
593922.677,293002.9358,2,9.844926635449884,2.6505807312052965,test spatial,2,False,3,True,3,True,3,True,4,True,3,True
499535.2875,461155.4673,2,8.995812723653273,4.172144192675448,entrainement spatial,1,True,2,False,1,True,1,True,1,True,1,True
486900.2894,488656.3075,1,8.881927326020445,4.420929492472182,entrainement spatial,1,False,1,False,1,False,1,False,1,False,1,False
415982.8161,501656.2769,3,8.242621984253136,4.538148996777928,entrainement spatial,3,False,3,False,3,False,3,False,3,False,3,False
497885.9268,453890.1623,2,8.980952785742343,4.106415921747173,entrainement spatial,2,False,2,False,1,True,2,False,1,True,2,False
394382.8694,502330.888,3,8.047916247011631,4.544020547736572,entrainement spatial,3,False,3,False,3,False,3,False,3,False,3,False
493779.0252,470251.0894,4,8.943940233505412,4.254428647265984,entrainement spatial,4,False,4,False,3,True,4,False,3,True,4,False
582629.342,383711.8279,3,9.743903890885566,3.4712248062378217,test spatial,4,True,3,False,3,False,4,True,4,True,4,True
498267.1805,452791.3218,3,8.984387968876762,4.096474952786703,entrainement spatial,3,False,3,False,2,True,1,True,3,False,3,False
492525.1704,470934.4007,3,8.932640698807752,4.260609526170748,entrainement spatial,3,False,3,False,3,False,3,False,3,False,3,False
595502.1173,297832.9776,3,9.859164564496671,2.6942639086034252,test spatial,2,True,3,False,3,False,2,True,4,True,3,False
571133.8641,392892.2336,2,9.640472542407874,3.5543505301254865,test spatial,4,True,4,True,4,True,2,False,4,True,4,True
551346.4194,431781.2281,5,9.462499608372001,3.906271767261797,test spatial,5,False,5,False,5,False,4,True,5,False,5,False
566968.8305,412617.7202,4,9.603091807684834,3.732821354666475,test spatial,4,False,2,True,5,True,2,True,5,True,5,True
497615.0665,467125.8595,4,8.978509159914783,4.226157008564927,entrainement spatial,3,True,4,False,3,True,4,False,4,False,4,False
607872.3171,340740.1913,4,9.970769866357344,3.0823089586843033,test spatial,3,True,4,False,3,True,3,True,3,True,3,True
605114.7602,332423.451,2,9.945890601373721,3.0070996915730563,test spatial,1,True,1,True,2,False,2,False,1,True,1,True
527761.4705,437036.0924,3,9.250075783997614,3.9539018622783337,entrainement spatial,2,True,3,False,4,True,3,False,4,True,3,False
454675.4406,495890.9069,2,8.591439613757753,4.48627427711896,entrainement spatial,2,False,2,False,2,False,1,True,2,False,2,False
539155.6281,431829.9439,5,9.352693635797715,3.9067659347259798,entrainement spatial,5,False,5,False,5,False,5,False,5,False,5,False
407117.4982,502567.6006,3,8.162701016680149,4.546304317173631,entrainement spatial,3,False,3,False,3,False,3,False,3,False,3,False
454466.9233,495879.7363,2,8.589560105605429,4.486172167429393,entrainement spatial,2,False,2,False,2,False,3,True,2,False,2,False
486954.5854,487529.759,3,8.882418320229718,4.410737960987272,entrainement spatial,3,False,3,False,3,False,3,False,3,False,3,False
498418.3262,465934.4471,1,8.98574759825052,4.215378680534025,entrainement spatial,1,False,1,False,1,False,1,False,1,False,1,False
498541.463,456140.3682,1,8.986858651487982,4.126773305681907,entrainement spatial,1,False,1,False,1,False,1,False,1,False,1,False
593758.5097,372009.6339,3,9.84399928053018,3.3652822530919155,test spatial,4,True,2,True,4,True,4,True,4,True,4,True
598761.7504,312086.564,3,9.888582545189207,2.823180825124136,test spatial,3,False,5,True,3,False,4,True,3,False,3,False
572356.133,391553.2107,1,9.651468604206759,3.5422294953691082,test spatial,4,True,1,False,1,False,4,True,4,True,3,True
606953.9321,345023.7266,3,9.962540919578917,3.1210643390441377,test spatial,3,False,2,True,3,False,2,True,3,False,3,False
496548.745,468378.5501,3,8.968899994198674,4.237489545744464,entrainement spatial,3,False,3,False,3,False,4,True,4,True,3,False
593342.8451,288571.1716,4,9.839684040856941,2.6104939192860197,test spatial,2,True,3,True,3,True,4,False,3,True,3,True
451870.2634,496166.9219,4,8.56615245006064,4.488756653091649,entrainement spatial,2,True,4,False,2,True,2,True,2,True,2,True
564782.3739,416163.3161,5,9.583423499927571,3.7649097558196116,test spatial,5,False,5,False,5,False,5,False,5,False,5,False
593887.5096,292989.262,3,9.844610209449698,2.650457253162006,test spatial,2,True,3,False,3,False,2,True,4,True,3,False
414877.0016,501877.9823,2,8.232652033640845,4.540143996071095,entrainement spatial,2,False,2,False,3,True,3,True,3,True,2,False
576126.1419,388802.5197,3,9.6853925730992,3.517321286786219,test spatial,4,True,4,True,4,True,4,True,4,True,4,True
518805.7426,443282.0282,2,9.16941428700128,4.010428268544847,entrainement spatial,2,False,2,False,4,True,1,True,4,True,3,True
508886.2014,446644.1578,4,9.080055709655646,4.040858638028299,entrainement spatial,4,False,4,False,4,False,4,False,4,False,4,False
592131.1996,284841.1727,3,9.82876325295401,2.5767589662546353,test spatial,2,True,4,True,3,False,4,True,4,True,4,True
506600.8209,447960.2036,4,9.059467614189172,4.052766489250184,entrainement spatial,4,False,4,False,4,False,4,False,4,False,4,False
499432.1496,460922.9701,1,8.994883416684623,4.170040823813918,entrainement spatial,1,False,1,False,1,False,1,False,1,False,2,True
452713.7972,498213.7782,2,8.573745262476093,4.507278027330057,entrainement spatial,3,True,2,False,3,True,3,True,3,True,3,True
517344.958,443051.9047,1,9.156254234034645,4.008349005817005,entrainement spatial,1,False,1,False,1,False,1,False,1,False,2,True
542915.787,430227.676,5,9.3865560825708,3.892255767628934,entrainement spatial,5,False,5,False,5,False,5,False,5,False,5,False
595485.7246,369985.9779,4,9.859530230158349,3.3469626704790922,test spatial,4,False,2,True,4,False,2,True,4,False,4,False
607256.9984,337800.2653,4,9.965209128175383,3.0557201477886298,test spatial,3,True,4,False,4,False,2,True,4,False,3,True
571027.1496,395223.4829,2,9.639526318319632,3.5754406009988666,test spatial,5,True,3,True,4,True,3,True,5,True,5,True
503094.5783,449585.7417,1,9.027879948224125,4.067474209134024,entrainement spatial,1,False,1,False,1,False,1,False,1,False,1,False
594679.2532,296557.9707,2,9.851754396266205,2.682735283887083,test spatial,2,False,3,True,3,True,4,True,4,True,3,True
463988.1358,495771.9139,2,8.67538468414158,4.485239957714567,entrainement spatial,2,False,2,False,2,False,2,False,2,False,2,False
584566.96,381817.6033,3,9.76133336459987,3.454075371358049,test spatial,4,True,3,False,3,False,3,False,4,True,4,True
567863.5927,411026.2256,5,9.611139401770536,3.7184184545852945,test spatial,5,False,5,False,5,False,5,False,5,False,5,False
509232.6421,446421.0265,3,9.083176583087115,4.038839687304216,entrainement spatial,4,True,3,False,4,True,4,True,4,True,4,True
568324.4388,410248.1738,4,9.61528447349781,3.711376987388123,test spatial,2,True,5,True,5,True,5,True,5,True,4,False
506920.3378,447794.0548,3,9.06234606535421,4.051263148029108,entrainement spatial,3,False,3,False,4,True,3,False,4,True,3,False
450403.8128,498285.4724,4,8.552922258984564,4.5079140910844595,entrainement spatial,3,True,4,False,3,True,3,True,3,True,3,True
506568.8692,447967.872,3,9.059179762507936,4.052835885306016,entrainement spatial,4,True,3,False,4,True,3,False,4,True,4,True
568432.7706,427241.6821,5,9.616368767247595,3.8651062123644704,test spatial,5,False,5,False,5,False,5,False,5,False,5,False
568746.3823,409503.0395,4,9.619079378210676,3.704633541261417,test spatial,2,True,4,False,4,False,3,True,4,False,2,True
492076.3085,472596.5891,3,8.928594400096454,4.27564665254736,entrainement spatial,3,False,3,False,3,False,3,False,3,False,3,False
578886.0259,386812.8759,3,9.710226005525985,3.4993037682771426,test spatial,4,True,2,True,3,False,4,True,4,True,4,True
486764.1884,489810.1312,2,8.880698926560482,4.43136765374543,entrainement spatial,2,False,2,False,2,False,3,True,3,True,2,False
591453.3307,274822.6644,2,9.822608780971443,2.4861335328628065,test spatial,2,False,3,True,3,True,2,False,3,True,3,True
532708.6165,438687.4928,5,9.294644674311932,3.9688270149772236,entrainement spatial,4,True,5,False,4,True,5,False,4,True,4,True
595603.3849,298080.5206,3,9.860077100053239,2.696502557922645,test spatial,2,True,3,False,3,False,2,True,4,True,3,False
607247.172,337303.9327,3,9.965116700859753,3.0512305201239536,test spatial,3,False,2,True,4,True,2,True,4,True,2,True
607028.5611,335570.6133,4,9.963135688900445,3.035553081467797,test spatial,3,True,2,True,4,False,2,True,4,False,2,True
599490.2371,309820.4546,3,9.895120742239543,2.8026765843113717,test spatial,3,False,2,True,4,True,2,True,3,False,3,False
461313.0719,495937.987,2,8.651270911868126,4.486731232246586,entrainement spatial,3,True,2,False,2,False,2,False,2,False,3,True
607310.4165,339968.9921,3,9.965707384770953,3.075337496413296,test spatial,3,False,4,True,4,True,3,False,4,True,3,False
499388.9105,451853.2921,2,8.994494378684063,4.0879888714525645,entrainement spatial,2,False,2,False,2,False,2,False,4,True,2,False
597567.0246,303129.401,4,9.87777423293839,2.7421622599115527,test spatial,3,True,3,True,3,True,2,True,3,True,3,True
487259.4748,490854.352,3,8.885161728428148,4.440815167625674,entrainement spatial,3,False,3,False,3,False,2,True,3,False,3,False
594216.2256,294263.0366,4,9.847574970609248,2.6619779429478347,test spatial,2,True,3,True,3,True,3,True,4,False,3,True
412693.7363,502204.2391,3,8.212968856049983,4.543074070472968,entrainement spatial,3,False,3,False,3,False,3,False,3,False,3,False
566844.9865,412803.4862,4,9.601977709224574,3.7345026400708528,test spatial,5,True,5,True,5,True,5,True,5,True,5,True
535848.9562,434110.731,5,9.322917089775482,3.927411650954389,entrainement spatial,5,False,5,False,5,False,5,False,5,False,5,False
412581.8226,502215.6202,2,8.211959951307028,4.543175920310563,entrainement spatial,3,True,2,False,3,True,3,True,3,True,3,True
486842.2127,487812.6282,2,8.881405071645371,4.4132968486379465,entrainement spatial,2,False,2,False,3,True,3,True,3,True,2,False
592109.2045,284793.5165,3,9.828565131964833,2.5763279891820523,test spatial,2,True,2,True,3,False,2,True,4,True,3,False
520590.4776,443416.625,2,9.185492553914706,4.011642444358373,entrainement spatial,2,False,2,False,2,False,2,False,5,True,2,False
592124.3325,269710.2842,2,9.828615337461983,2.439882158249835,test spatial,3,True,2,False,3,True,2,False,3,True,3,True
492673.4149,471434.1964,3,8.933976215236054,4.265131196726237,entrainement spatial,3,False,3,False,3,False,5,True,3,False,3,False
602096.6326,356904.4246,3,9.91892609045132,3.2285747950308146,test spatial,3,False,5,True,3,False,4,True,4,True,3,False
603469.2941,353355.6877,3,9.931250618222139,3.1964622485650747,test spatial,3,False,3,False,3,False,2,True,4,True,2,True
591613.5795,272455.7605,4,9.824036869506907,2.464721137801693,test spatial,2,True,2,True,3,True,4,False,3,True,3,True
597542.1637,302911.8683,3,9.877549152800492,2.740194615739176,test spatial,3,False,5,True,3,False,4,True,3,False,3,False
550230.5417,431249.8394,4,9.452446051240766,3.9014699927554126,test spatial,5,True,4,False,5,True,4,False,5,True,5,True
591583.4974,280550.5418,3,9.82381199749707,2.5379483107124203,test spatial,2,True,3,False,3,False,4,True,3,False,3,False
607696.2652,338518.9404,4,9.969167562022024,3.0622175286444726,test spatial,3,True,2,True,4,False,2,True,3,True,2,True
487183.722,490778.5992,3,8.884479028885199,4.44012974426433,entrainement spatial,2,True,3,False,3,False,2,True,3,False,3,False
492900.1472,470529.0478,5,8.936020097382977,4.256942665574803,entrainement spatial,4,True,5,False,3,True,5,False,3,True,5,False
498809.1471,452470.9312,2,8.989270916114705,4.093576507519483,entrainement spatial,2,False,2,False,1,True,2,False,1,True,2,False
597937.2098,367215.127,3,9.881573613078901,3.321878078743566,test spatial,3,False,2,True,3,False,2,True,4,True,4,True
458224.2033,495983.6035,2,8.623427621257765,4.487130068453762,entrainement spatial,2,False,2,False,2,False,2,False,2,False,2,False
490920.5942,473592.4183,2,8.918178548037165,4.284654676211909,entrainement spatial,3,True,2,False,3,True,3,True,2,False,2,False
571971.2035,402907.0409,5,9.648075461501742,3.6449429321647613,test spatial,3,True,4,True,4,True,4,True,4,True,5,False
571618.9982,403802.1759,4,9.644909886087335,3.653042939113001,test spatial,2,True,1,True,4,False,4,False,4,False,2,True
603365.1815,331175.9593,4,9.930138626247984,2.995828644410224,test spatial,3,True,3,True,3,True,2,True,3,True,3,True
420430.3519,503965.4829,4,8.282691717651048,4.5590791084480795,entrainement spatial,3,True,4,False,3,True,4,False,4,False,3,True
571786.957,391918.0671,1,9.646346459373538,3.545533730703795,test spatial,4,True,1,False,1,False,4,True,4,True,3,True
501395.9145,450322.0788,1,9.01257630001023,4.074136129421336,entrainement spatial,1,False,1,False,1,False,1,False,1,False,1,False
595227.6352,370334.7165,4,9.857209915212518,3.3501193966077256,test spatial,4,False,2,True,4,False,2,True,4,False,4,False
598447.8334,314792.1589,4,9.885777004232931,2.8476578106785704,test spatial,3,True,3,True,3,True,2,True,3,True,3,True
516980.6312,443027.7948,2,9.152972117707854,4.008131509202668,entrainement spatial,1,True,2,False,1,True,1,True,1,True,1,True
453945.6299,495811.9479,2,8.584861541707962,4.485556260805236,entrainement spatial,2,False,2,False,3,True,3,True,3,True,2,False
571843.9488,402242.8335,4,9.646925337162394,3.6389350956342987,test spatial,3,True,3,True,4,False,2,True,5,True,5,True
597513.1593,302708.8378,4,9.877286895381946,2.7383581861055095,test spatial,3,True,3,True,3,True,4,False,3,True,3,True
522701.9379,443131.8249,3,9.204513257515961,4.0090613633412415,entrainement spatial,2,True,3,False,2,True,1,True,4,True,2,True
577818.4501,387554.7815,3,9.700619893542521,3.5060225220524854,test spatial,4,True,4,True,3,False,4,True,4,True,4,True
523418.99,442598.467,5,9.210971646112085,4.00423453216088,entrainement spatial,5,False,5,False,4,True,5,False,5,False,5,False
492523.0526,471927.6388,3,8.932620831484064,4.269595155814218,entrainement spatial,3,False,3,False,3,False,3,False,3,False,3,False
592332.9257,373478.1374,4,9.83117859446118,3.378577463309374,test spatial,4,False,3,True,4,False,4,False,4,False,4,False
499064.1826,464788.7986,2,8.99156749690511,4.205014285285038,entrainement spatial,1,True,2,False,1,True,1,True,1,True,1,True
518620.2018,442984.2373,3,9.167742271270885,4.00773455012641,entrainement spatial,1,True,3,False,1,True,1,True,1,True,3,False
488418.7579,492989.744,2,8.895608333939878,4.460135082077887,entrainement spatial,2,False,2,False,3,True,3,True,3,True,2,False
453655.195,495863.0573,2,8.582243318101092,4.486017129235223,entrainement spatial,2,False,2,False,2,False,2,False,2,False,2,False
595218.568,297540.4267,3,9.856612016616301,2.691619270756677,test spatial,2,True,3,False,3,False,2,True,4,True,3,False
519650.0821,443228.8463,4,9.177020515598187,4.009945526062294,entrainement spatial,5,True,4,False,5,True,4,False,5,True,4,False
516601.4927,443595.8283,2,9.149557543790085,4.013271049349737,entrainement spatial,2,False,2,False,3,True,1,True,2,False,2,False
522630.6885,443162.6335,2,9.203871470143119,4.009340243557453,entrainement spatial,2,False,2,False,2,False,1,True,4,True,3,True
469887.4827,497861.4506,3,8.728554677847224,4.504164981755493,entrainement spatial,3,False,3,False,3,False,3,False,3,False,3,False
546733.0873,429796.562,4,9.42093717948782,3.8883391112904326,test spatial,5,True,5,True,5,True,5,True,5,True,5,True
606307.7365,333705.7729,4,9.956634898911666,3.0186899105529976,test spatial,3,True,3,True,4,False,2,True,4,False,2,True
592821.1645,372968.1991,3,9.835569450952002,3.3739607599192336,test spatial,4,True,2,True,4,True,2,True,4,True,4,True
595142.0547,297436.9087,3,9.855923080735154,2.690683322661009,test spatial,2,True,3,False,3,False,4,True,4,True,3,False
502486.8922,449664.5425,1,9.02240514893364,4.068187279731692,entrainement spatial,1,False,1,False,1,False,1,False,1,False,1,False
571370.0173,404538.8866,4,9.642672720362055,3.6597091102154264,test spatial,2,True,1,True,4,False,4,False,4,False,4,False
591917.7995,271107.2302,3,9.826765538267754,2.452520360226965,test spatial,3,False,3,False,3,False,4,True,3,False,3,False
495327.6593,469338.2197,3,8.957896058359871,4.246170976865056,entrainement spatial,3,False,3,False,3,False,3,False,3,False,3,False
550411.8143,431351.7497,5,9.45407930468432,3.9023910524664704,test spatial,5,False,5,False,5,False,4,True,5,False,5,False
606480.8389,345975.5452,3,9.958291490379455,3.129678177017227,test spatial,3,False,5,True,3,False,4,True,3,False,3,False
597996.1841,367102.5396,3,9.882103519003735,3.3208591452586607,test spatial,4,True,2,True,4,True,2,True,4,True,4,True
486979.9505,486443.4352,3,8.88264848265879,4.400910288136492,entrainement spatial,3,False,3,False,3,False,2,True,3,False,2,True
584016.2283,382315.7755,3,9.756379138124077,3.458585907386076,test spatial,4,True,4,True,4,True,3,False,4,True,4,True
537959.9539,432533.7697,5,9.341926332500751,3.913137723541569,entrainement spatial,5,False,5,False,5,False,5,False,5,False,5,False
566665.4128,413085.2313,4,9.600362336503185,3.737052537078006,test spatial,5,True,2,True,5,True,2,True,5,True,5,True
461600.1819,495894.6971,3,8.653859111795816,4.486340838321783,entrainement spatial,3,False,3,False,2,True,3,False,2,True,3,False
473640.8034,501992.3213,1,8.762376104408508,4.541547453460784,entrainement spatial,1,False,1,False,1,False,1,False,1,False,1,False
599131.7457,318266.3273,4,9.891954262766268,2.8790803118567827,test spatial,3,True,3,True,3,True,2,True,4,False,3,True
515985.5943,443872.0952,2,9.144009561862006,4.015771390732889,entrainement spatial,1,True,2,False,1,True,1,True,1,True,2,False
452100.8792,497686.0641,4,8.568223121437228,4.5025008017797035,entrainement spatial,3,True,4,False,3,True,3,True,3,True,3,True
570824.3057,405558.6851,4,9.637765435400583,3.6689381145374655,test spatial,3,True,3,True,4,False,2,True,5,True,4,False
499530.0432,461099.5281,2,8.995765472774666,4.171638119828793,entrainement spatial,1,True,2,False,1,True,1,True,1,True,2,False
601404.7455,327975.2489,3,9.912475172483331,2.966890201603038,test spatial,3,False,3,False,2,True,4,True,3,False,3,False
590149.631,375952.6761,3,9.811544632130124,3.4009790312592783,test spatial,4,True,5,True,4,True,2,True,4,True,4,True
595726.8868,299916.1424,3,9.861199789652808,2.71310695475612,test spatial,2,True,3,False,3,False,4,True,4,True,3,False
591498.0847,261306.0639,3,9.822937422068296,2.3638592538581484,test spatial,3,False,3,False,3,False,2,True,3,False,3,False
487161.4804,485550.4758,2,8.884285880769909,4.392832154022323,entrainement spatial,2,False,2,False,3,True,1,True,2,False,3,True
515402.6148,443827.12,3,9.138757611259631,4.015365418647479,entrainement spatial,3,False,3,False,3,False,3,False,4,True,5,True
594213.8086,294021.3336,3,9.84755173550181,2.6597914832840885,test spatial,2,True,3,False,3,False,4,True,4,True,3,False
592239.9534,284960.924,2,9.829742176818998,2.577841617275599,test spatial,2,False,3,True,3,True,2,False,3,True,3,True
503741.3782,449164.5216,3,9.033706996124312,4.063663268698899,entrainement spatial,2,True,3,False,3,False,3,False,4,True,2,True
595838.9334,299304.9791,3,9.862203819297816,2.707577601437798,test spatial,2,True,3,False,3,False,2,True,3,False,3,False
491161.747,479110.3047,3,8.920346563625927,4.334574075742503,entrainement spatial,3,False,3,False,3,False,3,False,3,False,3,False
591567.489,264157.5608,3,9.823576891647136,2.389654140249972,test spatial,3,False,3,False,3,False,2,True,3,False,3,False
560611.7911,421866.7948,4,9.545897196802668,3.8165307098697694,test spatial,4,False,4,False,2,True,3,True,5,True,5,True
588603.3347,257912.4743,2,9.796886250156573,2.333175160246644,test spatial,3,True,3,True,3,True,2,False,2,False,3,True
425597.6397,507550.1332,3,8.329241623454335,4.59155126314135,entrainement spatial,3,False,3,False,3,False,3,False,3,False,3,False
595941.2121,298727.7694,4,9.863120195822363,2.7023554593981722,test spatial,2,True,3,True,3,True,2,True,4,False,3,True
568100.0007,410655.1547,5,9.613265951857267,3.7150601129550593,test spatial,2,True,5,False,3,True,5,False,5,False,2,True
490610.1317,473878.6259,2,8.915380450955018,4.287243633295908,entrainement spatial,3,True,2,False,2,False,2,False,2,False,2,False
512373.7721,443508.7398,1,9.111471309698999,4.012489270251703,entrainement spatial,3,True,1,False,2,True,1,False,2,True,2,True
600278.7427,323810.0609,4,9.902313501183265,2.9292204945164624,test spatial,3,True,3,True,3,True,2,True,3,True,3,True
487034.6436,489300.2216,2,8.883137396725235,4.426755017172438,entrainement spatial,2,False,2,False,3,True,3,True,3,True,2,False
594216.2256,293972.993,3,9.847573178839173,2.6593541733295503,test spatial,2,True,3,False,3,False,2,True,4,True,3,False
592452.348,285251.5178,3,9.831654339310923,2.580469125288497,test spatial,2,True,3,False,3,False,2,True,3,False,3,False
486871.9873,486887.3315,1,8.88167476240175,4.404925956774275,entrainement spatial,1,False,1,False,1,False,1,False,1,False,1,False
598875.696,311805.498,3,9.889605724265268,2.8206375154259917,test spatial,3,False,3,False,3,False,4,True,3,False,3,False
493925.9461,470179.6144,4,8.945264243486852,4.25378212188605,entrainement spatial,4,False,4,False,3,True,4,False,3,True,4,False
583790.0902,382609.6412,3,9.754345488957892,3.461245900448588,test spatial,4,True,3,False,3,False,3,False,4,True,4,True
590574.6292,258448.3332,3,9.81461740363294,2.338012459545341,test spatial,3,False,3,False,3,False,2,True,3,False,3,False
539316.7516,431756.9348,5,9.354144657331165,3.906104829375779,entrainement spatial,5,False,5,False,4,True,5,False,5,False,5,False
512035.5008,443626.9706,3,9.108424077780928,4.013559297778813,entrainement spatial,3,False,3,False,3,False,4,True,2,True,3,False
569170.0327,427500.5869,5,9.623010677487752,3.867443496318347,test spatial,5,False,5,False,5,False,5,False,5,False,5,False
525141.4804,437965.8247,1,9.226477285898165,3.9623197703775266,entrainement spatial,2,True,1,False,2,True,1,False,2,True,1,False
549479.5582,430925.4405,5,9.445680243490013,3.898538902968131,test spatial,5,False,5,False,5,False,4,True,5,False,5,False
465677.5614,502156.3459,1,8.690588757756274,4.543004088969406,entrainement spatial,1,False,1,False,2,True,1,False,1,False,1,False
533062.1986,437391.9649,4,9.297825579488505,3.9571055445220935,entrainement spatial,4,False,4,False,4,False,4,False,4,False,4,False
599884.3744,319151.5412,4,9.898731889458151,2.887082580190436,test spatial,3,True,3,True,3,True,2,True,4,False,3,True
575982.9602,388886.1945,3,9.6841040677261,3.518079185754141,test spatial,4,True,4,True,4,True,4,True,4,True,4,True
513459.86,443297.0063,4,9.121255227642624,4.010572352969487,entrainement spatial,3,True,4,False,3,True,4,False,4,False,2,True
498489.9644,455929.3902,1,8.986394684052875,4.124864612976814,entrainement spatial,2,True,1,False,1,False,1,False,1,False,2,True
607451.8345,340310.2807,4,9.966982693330987,3.0784235518284717,test spatial,3,True,2,True,3,True,2,True,4,False,2,True
409945.2106,502433.0878,3,8.188191331203674,4.545116717776741,entrainement spatial,3,False,3,False,3,False,3,False,3,False,3,False
595136.1722,370451.9035,3,9.856387576880339,3.3511801916432815,test spatial,4,True,3,False,4,True,4,True,4,True,4,True
564955.3257,415896.3027,4,9.584979420079161,3.7624931855373327,test spatial,5,True,5,True,5,True,1,True,5,True,5,True
486969.9741,486501.2986,3,8.882558482070552,4.401433750213531,entrainement spatial,3,False,3,False,3,False,2,True,3,False,2,True
498345.4268,454213.8632,2,8.985092699066698,4.109344482532482,entrainement spatial,2,False,2,False,1,True,2,False,1,True,2,False
563525.8707,418067.1887,5,9.572119211138078,3.7821406016255836,test spatial,5,False,5,False,5,False,5,False,5,False,5,False
406385.2727,502556.7794,4,8.156100889157592,4.5461987281081715,entrainement spatial,3,True,4,False,3,True,4,False,3,True,4,False
567355.843,411874.6562,5,9.606572332634371,3.726096880168831,test spatial,3,True,5,False,5,False,5,False,5,False,5,False
548215.1219,430356.7966,5,9.434288594866702,3.8934005629369937,test spatial,5,False,5,False,5,False,5,False,5,False,5,False
421708.7396,506657.0403,2,8.294191771079705,4.583438475813905,entrainement spatial,2,False,2,False,1,True,1,True,1,True,2,False
517328.8848,443040.2962,1,9.156109417037998,4.008244013328828,entrainement spatial,1,False,1,False,1,False,1,False,1,False,1,False
511358.9294,444361.6235,4,9.102329891541395,4.020206382769487,entrainement spatial,4,False,4,False,4,False,4,False,2,True,4,False
607685.3694,338578.8674,4,9.969070006562518,3.062759702473245,test spatial,3,True,2,True,4,False,2,True,4,False,3,True
512553.3077,443377.3723,4,9.113088522302455,4.0113005852958326,entrainement spatial,3,True,4,False,3,True,4,False,4,False,3,True
568020.9888,426731.2699,5,9.612656711587446,3.860491522526817,test spatial,4,True,5,False,5,False,5,False,5,False,5,False
599851.7522,319276.0988,3,9.898439273570524,2.888209556811924,test spatial,3,False,3,False,3,False,4,True,4,True,3,False
516450.2403,443760.0789,3,9.148195230234272,4.014757246772597,entrainement spatial,2,True,3,False,2,True,1,True,2,True,4,True
512104.4687,443700.3174,2,9.109045475379501,4.014222772549286,entrainement spatial,1,True,2,False,1,True,1,True,1,True,2,False
515328.7877,443833.9087,3,9.138092536330333,4.015426947935529,entrainement spatial,3,False,3,False,3,False,3,False,4,True,3,False
562180.2322,419983.0533,5,9.560011824463494,3.799480368889924,test spatial,5,False,3,True,5,False,4,True,5,False,5,False
522774.8021,441795.5613,1,9.205166651808783,3.99697227223341,entrainement spatial,1,False,1,False,2,True,1,False,2,True,1,False
599303.9633,310521.6393,3,9.893449776401559,2.8090207792757336,test spatial,3,False,2,True,4,True,2,True,3,False,3,False
420139.2724,503313.2494,4,8.280073688545409,4.553176364942296,entrainement spatial,3,True,4,False,3,True,4,False,3,True,3,True
527761.4705,436971.5309,3,9.250075608981522,3.953317787618993,entrainement spatial,2,True,3,False,2,True,3,False,4,True,3,False
519469.0131,443360.0446,1,9.175389588382862,4.011132806625271,entrainement spatial,1,False,1,False,1,False,1,False,1,False,1,False
573386.4739,390814.3843,2,9.660740275367134,3.5355392095008007,test spatial,1,True,1,True,1,True,2,False,4,True,4,True
456701.3275,495970.1831,2,8.609700499603969,4.487001447013613,entrainement spatial,2,False,2,False,2,False,3,True,2,False,2,False
496512.2451,468423.6609,4,8.968571069255738,4.237897641549504,entrainement spatial,3,True,4,False,4,False,4,False,4,False,4,False
572068.7236,399577.7267,3,9.648932060895849,3.614824104580182,test spatial,2,True,3,False,2,True,2,True,4,True,2,True
467553.4309,500787.1768,2,8.707504249412354,4.530624787914597,entrainement spatial,2,False,2,False,2,False,2,False,2,False,2,False
457081.2907,495964.8062,1,8.613125506756605,4.486954628457704,entrainement spatial,2,True,1,False,2,True,2,True,2,True,2,True
542218.228,430447.242,5,9.380273933079476,3.894244980713261,entrainement spatial,5,False,5,False,5,False,5,False,5,False,5,False
501422.3761,449884.8207,3,9.012814639589953,4.070180314877229,entrainement spatial,2,True,3,False,3,False,2,True,4,True,3,False
599907.2238,322691.0283,4,9.898962772227433,2.919100474441296,test spatial,3,True,3,True,3,True,2,True,3,True,3,True
581798.7329,384460.0871,2,9.73643166411876,3.4779996068064194,test spatial,4,True,3,True,3,True,4,True,4,True,4,True
545305.9317,429621.9646,5,9.408081878401278,3.8867659212295207,test spatial,5,False,5,False,5,False,5,False,5,False,5,False
603776.9355,331649.0583,4,9.933847121114733,3.0001050628651003,test spatial,3,True,4,False,3,True,3,True,4,False,3,True
604373.3343,351000.151,3,9.939367166084967,3.1751470688924384,test spatial,3,False,3,False,3,False,3,False,3,False,3,False
468267.5125,496878.5424,3,8.713955259898132,4.495267364865327,entrainement spatial,3,False,3,False,3,False,3,False,5,True,3,False
604314.8307,351213.8164,3,9.938842423099326,3.1770803264496963,test spatial,3,False,3,False,3,False,4,True,3,False,3,False
425459.943,507485.5232,3,8.328000853120015,4.590965625800058,entrainement spatial,3,False,3,False,3,False,3,False,3,False,3,False
455587.7041,495975.1689,2,8.599662301631726,4.487041113196589,entrainement spatial,2,False,2,False,2,False,2,False,2,False,2,False
608179.8366,342424.9329,4,9.97355092891833,3.097546146619669,test spatial,3,True,2,True,3,True,3,True,3,True,3,True
516627.4892,443233.059,2,9.149791139692692,4.0099890912851,entrainement spatial,2,False,2,False,2,False,2,False,2,False,2,False
591575.5482,374340.172,3,9.824367766638826,3.386381309284141,test spatial,4,True,2,True,4,True,2,True,4,True,4,True
501402.6488,450350.1384,1,9.012636975721849,4.074389979597856,entrainement spatial,1,False,1,False,1,False,1,False,1,False,1,False
491695.5113,472985.1975,3,8.925162446628477,4.279161987446406,entrainement spatial,3,False,3,False,2,True,3,False,2,True,3,False
542643.7584,430311.2277,5,9.3841062145781,3.893012757471555,entrainement spatial,5,False,5,False,5,False,5,False,5,False,5,False
532679.6121,438632.7067,4,9.294383224670302,3.9683314717255405,entrainement spatial,4,False,4,False,4,False,4,False,4,False,5,True
495120.474,469473.3406,2,8.956028977177084,4.2473932861106265,entrainement spatial,3,True,2,False,1,True,1,True,2,False,3,True
595646.1577,369805.4906,2,9.860972860021526,3.345328714471474,test spatial,4,True,5,True,4,True,2,False,4,True,4,True
596018.5917,369355.7049,3,9.86432156076617,3.341257007035592,test spatial,4,True,3,False,4,True,3,False,4,True,4,True
468340.4336,500048.688,2,8.714601391836679,4.523946785795941,entrainement spatial,2,False,2,False,2,False,2,False,2,False,2,False
520808.3963,443342.6148,1,9.187455549134619,4.010972438489519,entrainement spatial,2,True,1,False,1,False,1,False,1,False,2,True
516127.6475,443816.7986,2,9.145289186535429,4.015270904086745,entrainement spatial,1,True,2,False,1,True,2,False,1,True,2,False
598237.5254,307478.4324,3,9.883835080343326,2.7814992202872433,test spatial,3,False,3,False,3,False,3,False,3,False,3,False
599953.5702,322412.9455,4,9.899377762089735,2.9165846145088907,test spatial,3,True,3,True,3,True,2,True,3,True,3,True
597084.7625,368177.481,2,9.873908649695817,3.330590329125544,test spatial,4,True,2,False,3,True,2,False,4,True,4,True
487351.7555,490941.1234,1,8.885993390100861,4.441600295959,entrainement spatial,2,True,1,False,3,True,2,True,3,True,3,True
603547.7798,331579.663,3,9.931784692908588,2.999479089138744,test spatial,3,False,3,False,3,False,2,True,3,False,3,False
495868.7007,468981.0973,3,8.96277170777054,4.242940407800631,entrainement spatial,3,False,3,False,4,True,4,True,4,True,4,True
426659.8713,508603.5561,3,8.338808726473342,4.60108959865388,entrainement spatial,3,False,3,False,3,False,3,False,3,False,3,False
601399.5183,327572.7534,4,9.912425156893502,2.963249300189792,test spatial,3,True,3,True,3,True,2,True,3,True,3,True
593405.9067,289045.3019,3,9.840254134147552,2.614782590052064,test spatial,2,True,2,True,3,False,2,True,3,False,3,False
534168.7865,435740.5638,4,9.307788166904178,3.9421620782978755,entrainement spatial,4,False,4,False,4,False,4,False,5,True,4,False
545756.051,429617.5879,4,9.412136126128239,3.886724350956158,test spatial,4,False,5,True,5,True,5,True,5,True,4,False
607108.323,335940.1771,3,9.963856351503512,3.0388954280186304,test spatial,2,True,2,True,4,True,4,True,4,True,2,True
525381.0195,438029.3388,2,9.228635227323181,3.9628937754719558,entrainement spatial,2,False,2,False,2,False,2,False,2,False,2,False
607621.7632,343632.2408,3,9.96853904328001,3.1084717711090826,test spatial,3,False,4,True,3,False,4,True,4,True,2,True
509079.9733,446547.2718,4,9.081801309993384,4.0399819501060685,entrainement spatial,4,False,4,False,4,False,4,False,4,False,4,False
569547.2939,427498.7031,5,9.626408499307248,3.867423944869514,test spatial,4,True,5,False,4,True,4,True,5,False,4,True
520441.4295,443439.2392,4,9.184149881180588,4.011847335297489,entrainement spatial,2,True,4,False,2,True,1,True,4,False,3,True
591738.9529,284374.3869,4,9.825232340263854,2.5725386379607067,test spatial,2,True,3,True,3,True,4,False,3,True,3,True
468781.8695,497113.7905,2,8.718590950573855,4.497397377045042,entrainement spatial,2,False,2,False,3,True,3,True,5,True,2,False
594066.3698,293170.5392,2,9.84622022852714,2.6520960054719325,test spatial,2,False,3,True,3,True,4,True,4,True,3,True
518301.9539,443019.412,4,9.164875369553915,4.008053353821899,entrainement spatial,2,True,4,False,3,True,2,True,4,False,2,True
564439.5044,416779.2675,5,9.580339451069287,3.770484000460626,test spatial,5,False,5,False,5,False,5,False,5,False,5,False
597320.4875,302288.2746,4,9.87555088014144,2.7345550270237293,test spatial,3,True,3,True,3,True,3,True,3,True,3,True
467395.6584,496683.4967,2,8.706096920157169,4.49349972874566,entrainement spatial,2,False,2,False,2,False,2,False,2,False,2,False
577096.0803,388127.8794,3,9.694120357434207,3.5112118047402503,test spatial,2,True,3,False,3,False,3,False,4,True,4,True
499635.0706,462858.3834,1,8.996711751732432,4.187550191194386,entrainement spatial,1,False,1,False,1,False,1,False,1,False,1,False
597811.5815,304869.8494,2,9.87998578440149,2.75790478541997,test spatial,3,True,2,False,3,True,2,False,3,True,3,True
487346.2462,490917.7089,3,8.885943763904617,4.441388463129866,entrainement spatial,2,True,3,False,3,False,2,True,3,False,3,False
486888.8408,490295.1641,3,8.881821783082737,4.435755806400985,entrainement spatial,3,False,3,False,3,False,3,False,3,False,2,True
607986.6354,342843.2402,2,9.9718158597135,3.101331648230036,test spatial,2,False,4,True,3,True,4,True,3,True,2,False
499476.164,463743.4325,1,8.995279853192603,4.195557071123708,entrainement spatial,1,False,1,False,1,False,3,True,1,False,1,False
596789.8909,368523.2851,2,9.87125732069372,3.3337208172976434,test spatial,2,False,2,False,2,False,2,False,2,False,4,True
460317.7978,495955.9316,2,8.642299417023471,4.486889227283792,entrainement spatial,2,False,2,False,2,False,2,False,2,False,2,False
549500.6441,430850.8287,5,9.44586981238013,3.8978638176035765,test spatial,5,False,5,False,5,False,4,True,5,False,5,False
487679.9626,484088.6879,3,8.888960929458047,4.379608413030771,entrainement spatial,3,False,3,False,3,False,3,False,3,False,3,False
497570.8458,452795.12,3,8.97811426283388,4.096509167269819,entrainement spatial,3,False,3,False,2,True,1,True,1,True,3,False
519229.4771,443360.4976,1,9.17323169917087,4.0111373660063405,entrainement spatial,1,False,1,False,1,False,1,False,1,False,1,False
594262.1492,294432.2287,2,9.84798911824724,2.6635081895010497,test spatial,2,False,2,False,3,True,2,False,3,True,3,True
593352.8023,372436.5613,3,9.840350742484214,3.3691474140644,test spatial,4,True,3,False,4,True,4,True,4,True,4,True
501025.5276,450582.472,1,9.009239377013612,4.076491914198873,entrainement spatial,1,False,1,False,1,False,1,False,4,True,1,False
459141.5646,495948.5546,2,8.631696875671125,4.486817216641491,entrainement spatial,2,False,2,False,2,False,3,True,2,False,2,False
598627.1506,308251.2603,3,9.887345456670992,2.7884875830440947,test spatial,3,False,2,True,3,False,3,False,3,False,3,False
406198.8054,502561.3274,3,8.154420036987194,4.546237896898817,entrainement spatial,3,False,3,False,3,False,3,False,3,False,3,False
547460.4588,429956.2956,5,9.427489411522782,3.8897808601739023,test spatial,5,False,5,False,5,False,5,False,5,False,5,False
599582.5379,364645.1577,2,9.89636178862986,3.298617020950853,test spatial,4,True,3,True,4,True,2,False,4,True,4,True
601150.7086,326531.8995,4,9.910178799073464,2.95383566722511,test spatial,3,True,3,True,3,True,4,False,3,True,3,True
597690.5898,367491.2342,3,9.8793560711445,3.3243777134085315,test spatial,3,False,2,True,3,False,2,True,4,True,4,True
426465.9719,508347.9255,3,8.337062861462199,4.5987755076692585,entrainement spatial,3,False,3,False,3,False,3,False,3,False,3,False
592077.1955,270222.0569,3,9.828194227209103,2.4445120175246724,test spatial,3,False,4,True,3,False,4,True,3,False,3,False
495240.1525,469390.9812,3,8.957107480666803,4.246648256813917,entrainement spatial,3,False,3,False,3,False,3,False,3,False,3,False
540751.7583,430963.9047,4,9.367067154025321,3.898924953175311,entrainement spatial,4,False,4,False,4,False,4,False,5,True,4,False
546425.8969,429724.0309,4,9.418169961489806,3.8876843275571127,test spatial,5,True,5,True,5,True,4,False,5,True,5,True
602019.4219,357139.4136,2,9.918233121233985,3.2307011023260386,test spatial,3,True,2,False,3,True,2,False,3,True,4,True
498040.0812,466751.8466,3,8.982339080177487,4.222773477886475,entrainement spatial,3,False,3,False,3,False,2,True,4,True,4,True
466763.7104,496426.0365,2,8.700401397253005,4.491168261255786,entrainement spatial,2,False,2,False,2,False,2,False,2,False,2,False
599954.3866,362219.4586,2,9.899688931609353,3.276671374834794,test spatial,2,False,3,True,1,True,4,True,1,True,1,True
500192.4317,450810.508,1,9.00173369645671,4.078554973984092,entrainement spatial,1,False,1,False,1,False,1,False,1,False,1,False
598052.4778,367043.5653,3,9.882609727362977,3.3203252136564436,test spatial,4,True,2,True,4,True,2,True,4,True,4,True
473615.9238,502070.5144,2,8.762151588421117,4.542254766334813,entrainement spatial,2,False,2,False,3,True,2,False,3,True,2,False
524379.3104,437907.7546,4,9.219611468732635,3.961796275847038,entrainement spatial,4,False,4,False,3,True,1,True,4,False,4,False
512073.8163,443674.0439,3,9.108769306116896,4.01398511698011,entrainement spatial,3,False,3,False,2,True,4,True,1,True,3,False
513786.0879,442864.2088,1,9.124193506666888,4.006656457490903,entrainement spatial,2,True,1,False,1,False,2,True,1,False,2,True
505597.3681,448493.4363,3,9.050427685028227,4.057591183917751,entrainement spatial,3,False,3,False,4,True,3,False,4,True,3,False
537569.6513,432799.3923,4,9.33841166703746,3.915542170531983,entrainement spatial,5,True,4,False,5,True,4,False,5,True,5,True
394785.0859,502375.8416,3,8.051541152941022,4.544431956345442,entrainement spatial,3,False,3,False,3,False,3,False,3,False,3,False
599240.3231,365308.1262,4,9.893287057463946,3.3046169534264123,test spatial,4,False,3,True,4,False,4,False,4,False,4,False
593053.1586,287844.8529,2,9.837073953754567,2.6039252752743667,test spatial,2,False,1,True,3,True,4,True,3,True,3,True
595127.5975,370480.4858,3,9.856310620571096,3.351438814505656,test spatial,4,True,3,False,4,True,4,True,4,True,4,True
584105.3509,382267.7864,2,9.757181097193437,3.4581511465248056,test spatial,4,True,4,True,3,True,3,True,4,True,4,True
397877.9678,502490.9557,3,8.07941811935517,4.545509386855814,entrainement spatial,3,False,3,False,3,False,3,False,3,False,2,True
591501.8829,260918.6486,3,9.82296951810992,2.3603545895225464,test spatial,3,False,2,True,3,False,2,True,3,False,3,False
522085.4373,443456.3602,2,9.198960167412707,4.011998746925851,entrainement spatial,2,False,2,False,2,False,1,True,2,False,2,False
576981.4608,388237.1678,3,9.693089181844313,3.5122012298859424,test spatial,2,True,3,False,3,False,3,False,4,True,4,True
562479.1647,419537.5852,5,9.56270139373599,3.7954486966505314,test spatial,5,False,5,False,5,False,2,True,5,False,5,False
559589.0841,423070.1311,5,9.53669327673008,3.8274225224247966,test spatial,2,True,3,True,2,True,2,True,5,False,2,True
592540.5926,285446.7256,2,9.832449235611334,2.582234485905678,test spatial,2,False,2,False,3,True,2,False,4,True,3,True
461637.2369,495868.5407,3,8.65419323751968,4.486104370380439,entrainement spatial,3,False,3,False,2,True,3,False,2,True,3,False
560125.9172,422386.1855,5,9.54152427370889,3.8212321563085636,test spatial,2,True,3,True,2,True,3,True,5,False,2,True
571930.8544,403056.022,5,9.64771311194959,3.646290931902589,test spatial,3,True,5,False,4,True,3,True,4,True,3,True
458852.533,495996.3076,2,8.629091326859252,4.48724789780582,entrainement spatial,2,False,2,False,2,False,3,True,2,False,2,False
490534.8786,474351.9092,3,8.914701811188031,4.291525255003796,entrainement spatial,3,False,3,False,3,False,3,False,3,False,3,False
597939.4429,306703.4388,3,9.881148272782854,2.7744906257547317,test spatial,3,False,3,False,3,False,4,True,3,False,3,False
539095.2067,431882.8125,4,9.35214959745918,3.907244451220754,entrainement spatial,5,True,4,False,5,True,5,True,5,True,5,True
561217.4603,421283.4658,5,9.551348595314234,3.8112501375945556,test spatial,5,False,5,False,5,False,5,False,5,False,5,False
591850.3238,374053.3182,3,9.826838937074633,3.3837843000489265,test spatial,4,True,2,True,4,True,2,True,4,True,4,True
586498.0119,379919.192,3,9.778703071026312,3.4368879232581984,test spatial,4,True,3,False,3,False,4,True,4,True,4,True
598969.0288,365705.2787,2,9.890848474192648,3.30821176218203,test spatial,4,True,5,True,4,True,2,False,4,True,5,True
592044.1602,269090.7699,3,9.82789085199958,2.4342783551837366,test spatial,3,False,3,False,3,False,4,True,3,False,3,False
522553.0366,443193.0191,3,9.20317200384856,4.009615310851691,entrainement spatial,2,True,3,False,4,True,1,True,4,True,3,False
414383.8226,501948.1654,3,8.228205829679295,4.540774123113502,entrainement spatial,2,True,3,False,3,False,3,False,3,False,2,True
585607.1769,380893.0089,2,9.770690850003117,3.445703761620975,test spatial,4,True,3,True,3,True,4,True,4,True,4,True
565609.7399,414821.1465,4,9.59086623714111,3.7527628638623556,test spatial,5,True,5,True,5,True,5,True,5,True,5,True
595697.7255,369705.2199,3,9.861436228000292,3.344421259033294,test spatial,4,True,5,True,4,True,4,True,4,True,4,True
446546.7569,497461.5547,2,8.51815908512937,4.500438344326343,entrainement spatial,2,False,2,False,3,True,2,False,2,False,2,False
486930.3388,488609.0871,1,8.882198239755281,4.4205023442305995,entrainement spatial,1,False,1,False,1,False,1,False,1,False,1,False
607682.6454,338475.3572,4,9.969044653781028,3.0618233971616107,test spatial,3,True,2,True,4,False,2,True,4,False,3,True
600818.9429,326074.0079,4,9.907190383018685,2.9496960642593835,test spatial,3,True,3,True,3,True,2,True,3,True,3,True
570568.7467,406129.6767,4,9.635467900782535,3.6741051659455612,test spatial,3,True,5,True,4,False,2,True,5,True,4,False
491143.179,476226.7728,2,8.920181950406473,4.308487353378924,entrainement spatial,2,False,2,False,2,False,2,False,1,True,2,False
498283.7563,466506.2826,4,8.984534891792004,4.2205519512503535,entrainement spatial,3,True,4,False,3,True,2,True,4,False,4,False
593713.2979,291397.2448,3,9.843033400486885,2.636056724659418,test spatial,2,True,2,True,3,False,2,True,3,False,3,False
547953.6378,430164.8209,5,9.431932486584131,3.8916650428103727,test spatial,5,False,5,False,5,False,5,False,5,False,5,False
498853.3278,464971.8046,2,8.989667495744676,4.206669885617322,entrainement spatial,1,True,2,False,1,True,2,False,1,True,1,True
599220.6103,310773.3327,2,9.892701630425783,2.8112981712428238,test spatial,3,True,5,True,3,True,2,False,3,True,3,True
517800.3665,443048.3328,3,9.160356821749685,4.008315895709014,entrainement spatial,2,True,3,False,2,True,1,True,2,True,3,False
604508.147,350570.2765,2,9.94057686393655,3.1712573984125854,test spatial,3,True,3,True,3,True,4,True,3,True,3,True
501752.2672,449568.5937,1,9.015786677878717,4.067319401877689,entrainement spatial,1,False,1,False,1,False,1,False,1,False,1,False
547179.1151,429876.8574,5,9.424954958560056,3.889063495407619,test spatial,5,False,5,False,5,False,5,False,5,False,5,False
392324.5596,502280.1519,3,8.029364044354239,4.543536865703053,entrainement spatial,3,False,4,True,3,False,3,False,3,False,3,False
549468.2042,430813.5229,5,9.445577443050885,3.8975264814605506,test spatial,5,False,5,False,5,False,4,True,5,False,5,False
599174.8479,310984.1667,3,9.892291382740307,2.813205689914266,test spatial,3,False,3,False,3,False,2,True,3,False,3,False
414273.8058,501965.237,3,8.227213970609196,4.540927489312667,entrainement spatial,2,True,3,False,3,False,3,False,3,False,3,False
516592.0394,443429.2144,2,9.149472108226933,4.011763736028433,entrainement spatial,2,False,2,False,3,True,1,True,4,True,2,False
464479.5906,495807.874,2,8.679814528682048,4.485567231366134,entrainement spatial,2,False,2,False,3,True,2,False,3,True,2,False
600091.7886,320634.3697,4,9.900608577508304,2.900494699079776,test spatial,3,True,3,True,3,True,4,False,4,False,4,False
588791.4905,377492.0938,4,9.799330685543268,3.4149150138841846,test spatial,4,False,3,True,4,False,4,False,4,False,4,False
403251.6283,502544.295,3,8.127854655359574,4.54605214926,entrainement spatial,3,False,3,False,3,False,3,False,3,False,3,False
525860.0978,437562.9634,1,9.232949617680484,3.95867336162933,entrainement spatial,2,True,1,False,2,True,1,False,2,True,2,True
486764.6856,490084.928,3,8.880703009488926,4.433853672776688,entrainement spatial,3,False,3,False,3,False,3,False,3,False,3,False
538217.4452,432384.6958,5,9.344245120663228,3.9117881408324036,entrainement spatial,5,False,5,False,5,False,5,False,5,False,5,False
527856.0071,436600.302,1,9.250926180877036,3.949959098101892,entrainement spatial,1,False,1,False,1,False,1,False,1,False,1,False
508580.8637,446821.7821,3,9.077305078915389,4.042465846463409,entrainement spatial,4,True,3,False,4,True,4,True,4,True,3,False
503918.3607,449136.9674,3,9.035301463944936,4.063413921496065,entrainement spatial,2,True,3,False,3,False,2,True,4,True,3,False
490838.8349,480845.3357,3,8.91743466237357,4.350270212832559,entrainement spatial,3,False,3,False,3,False,2,True,3,False,2,True
511586.296,443861.9308,3,9.104377606241195,4.01568547645775,entrainement spatial,3,False,3,False,3,False,4,True,2,True,3,False
512500.7607,443448.5297,2,9.112615232835205,4.011944401224398,entrainement spatial,3,True,2,False,3,True,2,False,4,True,4,True
592304.4606,285025.1463,2,9.83032278534047,2.5784222030991946,test spatial,2,False,4,True,3,True,2,False,3,True,3,True
487043.2291,489216.5128,1,8.883214900291136,4.425997736504532,entrainement spatial,2,True,1,False,2,True,1,False,3,True,2,True
594920.2955,296960.9816,3,9.853925232355941,2.686379442707759,test spatial,2,True,3,False,3,False,2,True,4,True,3,False
498591.6633,458188.763,1,8.987310658972289,4.145304814862315,entrainement spatial,1,False,1,False,1,False,1,False,1,False,1,False
503055.1835,449616.759,1,9.02752503866179,4.067754830388945,entrainement spatial,1,False,1,False,1,False,1,False,1,False,1,False
594902.1954,296943.8322,2,9.85376230402792,2.6862244218399463,test spatial,2,False,3,True,3,True,4,True,4,True,3,True
607647.234,339006.5282,3,9.968730334652715,3.0666285278389656,test spatial,3,False,2,True,4,True,2,True,4,True,3,False
507141.8573,447676.3988,3,9.064341673364986,4.050198574771537,entrainement spatial,4,True,3,False,4,True,4,True,4,True,4,True
602799.7501,330195.6129,5,9.925043568062197,2.9869648773700903,test spatial,3,True,3,True,3,True,3,True,3,True,3,True
587238.3646,379136.6565,3,9.785361933683626,3.429803523169822,test spatial,4,True,4,True,4,True,4,True,4,True,4,True
564059.2485,417277.913,5,9.576917975195348,3.7749972609574898,test spatial,5,False,5,False,5,False,5,False,5,False,5,False
590509.6601,375538.9187,3,9.814782323810489,3.39723340916285,test spatial,4,True,3,False,4,True,4,True,4,True,4,True
503213.601,449418.0806,1,9.02895220382788,4.065957365488954,entrainement spatial,1,False,1,False,1,False,1,False,1,False,1,False
497764.5535,452762.2024,4,8.979859501450303,4.09621141260786,entrainement spatial,3,True,4,False,2,True,4,False,1,True,4,False
508188.9159,447065.465,4,9.073774218977752,4.044670739748103,entrainement spatial,4,False,4,False,4,False,4,False,4,False,4,False
503022.4942,449646.0997,1,9.027230540164542,4.068020281486077,entrainement spatial,1,False,1,False,1,False,1,False,1,False,1,False
492506.1104,471963.641,3,8.932468126960984,4.2699208472188666,entrainement spatial,3,False,3,False,3,False,3,False,3,False,3,False
487050.1217,490602.3019,2,8.883275059730723,4.438534636935594,entrainement spatial,2,False,2,False,3,True,3,True,3,True,2,False
598594.259,315573.2048,2,9.887099763580764,2.8547221316076716,test spatial,3,True,3,True,3,True,3,True,3,True,3,True
593901.8239,292845.0478,2,9.844738086915742,2.649152584528158,test spatial,2,False,3,True,3,True,2,False,3,True,3,True
540562.9416,431052.0192,3,9.36536677511151,3.8997228417654273,entrainement spatial,4,True,3,False,4,True,3,False,1,True,4,True
583370.9019,382949.95,3,9.75057426302073,3.464327409003441,test spatial,4,True,3,False,4,True,1,True,4,True,4,True
599399.7252,318728.9928,4,9.89436852150925,2.8832636739848176,test spatial,3,True,3,True,3,True,4,False,4,False,3,True
525960.6645,436570.327,1,9.23385300795482,3.9496929169956694,entrainement spatial,1,False,1,False,1,False,1,False,1,False,2,True
587292.4794,379060.2591,3,9.785848506134416,3.4291120206239154,test spatial,4,True,3,False,4,True,4,True,4,True,4,True
539986.4214,431356.6434,5,9.360175068321785,3.902480935478934,entrainement spatial,4,True,5,False,4,True,5,False,5,False,4,True
523476.9987,442419.6068,5,9.21149380399526,4.002616283018926,entrainement spatial,5,False,5,False,4,True,5,False,5,False,5,False
571952.5809,402984.6352,5,9.647908281089236,3.6456449995902447,test spatial,5,False,5,False,4,True,4,True,4,True,5,False
608435.4524,341313.3888,2,9.975841895823883,3.087489294929627,test spatial,3,True,2,False,4,True,2,False,4,True,2,False
504706.1629,448865.5428,2,9.042398836060906,4.060958039968457,entrainement spatial,4,True,2,False,4,True,2,False,4,True,2,False
448115.5594,497106.3724,3,8.532302390675987,4.497234432840813,entrainement spatial,3,False,3,False,3,False,3,False,3,False,3,False
567594.2427,411496.9321,4,9.608716809626452,3.722678344224867,test spatial,3,True,5,True,5,True,5,True,5,True,5,True
498494.9372,458730.4293,1,8.98643905766257,4.1502051677312535,entrainement spatial,1,False,1,False,1,False,1,False,1,False,1,False
598672.1103,316903.1265,3,9.88780942623688,2.866752052085462,test spatial,3,False,3,False,3,False,2,True,3,False,3,False
598518.7174,315216.0304,4,9.88641765961534,2.8514916592361597,test spatial,3,True,3,True,3,True,2,True,3,True,3,True
456946.8697,495955.8448,2,8.611913880968967,4.486872915333479,entrainement spatial,2,False,2,False,2,False,2,False,2,False,2,False
561095.83,421424.9541,5,9.550253992537685,3.812530813518513,test spatial,5,False,5,False,5,False,5,False,5,False,5,False
516944.9129,443049.2258,2,9.15265038170709,4.008325452217104,entrainement spatial,1,True,2,False,1,True,1,True,1,True,2,False
497592.624,453566.6843,2,8.97831028781133,4.103489398057518,entrainement spatial,2,False,2,False,1,True,2,False,1,True,2,False
604937.0938,332428.4239,2,9.944292029126297,3.0071460663842062,test spatial,1,True,2,False,2,False,2,False,2,False,3,True
456565.1142,495971.9753,2,8.60847266703902,4.4870170024880025,entrainement spatial,3,True,2,False,3,True,3,True,3,True,2,False
607306.6454,339946.3652,3,9.965673267037426,3.075132849784505,test spatial,3,False,4,True,4,True,3,False,4,True,3,False
591590.3488,283210.7487,1,9.823888931819814,2.5620130143471322,test spatial,2,True,3,True,3,True,4,True,3,True,3,True
525606.0412,438136.4056,2,9.230662506772552,3.963861824120753,entrainement spatial,2,False,2,False,2,False,2,False,2,False,2,False
600124.555,320361.5292,3,9.900901426928261,2.898026360266997,test spatial,3,False,2,True,3,False,2,True,4,True,3,False
591658.9433,281331.2424,4,9.824495082405745,2.5450102435447737,test spatial,2,True,3,True,3,True,4,False,4,False,3,True
582348.5436,384140.1972,1,9.741379056244796,3.4751019218395616,test spatial,2,True,1,False,1,False,3,True,2,True,2,True
591728.1585,272980.8187,2,9.82507032916066,2.469470278322738,test spatial,2,False,3,True,3,True,3,True,3,True,3,True
534110.4188,435814.2914,4,9.307262647920412,3.9428292685527997,entrainement spatial,4,False,4,False,4,False,4,False,5,True,4,False
592038.3313,284638.3286,3,9.827926732853594,2.5749245482292875,test spatial,2,True,3,False,3,False,2,True,4,True,3,False
516675.2396,443067.085,2,9.150221030987504,4.008487472256145,entrainement spatial,1,True,2,False,1,True,1,True,1,True,1,True
589022.5819,258192.8979,1,9.800658090683086,2.3357097962355953,test spatial,3,True,2,True,3,True,2,True,2,True,3,True
601191.8366,326852.6978,4,9.910551212566201,2.956737279019582,test spatial,3,True,3,True,3,True,2,True,4,False,3,True
544732.0829,429784.0929,5,9.40291386142843,3.888235133137722,entrainement spatial,5,False,5,False,5,False,5,False,5,False,5,False
486915.1645,489435.4436,1,8.882060285585508,4.427978166261749,entrainement spatial,2,True,1,False,2,True,1,False,1,False,2,True
503523.0644,449183.5976,2,9.0317401603784,4.063835926462,entrainement spatial,2,False,2,False,1,True,2,False,4,True,2,False
505259.1829,448646.5962,4,9.047380995875677,4.05897698419275,entrainement spatial,4,False,4,False,4,False,4,False,4,False,4,False
597816.5306,304971.3071,3,9.880030981350176,2.7588225416282186,test spatial,3,False,2,True,3,False,2,True,3,False,3,False
591625.2366,274174.417,3,9.8241513070052,2.4802683871602116,test spatial,2,True,3,False,3,False,4,True,3,False,3,False
489276.2655,492574.5039,1,8.90333826838238,4.456379566425471,entrainement spatial,1,False,1,False,1,False,1,False,1,False,1,False
419029.8119,501778.4477,2,8.270086669605345,4.539282461858147,entrainement spatial,2,False,2,False,2,False,2,False,3,True,2,False
608395.9358,341208.67,3,9.975485445198398,3.0865423647930674,test spatial,3,False,2,True,4,True,2,True,4,True,3,False
607154.1201,336503.8284,4,9.964272964736004,3.043993717422439,test spatial,3,True,2,True,4,False,2,True,4,False,2,True
607853.4614,340728.8778,2,9.970600102864374,3.0822067750488173,test spatial,1,True,1,True,2,False,4,True,2,False,2,False
559604.6965,423060.0814,5,9.536833830139654,3.827331519396533,test spatial,2,True,3,True,2,True,3,True,5,False,2,True
594881.6161,296919.823,1,9.853577030860865,2.6860073621350886,test spatial,2,True,3,True,3,True,4,True,4,True,3,True
469388.0804,497474.6303,3,8.72405423485998,4.500663859720347,entrainement spatial,3,False,3,False,3,False,3,False,3,False,3,False
403940.304,502562.9639,3,8.134062091225323,4.546228512291606,entrainement spatial,3,False,3,False,3,False,3,False,3,False,3,False
492060.6861,472653.2204,3,8.928453568925788,4.276158971535719,entrainement spatial,3,False,3,False,3,False,3,False,2,True,3,False
540965.7505,430863.2025,4,9.368994242095987,3.8980130845329604,entrainement spatial,4,False,4,False,5,True,4,False,5,True,4,False
567845.6376,411062.1357,5,9.61097793860153,3.718743424557637,test spatial,3,True,5,False,5,False,5,False,5,False,5,False
593698.4871,372029.6414,3,9.84345916165613,3.365463710602521,test spatial,4,True,3,False,4,True,2,True,4,True,4,True
519083.7483,443360.4976,3,9.171918882884727,4.011137643778778,entrainement spatial,2,True,3,False,3,False,1,True,4,True,2,True
523401.2651,442622.6373,5,9.210812026757663,4.004453237464669,entrainement spatial,5,False,5,False,4,True,5,False,5,False,4,True
502168.0471,449596.898,2,9.019532564306253,4.067575384574625,entrainement spatial,1,True,1,True,1,True,1,True,1,True,1,True
599683.6848,364466.2054,2,9.89727070529818,3.2969974128852577,test spatial,2,False,1,True,2,False,3,True,4,True,1,True
591239.8247,268197.4513,2,9.82065188055649,2.426201648389261,test spatial,3,True,3,True,3,True,3,True,3,True,3,True
498580.3094,456779.181,1,8.98720856314987,4.13255255008513,entrainement spatial,1,False,1,False,1,False,2,True,1,False,1,False
605044.7164,332413.2007,3,9.945260279872238,3.0070075177628866,test spatial,1,True,1,True,2,True,2,True,1,True,1,True
520528.8025,443421.7646,2,9.18493695649224,4.011689067586945,entrainement spatial,2,False,2,False,2,False,2,False,5,True,2,False
605977.5858,346892.0435,3,9.953770312416527,3.137972766781274,test spatial,3,False,5,True,3,False,4,True,3,False,3,False
598339.4271,313717.0455,5,9.88479429633905,2.8379330831045686,test spatial,3,True,4,True,3,True,4,True,3,True,4,True
591472.1022,268478.0781,3,9.822742479008348,2.4287389820824274,test spatial,3,False,2,True,3,False,3,False,3,False,3,False
591142.4252,277507.8114,3,9.819827490263677,2.5104256818625084,test spatial,2,True,3,False,3,False,2,True,3,False,3,False
602780.979,355758.6086,1,9.925075684696676,3.218204316636632,test spatial,1,False,1,False,2,True,1,False,2,True,1,False
512333.2671,443577.7077,1,9.111106498034609,4.0131132624184,entrainement spatial,1,False,1,False,1,False,1,False,1,False,2,True
593254.0917,288293.2333,3,9.838884033163028,2.607980183644504,test spatial,2,True,2,True,3,False,2,True,3,False,3,False
495997.1074,468919.1599,3,8.963928842257719,4.242380126598783,entrainement spatial,3,False,3,False,3,False,4,True,4,True,3,False
498554.7529,455738.3471,1,8.986978452063477,4.1231362857248435,entrainement spatial,2,True,1,False,1,False,1,False,1,False,1,False
444462.8592,502997.0194,3,8.499340381993608,4.550501691934202,entrainement spatial,3,False,3,False,3,False,3,False,3,False,3,False
599454.9405,309631.1366,2,9.894801901979148,2.800964260226336,test spatial,3,True,3,True,4,True,4,True,4,True,2,False
598785.2052,308771.9304,4,9.888770892150513,2.793196487930444,test spatial,3,True,3,True,3,True,2,True,3,True,3,True
584274.4552,382103.2525,3,9.75870223154373,3.4566615217342456,test spatial,4,True,4,True,4,True,4,True,4,True,4,True
511101.4671,444555.1513,4,9.100010690768002,4.021957488689244,entrainement spatial,4,False,4,False,4,False,4,False,2,True,4,False
552251.8005,432307.5614,5,9.47065724184451,3.911028741912723,test spatial,5,False,5,False,5,False,5,False,5,False,5,False
494200.3653,470031.8401,4,8.947737235267708,4.252445407781691,entrainement spatial,3,True,4,False,3,True,4,False,3,True,4,False
591573.0789,280248.6522,3,9.823716559682637,2.5352174186708853,test spatial,2,True,4,True,3,False,4,True,4,True,3,False
533474.5182,436656.0149,4,9.301537330418038,3.9504462382860583,entrainement spatial,4,False,4,False,4,False,4,False,5,True,4,False
568345.3863,410215.2562,4,9.615472899310108,3.711079069609762,test spatial,3,True,5,True,5,True,5,True,5,True,5,True
497616.7641,453628.2417,2,8.978527767751524,4.104046304372426,entrainement spatial,2,False,2,False,1,True,2,False,1,True,2,False
523511.3465,440215.9058,1,9.211798116887874,3.982679736393107,entrainement spatial,1,False,1,False,1,False,1,False,1,False,1,False
575941.9527,388909.6957,3,9.683735033956369,3.518292056939861,test spatial,4,True,4,True,4,True,4,True,4,True,4,True
598122.1748,366944.3812,2,9.883236250862957,3.319427438784563,test spatial,2,False,1,True,1,True,4,True,2,False,2,False
592142.1972,284858.28,3,9.828862274639574,2.5769136572150773,test spatial,2,True,3,False,3,False,2,True,4,True,3,False
525172.3301,437925.9015,1,9.226755083656768,3.9619585165497724,entrainement spatial,2,True,1,False,2,True,1,False,2,True,2,True
597791.7848,305104.9343,3,9.87980925594586,2.760031502686121,test spatial,3,False,3,False,3,False,2,True,3,False,3,False
593872.0337,292308.8245,3,9.844466831604388,2.6443020220753013,test spatial,2,True,1,True,3,False,2,True,3,False,3,False
591479.0937,261568.139,3,9.822768024881212,2.3662301446224405,test spatial,3,False,3,False,3,False,2,True,3,False,3,False
591647.2635,264337.6707,2,9.824295322128112,2.3912830200559396,test spatial,3,True,2,False,3,True,2,False,3,True,3,True
515064.0285,443781.2963,2,9.1357073245748,4.014951372586182,entrainement spatial,2,False,2,False,3,True,2,False,2,False,2,False
598898.4401,317367.479,4,9.889848927543186,2.870950990500857,test spatial,3,True,3,True,3,True,2,True,3,True,3,True
401799.7712,502554.4369,3,8.114767717381962,4.54612792446477,entrainement spatial,3,False,3,False,3,False,3,False,3,False,3,False
587101.486,379279.9016,3,9.784130820168702,3.4311003524159713,test spatial,4,True,2,True,3,False,2,True,4,True,4,True
590624.4015,375457.3918,3,9.81581455444899,3.396495035702475,test spatial,4,True,3,False,4,True,4,True,4,True,4,True
523850.4463,436926.2232,1,9.214845138354796,3.952917794246643,entrainement spatial,1,False,1,False,1,False,1,False,1,False,1,False
549601.2078,431014.6502,5,9.446776388977819,3.899345366183677,test spatial,5,False,5,False,5,False,5,False,5,False,5,False
591718.3797,259870.3483,4,9.824910979220139,2.350870278310762,test spatial,3,True,4,False,3,True,3,True,3,True,4,False
499848.566,451327.7624,1,8.998635660814266,4.083234499526598,entrainement spatial,2,True,1,False,3,True,2,True,3,True,2,True
601194.5785,326600.4461,4,9.910574022806614,2.9544554094815405,test spatial,3,True,3,True,3,True,2,True,3,True,3,True
532936.5131,437662.6722,5,9.296694281525681,3.9595549752401604,entrainement spatial,4,True,5,False,4,True,5,False,4,True,5,False
601660.879,328897.8522,2,9.91478662358646,2.9752340744922123,test spatial,3,True,3,True,3,True,4,True,3,True,3,True
498491.6257,456007.4686,1,8.986409640246734,4.1255709762842745,entrainement spatial,1,False,1,False,1,False,1,False,1,False,1,False
524090.6137,437717.2093,2,9.217010421167217,3.9600731353598846,entrainement spatial,1,True,2,False,1,True,2,False,1,True,1,True
598552.6312,315300.8861,3,9.886723360789372,2.8522590275653528,test spatial,3,False,3,False,3,False,2,True,3,False,3,False
592436.3036,285190.014,3,9.831509660809,2.5799128462775767,test spatial,2,True,3,False,3,False,2,True,3,False,3,False
498423.5753,452743.172,2,8.985797032973066,4.096039375073343,entrainement spatial,2,False,2,False,1,True,2,False,1,True,2,False
564049.9991,417311.8272,5,9.576834880349656,3.775304119822625,test spatial,5,False,5,False,5,False,5,False,5,False,5,False
550873.447,431543.5292,5,9.458238265616345,3.904123742315168,test spatial,5,False,5,False,5,False,4,True,5,False,5,False
596597.2969,368688.1885,3,9.869525124449035,3.335214065619331,test spatial,4,True,2,True,3,False,4,True,4,True,4,True
509989.6783,445872.727,3,9.08999614687096,4.0338785737095515,entrainement spatial,4,True,4,True,4,True,4,True,4,True,4,True
463350.4847,495820.7038,2,8.66963668534488,4.485678762247491,entrainement spatial,2,False,2,False,2,False,2,False,2,False,2,False
486886.1719,486848.4788,3,8.881802666157288,4.404574486125474,entrainement spatial,3,False,3,False,3,False,3,False,3,False,3,False
525961.7205,437443.1938,2,9.233864733148158,3.9575895708582145,entrainement spatial,2,False,2,False,2,False,1,True,2,False,2,False
515529.0543,443814.3912,5,9.13989664551568,4.015250068438201,entrainement spatial,3,True,5,False,3,True,4,True,4,True,3,True
501411.6279,450072.9095,1,9.012717832335463,4.071881928627317,entrainement spatial,1,False,1,False,1,False,1,False,1,False,1,False
498673.3249,457816.3941,1,8.988046493738036,4.141936064795023,entrainement spatial,1,False,1,False,1,False,1,False,1,False,1,False
413858.3973,502010.7612,2,8.223469026868907,4.541335274406741,entrainement spatial,2,False,2,False,3,True,3,True,3,True,2,False
593924.2865,371809.5584,2,9.845489908042849,3.3634710703041746,test spatial,4,True,2,False,4,True,2,False,4,True,4,True
408317.6731,502519.7203,3,8.173519846683805,4.545883697041255,entrainement spatial,3,False,3,False,3,False,3,False,3,False,3,False
388251.3423,502021.6546,3,7.992653196653651,4.541148286612947,entrainement spatial,2,True,3,False,3,False,3,False,3,False,3,False
393173.854,502304.0175,3,8.037018955240336,4.543763010834939,entrainement spatial,3,False,3,False,3,False,3,False,3,False,3,False
577973.0533,387458.821,2,9.702011109082639,3.5051533885571704,test spatial,4,True,3,True,3,True,2,False,4,True,4,True
570381.9125,406497.1173,5,9.633787884446573,3.6774303740934777,test spatial,3,True,3,True,4,True,2,True,5,False,4,True
488278.7065,493434.4686,1,8.894345356908186,4.464158212999419,entrainement spatial,2,True,1,False,3,True,2,True,2,True,1,False
604445.1749,332084.6733,3,9.93986316500594,3.0040403925978345,test spatial,3,False,2,True,4,True,2,True,4,True,2,True
541852.9324,430546.3381,5,9.376984038547853,3.895142956341326,entrainement spatial,5,False,5,False,5,False,5,False,5,False,5,False
487091.6866,485884.7545,1,8.883656358421895,4.395856195783461,entrainement spatial,1,False,1,False,1,False,1,False,1,False,1,False
602546.3751,329972.0469,2,9.92276208456594,2.984944450866474,test spatial,3,True,3,True,3,True,2,False,3,True,3,True
498619.6995,457091.4887,1,8.98756342459562,4.135377953956776,entrainement spatial,1,False,1,False,1,False,1,False,1,False,1,False
603652.7467,352918.8959,3,9.932898025301801,3.1925096012316025,test spatial,3,False,3,False,3,False,3,False,4,True,3,False
390757.6634,502232.5448,4,8.015241304139447,4.543087079911808,entrainement spatial,3,True,4,False,3,True,4,False,3,True,4,False
593359.1944,289194.7813,3,9.839834852789817,2.6161350852075316,test spatial,2,True,5,True,3,False,2,True,3,False,3,False
561614.6205,420836.6606,5,9.554922874770005,3.80720581514229,test spatial,4,True,1,True,5,False,3,True,5,False,4,True
418667.6547,501729.533,2,8.2668225963042,4.538836668925767,entrainement spatial,2,False,2,False,2,False,2,False,2,False,2,False
499278.3169,460382.8075,1,8.993497356152703,4.165154052275603,entrainement spatial,1,False,1,False,1,False,1,False,1,False,1,False
603322.9478,331128.7571,5,9.929758256897559,2.99540198371399,test spatial,3,True,3,True,3,True,3,True,3,True,4,True
591388.3383,374572.6745,3,9.82268438638646,3.3884859782273016,test spatial,4,True,2,True,4,True,2,True,4,True,4,True
597729.9204,305377.1379,3,9.879254531323449,2.7624942784412214,test spatial,3,False,3,False,3,False,2,True,3,False,3,False
413414.5363,502107.5002,3,8.21946711261031,4.542206045612231,entrainement spatial,3,False,3,False,3,False,3,False,3,False,3,False
466369.4941,496231.4042,2,8.69684861233355,4.489406026037245,entrainement spatial,2,False,2,False,2,False,2,False,2,False,2,False
594750.3124,370929.2264,3,9.852918182566764,3.355501095394082,test spatial,4,True,3,False,4,True,4,True,4,True,4,True
466113.7778,496187.4529,2,8.69454372728069,4.489007453252789,entrainement spatial,2,False,2,False,2,False,2,False,2,False,2,False
513739.8639,442941.0002,1,9.123777197707957,4.007351240907614,entrainement spatial,1,False,1,False,1,False,2,True,1,False,1,False
489099.0627,482037.647,2,8.901753516300557,4.3610549026394985,entrainement spatial,2,False,2,False,3,True,2,False,3,True,2,False
486999.0229,488424.4984,2,8.882817576664756,4.418832513667604,entrainement spatial,2,False,2,False,2,False,2,False,2,False,2,False
563155.8977,418671.478,5,9.56879088124035,3.787609484255836,test spatial,5,False,5,False,5,False,5,False,5,False,5,False
591375.1727,275213.5678,3,9.821907999789337,2.489670165489934,test spatial,2,True,3,False,3,False,4,True,3,False,3,False
520418.8153,443445.4067,3,9.18394617073768,4.011903177551044,entrainement spatial,2,True,3,False,2,True,1,True,4,True,3,False
572244.3355,402000.7392,3,9.650528928840215,3.6367424202282006,test spatial,2,True,3,False,4,True,3,False,4,True,4,True
419692.7077,501725.5008,2,8.276062559587503,4.538809524749003,entrainement spatial,2,False,2,False,3,True,3,True,3,True,2,False
399611.6997,502575.2434,3,8.095044614517478,4.546291621826271,entrainement spatial,3,False,3,False,3,False,3,False,3,False,3,False
500264.9425,450769.0732,1,9.002386975018021,4.078180117713546,entrainement spatial,2,True,1,False,1,False,1,False,4,True,1,False
522273.6587,443425.1306,2,9.200655713854841,4.011715803099436,entrainement spatial,2,False,2,False,2,False,1,True,4,True,2,False
593324.1602,288531.4662,3,9.839515730928072,2.6101348511971865,test spatial,2,True,3,False,3,False,4,True,3,False,3,False
600145.352,320061.9979,5,9.90108639677608,2.895316663910683,test spatial,3,True,3,True,3,True,4,True,4,True,4,True
470222.342,498409.9271,2,8.731571380374545,4.509127979071447,entrainement spatial,3,True,2,False,3,True,3,True,3,True,3,True
537837.9843,432617.7932,5,9.34082800515089,3.913898310075183,entrainement spatial,5,False,5,False,5,False,5,False,5,False,5,False
576253.5364,388714.6354,3,9.686538917150777,3.5165254109329873,test spatial,2,True,3,False,3,False,3,False,4,True,4,True
593403.5711,289400.3156,3,9.840235263150952,2.6179941096115127,test spatial,2,True,3,False,3,False,2,True,3,False,3,False
601399.5183,327666.8432,4,9.912425853990953,2.964100428617517,test spatial,3,True,3,True,3,True,2,True,3,True,3,True
540706.4423,430973.975,4,9.366659020055435,3.8990162347215347,entrainement spatial,4,False,4,False,4,False,4,False,5,True,4,False
499098.7172,460118.8379,1,8.99187911788226,4.162765947899315,entrainement spatial,1,False,1,False,2,True,1,False,2,True,1,False
523191.1298,439116.8018,2,9.208911005891299,3.972737083459102,entrainement spatial,2,False,2,False,2,False,1,True,2,False,2,False
563340.8842,418366.2502,5,9.57045503275559,3.7848471522236706,test spatial,5,False,5,False,5,False,2,True,5,False,5,False
601744.1491,357616.1056,2,9.915759589244342,3.2350154382873204,test spatial,3,True,3,True,3,True,2,False,4,True,3,True
491422.9414,477725.2113,3,8.922701808716544,4.322043674089655,entrainement spatial,3,False,3,False,3,False,2,True,3,False,3,False
504077.3271,449111.5328,2,9.036733620276442,4.06318375427881,entrainement spatial,2,False,2,False,1,True,2,False,4,True,1,True
499362.5608,451900.136,2,8.994256977595553,4.088412659610492,entrainement spatial,2,False,2,False,2,False,2,False,4,True,2,False
487534.9395,491110.5341,2,8.88764430900325,4.44313316592377,entrainement spatial,2,False,2,False,3,True,2,False,3,True,2,False
570045.3773,427059.7979,5,9.630891590864852,3.8634501207276997,test spatial,4,True,4,True,4,True,2,True,5,False,4,True
500369.5654,450713.1362,2,9.003329563302627,4.077674060469228,entrainement spatial,2,False,2,False,3,True,3,True,4,True,2,False
398126.1387,502493.0588,3,8.081655044417824,4.545531265830872,entrainement spatial,3,False,3,False,3,False,3,False,3,False,3,False
601975.7811,357209.9103,2,9.917840935912617,3.2313391618617846,test spatial,3,True,3,True,3,True,2,False,3,True,4,True
574246.7599,390228.8493,1,9.668481777504404,3.530236688387781,test spatial,2,True,1,False,1,False,4,True,1,False,2,True
606858.1871,345223.6649,3,9.961680980942134,3.1228737250929526,test spatial,3,False,2,True,3,False,4,True,3,False,3,False
490936.7522,479595.1772,3,8.918318361855054,4.338960396383962,entrainement spatial,3,False,3,False,3,False,3,False,3,False,3,False
549920.7407,431121.7019,5,9.449654994876795,3.9003122836537525,test spatial,5,False,5,False,5,False,4,True,5,False,5,False
606627.0924,335036.208,4,9.959519005979141,3.0307221945262,test spatial,3,True,5,True,3,True,4,False,4,False,3,True
423742.2884,508039.2133,2,8.31251167145431,4.595959592706804,entrainement spatial,2,False,2,False,3,True,2,False,2,False,2,False
542863.3244,430250.9928,5,9.386083638626156,3.8924669246783896,entrainement spatial,5,False,5,False,5,False,5,False,5,False,5,False
600044.5199,319892.9554,4,9.900177999811671,2.8937882368338452,test spatial,3,True,3,True,3,True,4,False,4,False,3,True
602901.9517,330819.4688,4,9.925967880436314,2.9926074229828346,test spatial,3,True,3,True,3,True,2,True,3,True,3,True
508554.4403,446836.4618,3,9.077067042950924,4.042598674267541,entrainement spatial,4,True,3,False,4,True,4,True,4,True,3,False
498682.6687,455371.2121,2,8.988131011285004,4.119814890643684,entrainement spatial,2,False,2,False,1,True,2,False,1,True,2,False
568940.8669,409182.7522,5,9.620828675816238,3.7017348641194334,test spatial,3,True,5,False,5,False,5,False,5,False,4,True
596391.0258,368831.4324,2,9.867669645162815,3.336511490269621,test spatial,4,True,4,True,3,True,4,True,4,True,4,True
536520.6411,433567.6667,5,9.328965445106865,3.92249632287072,entrainement spatial,5,False,5,False,5,False,5,False,5,False,5,False
498997.6215,452273.8338,1,8.990969011167497,4.091793417732175,entrainement spatial,2,True,1,False,2,True,2,True,4,True,2,True
462482.9623,495816.2278,2,8.661816839464247,4.48563468860654,entrainement spatial,2,False,2,False,2,False,2,False,2,False,2,False
457181.6583,495954.0525,2,8.614030269783203,4.486857823641235,entrainement spatial,2,False,2,False,2,False,3,True,2,False,2,False
509590.8504,446188.1308,3,9.086403445202363,4.036732376388647,entrainement spatial,4,True,3,False,4,True,4,True,4,True,4,True
604482.7106,350600.8002,2,9.94034820566546,3.1715337189274933,test spatial,3,True,3,True,3,True,4,True,3,True,3,True
498612.0549,454967.3774,2,8.987494846897718,4.116161450946913,entrainement spatial,2,False,2,False,2,False,2,False,1,True,2,False
567628.2998,411469.0672,4,9.609023324407335,3.7224260541569203,test spatial,2,True,5,True,5,True,1,True,5,True,5,True
390571.3745,502236.6845,4,8.013562130707198,4.5431222289347915,entrainement spatial,3,True,4,False,3,True,4,False,3,True,4,False
591599.8987,280917.9303,3,9.823961626065017,2.5412716837121296,test spatial,2,True,3,False,3,False,4,True,4,True,3,False
516573.1329,443241.3306,2,9.14930147780958,4.010064012871066,entrainement spatial,2,False,2,False,3,True,2,False,4,True,2,False
497472.0929,452850.8268,2,8.977224523300812,4.097013113420473,entrainement spatial,3,True,2,False,2,False,1,True,1,True,3,True
598719.2106,312221.7795,4,9.88820076470651,2.824404278291225,test spatial,3,True,5,True,3,True,4,False,3,True,3,True
600044.1282,322134.803,4,9.90019053142797,2.9140678954438317,test spatial,3,True,3,True,3,True,2,True,3,True,3,True
536560.6564,433556.2337,5,9.329325844739827,3.9223927492515127,entrainement spatial,5,False,5,False,5,False,5,False,5,False,5,False
444822.4206,503444.7009,2,8.502578914351814,4.5545538447970655,entrainement spatial,3,True,2,False,3,True,3,True,3,True,3,True
423712.0227,507791.5847,3,8.312240976231335,4.593719262622625,entrainement spatial,3,False,3,False,3,False,3,False,3,False,3,False
466502.2971,501477.1518,1,8.69802610063481,4.536862832465893,entrainement spatial,1,False,1,False,1,False,1,False,1,False,1,False
571727.1451,403605.3898,5,9.64588240586466,3.651262037766549,test spatial,3,True,5,False,5,False,2,True,5,False,4,True
539076.653,431883.2653,5,9.35198247906677,3.9072486178569164,entrainement spatial,5,False,5,False,5,False,5,False,5,False,5,False
523427.0468,442567.8513,4,9.21104415510102,4.003957539027537,entrainement spatial,5,True,4,False,4,False,5,True,5,True,5,True
464461.6106,495783.9006,2,8.679652550885134,4.485350282120864,entrainement spatial,2,False,2,False,2,False,2,False,2,False,2,False
454809.4875,495874.151,1,8.592647990078186,4.486123369798257,entrainement spatial,1,False,1,False,2,True,1,False,2,True,1,False
596411.0799,368811.3782,2,9.867849990280929,3.3363299208371613,test spatial,4,True,3,True,3,True,4,True,4,True,4,True
517448.5411,443076.9075,1,9.15718741624403,4.008575022859574,entrainement spatial,1,False,1,False,1,False,1,False,1,False,1,False
600142.3865,319973.0282,4,9.901059080239088,2.8945118692553917,test spatial,3,True,3,True,3,True,3,True,4,False,4,False
596204.8088,369031.9738,2,9.865995119028751,3.3383270642134746,test spatial,4,True,3,True,3,True,3,True,4,True,4,True
563297.7207,418464.9097,5,9.57006689409155,3.7857399286806372,test spatial,5,False,5,False,5,False,5,False,5,False,5,False
601613.8341,328526.72,4,9.914360565706021,2.9718771988229866,test spatial,3,True,3,True,3,True,2,True,3,True,3,True
490574.2105,474264.6948,3,8.915056351022821,4.290736283759286,entrainement spatial,3,False,3,False,3,False,3,False,3,False,3,False
537130.5608,433119.2236,4,9.334457718399776,3.918437192211902,entrainement spatial,5,True,4,False,5,True,4,False,5,True,5,True
461001.4204,496068.6795,3,8.648461114057636,4.487912205383264,entrainement spatial,3,False,3,False,3,False,3,False,2,True,3,False
549672.5755,431027.6262,5,9.447419273060868,3.8994624124529893,test spatial,5,False,5,False,5,False,5,False,5,False,5,False
602865.7553,330310.5898,4,9.925638334858313,2.988004441902551,test spatial,3,True,3,True,3,True,4,False,3,True,3,True
600108.8053,363256.3325,2,9.901087139368299,3.286049567051727,test spatial,5,True,4,True,4,True,3,True,4,True,4,True
490606.2631,481155.0646,3,8.915338289017408,4.353072029360429,entrainement spatial,3,False,3,False,3,False,3,False,3,False,3,False
599026.1043,311378.5815,3,9.890955932608174,2.8167745913727713,test spatial,3,False,3,False,3,False,2,True,3,False,3,False
534045.9072,435888.019,4,9.306681785073858,3.9434964789925555,entrainement spatial,4,False,4,False,4,False,4,False,5,True,4,False
575641.6777,389151.6364,2,9.681033259261715,3.520482717296854,test spatial,4,True,4,True,4,True,4,True,4,True,4,True
586285.6759,380155.9345,4,9.776793355850199,3.4390310946151494,test spatial,4,False,2,True,3,True,2,True,4,False,5,True
461308.1015,495923.0333,3,8.651226172772931,4.486595930857204,entrainement spatial,3,False,3,False,3,False,3,False,3,False,3,False
499997.6881,451115.0537,1,8.999979171069553,4.081310156285449,entrainement spatial,1,False,1,False,1,False,1,False,1,False,1,False
594211.3916,293603.1875,3,9.847527413351687,2.6560088976939253,test spatial,2,True,3,False,3,False,2,True,4,True,3,False
494806.4789,469670.231,3,8.953199356727902,4.249174349911795,entrainement spatial,3,False,3,False,2,True,3,False,2,True,3,False
562335.5599,419757.3885,5,9.561409382854396,3.7974379860267224,test spatial,5,False,5,False,5,False,5,False,5,False,5,False
548269.7357,430366.7264,5,9.434780554886547,3.8934901397576076,test spatial,5,False,5,False,5,False,5,False,5,False,5,False
560301.5097,422144.8069,5,9.543104327386263,3.81904752244755,test spatial,2,True,5,False,2,True,5,False,5,False,2,True
592716.1019,287104.569,1,9.834037726591887,2.5972305676724283,test spatial,2,True,3,True,3,True,2,True,4,True,3,True
559512.1489,422988.5171,3,9.535999915921659,3.8266846354335384,test spatial,2,True,1,True,1,True,3,False,5,True,5,True
543842.6274,429969.2489,5,9.394903206540231,3.8899139791014723,entrainement spatial,5,False,5,False,5,False,5,False,5,False,5,False
600107.6713,363046.2581,3,9.901075228898955,3.2841492665751355,test spatial,5,True,3,False,4,True,3,False,4,True,4,True
598639.9954,308343.3146,3,9.887461635794587,2.789320219246146,test spatial,3,False,5,True,3,False,2,True,3,False,3,False
588428.4171,257895.8155,2,9.795313082555264,2.3330253551035156,test spatial,3,True,3,True,3,True,4,True,2,False,3,True
546959.0051,429787.4894,5,9.422972002188882,3.888256013975658,test spatial,5,False,5,False,5,False,5,False,5,False,5,False
535425.9377,434482.3014,5,9.319107978163581,3.9307746225266693,entrainement spatial,5,False,5,False,5,False,5,False,5,False,5,False
499316.7751,460505.1744,1,8.993843870801815,4.166261088130211,entrainement spatial,1,False,1,False,1,False,1,False,1,False,1,False
516602.6743,443381.9481,2,9.149567836486685,4.011336107901519,entrainement spatial,2,False,2,False,3,True,1,True,2,False,2,False
600797.0079,326180.9406,4,9.906993807786234,2.9506635318496577,test spatial,3,True,3,True,3,True,2,True,3,True,3,True
607416.4705,338021.4036,4,9.966645875625616,3.0577192150861583,test spatial,3,True,4,False,4,False,4,False,4,False,3,True
577623.8634,387744.0371,3,9.69886933770684,3.5077358990336447,test spatial,2,True,3,False,3,False,4,True,4,True,4,True
598720.1093,366124.806,3,9.888611442089173,3.312008788637968,test spatial,3,False,2,True,3,False,2,True,4,True,4,True
604566.6506,350265.0402,3,9.941100855393058,3.168495808861747,test spatial,3,False,3,False,3,False,4,True,4,True,2,True
587263.8304,379101.6411,3,9.785590916054147,3.4294865802725356,test spatial,4,True,3,False,4,True,4,True,4,True,4,True
598972.9297,311528.9898,3,9.890478583715575,2.818135551496913,test spatial,3,False,3,False,3,False,2,True,3,False,3,False
498684.7293,452581.7985,2,8.988149949319526,4.094579491568122,entrainement spatial,2,False,2,False,1,True,2,False,1,True,2,False
523866.1094,438197.5441,3,9.214989197700012,3.964419164616951,entrainement spatial,2,True,3,False,2,True,1,True,2,True,2,True
445267.7332,499325.1323,1,8.506618558650606,4.517289313196283,entrainement spatial,1,False,1,False,2,True,1,False,2,True,1,False
545096.8715,429694.4957,5,9.406199166757034,3.8874229969686565,test spatial,5,False,5,False,5,False,5,False,5,False,5,False
409722.7867,502449.4642,3,8.186186237075095,4.545262593815035,entrainement spatial,3,False,3,False,3,False,3,False,3,False,3,False
568154.1398,427017.298,5,9.613857798911212,3.8630781730456114,test spatial,5,False,5,False,5,False,5,False,5,False,5,False
593579.6887,289963.661,3,9.841822862618544,2.623089143117422,test spatial,2,True,3,False,3,False,2,True,4,True,3,False
601931.0362,329132.2663,2,9.917219153745473,2.9773525333430606,test spatial,3,True,3,True,3,True,2,False,3,True,3,True
500818.097,450673.7732,1,9.007370561595616,4.077317922200577,entrainement spatial,1,False,1,False,2,True,1,False,1,False,1,False
594552.3476,296163.5345,3,9.85061034751442,2.6791679684500704,test spatial,2,True,3,False,3,False,2,True,4,True,3,False
584656.0825,381760.4735,3,9.762135250314019,3.453557919192004,test spatial,4,True,3,False,3,False,3,False,4,True,4,True
459345.1435,495915.7185,2,8.633532084412781,4.486521086350441,entrainement spatial,2,False,2,False,2,False,2,False,2,False,2,False
603232.2698,331072.8596,4,9.928941931109472,2.994897037588224,test spatial,3,True,3,True,3,True,3,True,4,False,4,False
601613.8341,328463.9934,4,9.914360098741938,2.9713097796570613,test spatial,3,True,3,True,3,True,2,True,3,True,3,True
508643.9864,446786.5508,4,9.077873721129093,4.042147059525615,entrainement spatial,4,False,4,False,4,False,4,False,4,False,3,True
594639.8095,296407.056,3,9.851398634799173,2.681370341264864,test spatial,2,True,3,False,3,False,4,True,4,True,3,False
551006.8495,431611.4432,5,9.459440185340009,3.904737475031422,test spatial,5,False,5,False,5,False,4,True,5,False,5,False
607551.8956,339515.9076,4,9.96787660109892,3.071237028289958,test spatial,3,True,4,False,3,True,3,True,3,True,3,True
595331.0875,297749.7131,4,9.857625520195551,2.6935117798693375,test spatial,2,True,3,True,3,True,3,True,4,False,4,False
605706.8785,347435.8752,3,9.951338696503191,3.142894380507797,test spatial,3,False,3,False,3,False,4,True,3,False,3,False
395613.1786,502413.6973,2,8.059004860130063,4.544784167381397,entrainement spatial,2,False,2,False,2,False,1,True,2,False,3,True
599887.0813,322773.8367,4,9.898782140821138,2.9198497012908806,test spatial,3,True,3,True,3,True,4,False,4,False,3,True
466141.1384,501779.0159,2,8.694769224030027,4.5395923115132115,entrainement spatial,2,False,2,False,2,False,2,False,2,False,2,False
418887.914,501787.5573,2,8.268807505056222,4.539363571951661,entrainement spatial,2,False,2,False,3,True,3,True,3,True,2,False
500495.9415,450728.6743,2,9.004468137181645,4.0778146258635095,entrainement spatial,1,True,2,False,1,True,1,True,4,True,2,False
399694.1632,502570.2456,3,8.09578797970783,4.546247347240365,entrainement spatial,3,False,3,False,3,False,3,False,3,False,3,False
591777.8555,374155.9817,3,9.826187407981447,3.384713557434152,test spatial,4,True,2,True,4,True,2,True,4,True,5,True
576258.9356,388690.273,1,9.686587364588933,3.516304985014187,test spatial,2,True,1,False,1,False,1,False,4,True,4,True
586666.4163,379731.2624,3,9.780217665448028,3.4351866427262467,test spatial,4,True,3,False,3,False,4,True,4,True,4,True
568465.0866,410005.7807,5,9.616549484703906,3.7091833156108733,test spatial,3,True,5,False,5,False,5,False,5,False,5,False
511805.6076,443775.8537,2,9.106353218265715,4.014906494110176,entrainement spatial,1,True,2,False,1,True,2,False,1,True,2,False
572589.4053,391339.1137,2,9.653567454039342,3.540291208786563,test spatial,2,False,2,False,2,False,3,True,4,True,2,False
509850.5302,446008.7835,4,9.088742708277215,4.035109595001443,entrainement spatial,4,False,4,False,4,False,4,False,4,False,4,False
592644.8817,286371.9569,3,9.833392764896463,2.590603663200821,test spatial,2,True,3,False,3,False,4,True,3,False,3,False
598359.3158,366661.801,4,9.8853684037714,3.3168693231226207,test spatial,3,True,2,True,3,True,4,False,4,False,4,False
466281.9476,496260.2477,2,8.696059352068378,4.489666634040118,entrainement spatial,2,False,2,False,2,False,2,False,2,False,2,False
388989.627,501899.6588,3,7.999309221103032,4.540054057467862,entrainement spatial,3,False,3,False,3,False,3,False,3,False,3,False
602715.581,355122.7955,2,9.924481945483247,3.2124533876564465,test spatial,3,True,3,True,2,False,3,True,4,True,2,False
589689.2444,376505.14,3,9.807404580351353,3.4059801597471875,test spatial,4,True,3,False,4,True,4,True,4,True,4,True
451562.4368,496147.5375,2,8.56337782048328,4.488579636657356,entrainement spatial,2,False,1,True,1,True,1,True,2,False,1,True
518791.5434,443216.2634,3,9.169286249390108,4.009833332157438,entrainement spatial,2,True,3,False,2,True,3,False,4,True,2,True
560259.3114,422196.9342,5,9.542724576968494,3.819519333112979,test spatial,2,True,5,False,5,False,5,False,5,False,2,True
498598.5977,456838.2663,1,8.987373332591236,4.1330870880808,entrainement spatial,1,False,1,False,1,False,1,False,1,False,1,False
591710.466,284117.9495,4,9.824974615785923,2.5702190239317533,test spatial,2,True,3,True,3,True,2,True,3,True,3,True
593366.2013,288739.3361,2,9.839895141292704,2.6120150189450797,test spatial,2,False,1,True,3,True,2,False,3,True,3,True
488466.0402,482694.2692,3,8.896047486446236,4.366994446020949,entrainement spatial,3,False,3,False,3,False,3,False,3,False,3,False
495412.479,469295.3161,3,8.95866041605397,4.245782877377314,entrainement spatial,3,False,3,False,3,False,3,False,4,True,3,False
499635.0706,463443.7227,1,8.996711729615086,4.192845655545313,entrainement spatial,1,False,1,False,1,False,1,False,1,False,1,False
546609.3578,429743.2303,5,9.419822496940156,3.887857194911389,test spatial,5,False,5,False,5,False,5,False,5,False,5,False
598279.326,314678.4434,3,9.88426020877089,2.8466303095507084,test spatial,3,False,3,False,3,False,2,True,3,False,3,False
550844.341,431543.5292,5,9.457976101434419,3.9041238856615434,test spatial,5,False,5,False,5,False,4,True,5,False,5,False
497549.1717,453485.8148,2,8.977918816156697,4.102757773245869,entrainement spatial,2,False,2,False,1,True,2,False,1,True,2,False
593328.3903,372474.5354,3,9.84013129908393,3.3694911188998056,test spatial,4,True,3,False,4,True,4,True,4,True,4,True
519530.3924,443219.6394,3,9.175942259807552,4.009862466069428,entrainement spatial,2,True,3,False,2,True,1,True,4,True,2,True
596832.7813,368434.8236,2,9.871642665570462,3.332920255569734,test spatial,4,True,2,False,3,True,2,False,4,True,4,True
486852.2109,486944.6832,1,8.881496432141562,4.405444775339477,entrainement spatial,1,False,1,False,1,False,1,False,1,False,1,False
599966.507,321588.2205,2,9.899488237002258,2.9091240943364967,test spatial,2,False,3,True,4,True,4,True,4,True,2,False
602923.2437,330764.1096,4,9.926159040263542,2.9921064879722152,test spatial,3,True,3,True,3,True,2,True,3,True,3,True
598518.639,315190.1632,4,9.886416775154569,2.8512576651182977,test spatial,3,True,3,True,3,True,2,True,3,True,3,True
499358.7295,460513.9149,1,8.994221896122152,4.16634016485573,entrainement spatial,1,False,1,False,1,False,1,False,1,False,2,True
541757.7224,430612.4022,4,9.376126726546744,3.895741002862338,entrainement spatial,4,False,4,False,5,True,4,False,5,True,4,False
420662.1373,504132.584,3,8.284779622760006,4.560592793604405,entrainement spatial,3,False,3,False,3,False,2,True,4,True,3,False
593396.5643,289075.6649,3,9.840170281265356,2.615057314708478,test spatial,2,True,1,True,3,False,2,True,3,False,3,False
586915.362,379453.029,4,9.782456619002566,3.4326678645947326,test spatial,4,False,4,False,4,False,3,True,4,False,4,False
589608.6767,376597.2173,3,9.806680032010867,3.406813709259624,test spatial,4,True,2,True,4,True,2,True,4,True,4,True
591657.6086,259896.9356,4,9.824364585859623,2.3511111174040193,test spatial,3,True,3,True,3,True,2,True,3,True,3,True
559629.5619,423070.1773,5,9.537057832350557,3.82742271132756,test spatial,2,True,1,True,1,True,3,True,5,False,5,False
399496.7506,502584.326,3,8.094008384879862,4.546372476829985,entrainement spatial,3,False,3,False,3,False,3,False,3,False,3,False
590997.7645,276742.3907,3,9.818522052175632,2.5035023446721794,test spatial,2,True,3,False,3,False,4,True,3,False,3,False
592826.5893,372913.9503,3,9.835617861987043,3.3734699814977014,test spatial,4,True,2,True,4,True,4,True,4,True,4,True
591790.7264,273282.6482,3,9.825634758026638,2.4722003367901677,test spatial,2,True,4,True,3,False,3,False,3,False,3,False
421179.6119,504898.0151,3,8.289437535542353,4.567521543889636,entrainement spatial,3,False,3,False,3,False,4,True,4,True,3,False
595655.1439,298233.5472,3,9.86054367742423,2.697886518821649,test spatial,2,True,3,False,3,False,2,True,4,True,3,False
486997.9081,486259.8687,3,8.882810596401757,4.39924963159857,entrainement spatial,3,False,3,False,3,False,3,False,3,False,3,False
511506.6535,443923.5895,4,9.103660201055087,4.016243385268742,entrainement spatial,3,True,4,False,3,True,4,False,2,True,4,False
591821.9888,271689.5501,3,9.825907052077232,2.4577886778820095,test spatial,3,False,3,False,3,False,3,False,3,False,3,False
592572.6816,285484.1627,3,9.832738092358055,2.582572958117358,test spatial,2,True,2,True,3,False,2,True,3,False,3,False
591773.1676,284540.5724,4,9.825541062156626,2.5740417826260864,test spatial,2,True,4,False,3,True,4,False,4,False,4,False
488529.3248,492810.38,1,8.896605193966112,4.458512561919985,entrainement spatial,1,False,1,False,1,False,1,False,1,False,2,True
599344.2369,310351.5077,3,9.893810923292836,2.8074814924746843,test spatial,3,False,3,False,3,False,2,True,3,False,3,False
494506.6393,469851.679,3,8.95049729271898,4.250815706827564,entrainement spatial,3,False,3,False,3,False,3,False,3,False,3,False
549747.1873,431076.286,5,9.448091548436025,3.899902260198674,test spatial,5,False,5,False,5,False,4,True,5,False,5,False
517531.5862,443048.3328,1,9.157935487144865,4.008316367830504,entrainement spatial,1,False,1,False,1,False,1,False,1,False,1,False
592206.9607,284937.7069,2,9.82944527675726,2.5776317856890496,test spatial,2,False,3,True,3,True,2,False,3,True,3,True
466467.3855,496251.382,2,8.697730940230379,4.489587124044992,entrainement spatial,2,False,2,False,2,False,2,False,2,False,2,False
598787.3806,308717.5472,2,9.888790092813823,2.792704522506643,test spatial,3,True,2,False,2,False,4,True,2,False,2,False
513554.2224,443062.5246,2,9.122104989829229,4.008450905670837,entrainement spatial,3,True,2,False,3,True,3,True,4,True,2,False
601230.2228,327135.11,3,9.910898677343834,2.95929167268661,test spatial,3,False,3,False,3,False,2,True,3,False,3,False
512648.2281,443319.1768,2,9.113943554161484,4.010773980253305,entrainement spatial,3,True,2,False,3,True,3,True,4,True,2,False
499523.5866,451689.3386,1,8.995707753198115,4.086505615806233,entrainement spatial,2,True,1,False,1,False,1,False,1,False,1,False
602555.7195,355431.619,2,9.923045763290322,3.215248264209563,test spatial,3,True,3,True,2,False,3,True,4,True,2,False
498621.3933,458115.0008,2,8.987578541482035,4.144637504386175,entrainement spatial,1,True,2,False,1,True,1,True,1,True,1,True
492867.0569,470750.0909,5,8.935721740315836,4.25894237500211,entrainement spatial,3,True,5,False,3,True,5,False,3,True,5,False
444608.2852,501869.3152,1,8.500658364934253,4.540300942610432,entrainement spatial,1,False,1,False,1,False,1,False,1,False,1,False
581631.2906,384605.0371,2,9.73492528513169,3.4793120377933078,test spatial,4,True,3,True,3,True,3,True,4,True,4,True
525841.9509,437608.3306,1,9.232786264646196,3.959083835928152,entrainement spatial,1,False,1,False,1,False,1,False,1,False,1,False
494062.278,470097.5504,5,8.946492836236597,4.253039790887818,entrainement spatial,4,True,5,False,3,True,4,True,3,True,4,True
606430.1503,346074.1063,2,9.957836162762236,3.130570156707001,test spatial,3,True,2,False,3,True,2,False,3,True,2,False
595589.8825,297943.2468,3,9.859954765751054,2.69526085346271,test spatial,2,True,3,False,3,False,4,True,4,True,3,False
591647.0899,263620.2551,3,9.824289892856383,2.384793126361751,test spatial,3,False,3,False,3,False,2,True,3,False,3,False
595818.9795,298395.025,3,9.862018510798201,2.699346211433696,test spatial,2,True,3,False,3,False,4,True,4,True,3,False
399424.2826,502579.516,3,8.093355228032758,4.546328145493021,entrainement spatial,3,False,3,False,3,False,3,False,3,False,3,False
456357.2099,495977.3522,2,8.60659859616275,4.487064636935104,entrainement spatial,2,False,2,False,2,False,2,False,2,False,2,False
493062.9514,470468.1617,4,8.937487241616878,4.256391961416435,entrainement spatial,4,False,4,False,3,True,5,True,3,True,5,True
487978.7121,483546.087,3,8.89165422661713,4.374700023585666,entrainement spatial,3,False,3,False,3,False,3,False,3,False,3,False
568967.2065,409132.707,5,9.621065545328605,3.7012819684911333,test spatial,3,True,5,False,5,False,5,False,5,False,5,False
469617.9653,498981.383,3,8.72612137342099,4.514295704875995,entrainement spatial,3,False,3,False,3,False,3,False,3,False,3,False
521217.5078,443318.9727,2,9.191141027853686,4.0107576973669925,entrainement spatial,3,True,2,False,5,True,2,False,5,True,3,True
499614.9558,463669.0079,1,8.996530472139947,4.194883771171777,entrainement spatial,1,False,1,False,1,False,1,False,1,False,1,False
487351.9272,484773.8189,2,8.88600344941593,4.385806187236634,entrainement spatial,2,False,2,False,3,True,2,False,3,True,2,False
550696.3856,431482.8917,5,9.4566431378932,3.903576049659591,test spatial,5,False,5,False,5,False,4,True,5,False,5,False
522672.9335,443146.3271,2,9.204252001419619,4.009192627455281,entrainement spatial,2,False,2,False,2,False,1,True,4,True,2,False
402235.2093,502557.7462,3,8.118692651514257,4.546162672509562,entrainement spatial,3,False,3,False,3,False,3,False,3,False,3,False
607003.2568,344901.1354,2,9.962983769770323,3.1199550004621783,test spatial,3,True,2,False,3,True,4,True,4,True,2,False
599464.5669,309651.9937,3,9.894888647383146,2.8011528667930334,test spatial,3,False,2,True,2,True,4,True,2,True,2,True
598442.372,313256.5728,4,9.885717284618924,2.833766933200513,test spatial,3,True,3,True,3,True,4,False,3,True,4,False
509900.0049,445953.124,3,9.0891883669568,4.0346060027889825,entrainement spatial,4,True,3,False,4,True,4,True,4,True,4,True
595606.0494,369922.9506,3,9.8606127736385,3.346391573016275,test spatial,4,True,3,False,4,True,4,True,4,True,4,True
591419.2382,275004.4481,3,9.822303163646724,2.487778177463497,test spatial,2,True,3,False,3,False,4,True,3,False,3,False
597554.5941,302822.7835,4,9.877660388645369,2.739388668941956,test spatial,3,True,3,True,3,True,2,True,3,True,3,True
596267.836,368954.6221,2,9.866561806453358,3.33762684150585,test spatial,4,True,4,True,3,True,3,True,4,True,4,True
605433.7542,347972.4558,3,9.948885253137314,3.1477504230009092,test spatial,3,False,3,False,3,False,4,True,4,True,3,False
595700.5904,369676.5711,3,9.861461788636852,3.3441620799683824,test spatial,4,True,3,False,4,True,4,True,4,True,4,True
579555.1116,386260.3944,3,9.716245803993717,3.494301275591927,test spatial,4,True,2,True,3,False,4,True,4,True,4,True
519829.6165,443343.1653,1,9.17863809566516,4.010979397533013,entrainement spatial,2,True,1,False,2,True,1,False,2,True,2,True
594595.2211,296297.2998,4,9.850996852465483,2.680377754916914,test spatial,2,True,3,True,3,True,4,False,4,False,4,False
526103.2664,437332.4977,1,9.235139497465822,3.9565877631707225,entrainement spatial,2,True,1,False,2,True,1,False,1,False,1,False
522765.7148,441831.9105,1,9.205084870983343,3.9973011371976517,entrainement spatial,2,True,1,False,2,True,1,False,2,True,1,False
607327.3867,340321.5942,4,9.965862959542429,3.078526910808479,test spatial,3,True,2,True,3,True,2,True,4,False,3,True
498593.8046,457387.9583,1,8.987330067666278,4.138060063506586,entrainement spatial,1,False,1,False,1,False,1,False,1,False,1,False
593928.0068,293027.7694,3,9.844974731090973,2.650805346270221,test spatial,2,True,3,False,3,False,3,False,4,True,3,False
498563.0592,455711.7672,1,8.987053294977732,4.122895822744745,entrainement spatial,3,True,1,False,2,True,1,False,1,False,1,False
608421.6216,341483.3098,4,9.975718843553445,3.0890264690896965,test spatial,3,True,4,False,4,False,4,False,4,False,3,True
490762.129,473725.0117,2,8.916750368512036,4.285854067474972,entrainement spatial,3,True,2,False,3,True,4,True,3,True,3,True
598208.2956,314394.1547,5,9.883619211511666,2.8440591243921336,test spatial,3,True,3,True,3,True,4,True,3,True,3,True
398182.9236,502497.2651,3,8.082166841085892,4.545569966573611,entrainement spatial,3,False,3,False,3,False,3,False,3,False,3,False
591556.6377,274407.6489,3,9.82353562148566,2.48237863635045,test spatial,2,True,3,False,3,False,2,True,3,False,3,False
499496.2788,463719.2948,1,8.995461103563146,4.195338702593094,entrainement spatial,1,False,1,False,1,False,1,False,1,False,1,False
569992.6745,407166.6066,4,9.630287203604668,3.6834893257037162,test spatial,3,True,3,True,4,False,2,True,5,True,4,False
546724.0003,429729.0828,5,9.420855029259336,3.8877286915170135,test spatial,5,False,5,False,5,False,5,False,5,False,5,False
523493.1122,442388.9911,5,9.211638891548965,4.002339271056754,entrainement spatial,5,False,5,False,4,True,5,False,5,False,5,False
564130.0116,417155.5137,5,9.577554514814086,3.7738895562847468,test spatial,5,False,5,False,5,False,5,False,5,False,5,False
607659.2475,340483.7534,4,9.968850487107469,3.079991040121528,test spatial,3,True,2,True,4,False,2,True,4,False,3,True
498533.6276,458806.0515,1,8.986787655181555,4.150889315408064,entrainement spatial,1,False,1,False,1,False,1,False,1,False,1,False
488828.2139,482262.9073,2,8.899312178263017,4.36309245821757,entrainement spatial,3,True,2,False,3,True,3,True,3,True,2,False
490546.4108,481200.2863,3,8.914798820373901,4.353481079217616,entrainement spatial,3,False,3,False,3,False,3,False,3,False,3,False
591941.5176,271196.1106,3,9.826979352433069,2.4533242574663174,test spatial,3,False,2,True,3,False,4,True,3,False,3,False
500148.9251,450965.8885,1,9.001341729907029,4.079960679428031,entrainement spatial,1,False,1,False,1,False,1,False,1,False,1,False
607598.2028,339387.8818,2,9.968292243906184,3.0700785593627304,test spatial,3,True,2,False,3,True,2,False,3,True,3,True
606694.8572,345513.7161,3,9.960213600361547,3.1254988100918455,test spatial,3,False,2,True,3,False,2,True,4,True,3,False
599017.2245,318057.8987,3,9.890922458972133,2.8771956798062446,test spatial,3,False,3,False,3,False,3,False,4,True,3,False
573521.5973,390744.5705,2,9.661956365950578,3.534906778561576,test spatial,2,False,1,True,1,True,4,True,1,True,2,False
501541.4492,449859.4444,2,9.013887403142425,4.069950721334466,entrainement spatial,2,False,2,False,1,True,1,True,4,True,2,False
397122.9395,502436.274,3,8.072613128013531,4.545006031418002,entrainement spatial,3,False,3,False,3,False,3,False,3,False,3,False
488343.0205,482841.5199,4,8.894938558516872,4.368326434883065,entrainement spatial,3,True,4,False,3,True,3,True,3,True,3,True
498703.2072,452562.0888,2,8.988316430218868,4.094401183313215,entrainement spatial,2,False,2,False,1,True,2,False,1,True,2,False
540275.9403,431195.5199,5,9.362782230413856,3.901022173174961,entrainement spatial,5,False,5,False,5,False,5,False,5,False,5,False
599326.8445,310441.5551,3,9.893655073801842,2.8082961803767907,test spatial,3,False,3,False,3,False,2,True,3,False,3,False
518135.2924,443026.112,4,9.163373995399645,4.008114269486369,entrainement spatial,2,True,4,False,2,True,1,True,2,True,4,False
522066.8684,443465.6447,4,9.19879290751316,4.012082782868803,entrainement spatial,2,True,4,False,2,True,1,True,2,True,2,True
601227.4809,326743.0232,4,9.910871113101923,2.955744906851406,test spatial,3,True,3,True,3,True,2,True,4,False,3,True
562057.1423,420173.5495,5,9.558904388690411,3.8012044097169415,test spatial,5,False,5,False,5,False,5,False,5,False,5,False
591627.5265,280118.6506,3,9.82420554780478,2.534041085681602,test spatial,2,True,3,False,3,False,4,True,4,True,3,False
552035.9311,432491.8994,5,9.468713772372494,3.9126974634518654,test spatial,5,False,5,False,5,False,5,False,5,False,5,False
593417.9008,372374.1752,3,9.840936224526555,3.3685825604118387,test spatial,4,True,3,False,4,True,4,True,4,True,4,True
533097.6484,437346.847,5,9.298144763822336,3.9566972587042737,entrainement spatial,4,True,5,False,4,True,5,False,4,True,4,True
508862.7139,446651.4977,4,9.079844117608594,4.040925061923872,entrainement spatial,4,False,4,False,4,False,4,False,4,False,4,False
540094.6763,431283.6343,5,9.361149872100949,3.901820023604407,entrainement spatial,5,False,5,False,5,False,5,False,5,False,5,False
459174.2378,495946.0413,2,8.631991403324283,4.486794628478208,entrainement spatial,2,False,2,False,2,False,3,True,2,False,2,False
602636.8257,355206.3595,1,9.923773857459787,3.2132099385818047,test spatial,3,True,3,True,2,True,3,True,4,True,3,True
493880.9433,470203.4394,4,8.944858689853127,4.253997633168965,entrainement spatial,4,False,4,False,3,True,4,False,3,True,4,False
466338.5109,496242.6935,2,8.696569284692432,4.489508040011587,entrainement spatial,2,False,2,False,2,False,2,False,2,False,2,False
446726.6196,497391.6081,2,8.519780788655135,4.499806648912276,entrainement spatial,2,False,2,False,2,False,1,True,2,False,2,False
491132.5245,476243.5443,3,8.920085915821998,4.308639071558245,entrainement spatial,3,False,3,False,3,False,2,True,3,False,3,False
599382.7429,310258.4531,3,9.8941566977307,2.8066394555718834,test spatial,3,False,3,False,3,False,2,True,3,False,3,False
390430.4391,502263.2994,3,8.01229147666721,4.5433612313184355,entrainement spatial,3,False,3,False,3,False,1,True,3,False,3,False
575797.5722,389031.5555,2,9.682435984214736,3.5193953959803554,test spatial,4,True,3,True,4,True,2,False,4,True,4,True
591636.1193,264527.1218,2,9.824196118826805,2.392996895595381,test spatial,3,True,3,True,3,True,2,False,3,True,3,True
548107.5493,430282.3233,5,9.433319329271017,3.8927273305261285,test spatial,5,False,5,False,5,False,5,False,5,False,5,False
491416.5036,477314.5609,3,8.922644166386506,4.31832860028868,entrainement spatial,2,True,3,False,1,True,2,True,1,True,1,True
583080.1745,383191.096,3,9.747958756524449,3.46651094370111,test spatial,4,True,3,False,4,True,1,True,4,True,4,True
498533.6276,458327.6969,1,8.986787727085542,4.146561718853186,entrainement spatial,1,False,1,False,1,False,1,False,1,False,1,False
605866.4025,347109.5762,3,9.952771567876004,3.139941436253084,test spatial,3,False,2,True,3,False,2,True,3,False,3,False
461706.9874,495855.4625,3,8.65482202512273,4.485986354848743,entrainement spatial,3,False,3,False,2,True,3,False,2,True,3,False
511172.6686,444490.0793,4,9.100652056629508,4.021368712769731,entrainement spatial,4,False,4,False,4,False,4,False,2,True,4,False
490888.8161,480551.6963,2,8.91788540707429,4.347613770502289,entrainement spatial,3,True,2,False,3,True,2,False,3,True,3,True
449684.362,497880.7813,3,8.546439277620713,4.50424904554198,entrainement spatial,3,False,3,False,3,False,3,False,3,False,3,False
544463.2913,429852.3574,5,9.40049311489983,3.888853855862692,entrainement spatial,5,False,5,False,5,False,5,False,5,False,5,False
597417.8593,302458.1573,3,9.876427939438345,2.7360911503979906,test spatial,3,False,3,False,3,False,3,False,3,False,3,False
401580.8283,502550.7983,3,8.112794242385064,4.5460925827402345,entrainement spatial,3,False,3,False,3,False,3,False,3,False,3,False
498703.7044,455181.0112,1,8.988320565374968,4.118094175429498,entrainement spatial,2,True,2,True,1,False,2,True,1,False,2,True
551957.6452,432072.288,5,9.468006522163332,3.9089018073504307,test spatial,5,False,5,False,5,False,5,False,5,False,5,False
600005.3176,322267.4058,4,9.899842298005487,2.915267694871807,test spatial,3,True,3,True,3,True,2,True,3,True,3,True
586148.9998,380319.4576,3,9.775564190458521,3.440511354269915,test spatial,4,True,3,False,3,False,4,True,4,True,4,True
591715.4176,279373.3077,2,9.82499182595932,2.5272980644202376,test spatial,2,False,3,True,3,True,4,True,3,True,3,True
515082.6974,443791.4794,2,9.13587552202155,4.015043469463663,entrainement spatial,1,True,2,False,2,False,2,False,2,False,2,False
602831.844,355667.7782,3,9.925532711428453,3.217382262255147,test spatial,3,False,3,False,3,False,4,True,3,False,3,False
583823.8957,382580.3431,3,9.754649605628,3.4609806210508807,test spatial,4,True,2,True,3,False,3,False,4,True,4,True
459211.9376,495938.3383,2,8.632331264231535,4.4867251140383395,entrainement spatial,2,False,2,False,2,False,2,False,2,False,2,False
498574.3303,457446.3813,1,8.987154594161687,4.138588604229761,entrainement spatial,1,False,1,False,1,False,1,False,1,False,1,False
490595.5788,473902.8808,2,8.915249279159093,4.2874630478808875,entrainement spatial,3,True,2,False,2,False,2,False,2,False,2,False
537686.2,432712.6584,4,9.339461160410346,3.91475708640646,entrainement spatial,5,True,4,False,5,True,4,False,5,True,5,True
584923.4502,381499.9614,3,9.764540258941473,3.451199340328028,test spatial,4,True,3,False,3,False,3,False,4,True,4,True
598095.3683,366957.7845,3,9.882995081982923,3.3195489004972805,test spatial,4,True,2,True,4,True,2,True,4,True,4,True
598656.861,308308.5858,4,9.88761312739737,2.789005947306765,test spatial,3,True,3,True,3,True,4,False,3,True,3,True
592933.2243,287398.2012,2,9.835992482309898,2.599885513583713,test spatial,3,True,1,True,3,True,2,False,3,True,3,True
577786.4633,387581.4373,3,9.700332101891204,3.506263874594052,test spatial,4,True,4,True,4,True,4,True,4,True,4,True
564099.6691,417185.8561,5,9.57728144100853,3.7741642296080746,test spatial,5,False,5,False,5,False,5,False,5,False,5,False
607663.5777,338687.8256,3,9.968874806078968,3.063745489477648,test spatial,3,False,2,True,4,True,2,True,4,True,2,True
525146.9245,437895.0517,2,9.22652615254771,3.961679487124418,entrainement spatial,2,False,2,False,2,False,2,False,4,True,2,False
518030.6056,443029.462,3,9.162430920125814,4.008144764594299,entrainement spatial,1,True,3,False,1,True,1,True,1,True,1,True
502186.5913,449572.4977,2,9.019699629007668,4.0673546344980105,entrainement spatial,1,True,2,False,1,True,1,True,1,True,2,False
532739.928,438165.4143,4,9.29492505646976,3.9641037960762935,entrainement spatial,4,False,4,False,4,False,4,False,4,False,4,False
498546.4467,456117.1108,1,8.986903557832287,4.126562900378412,entrainement spatial,1,False,1,False,1,False,1,False,1,False,1,False
587152.4176,379260.8022,2,9.784589161862064,3.430927199171842,test spatial,4,True,2,False,3,True,2,False,4,True,4,True
603833.2873,352447.1608,4,9.934518931913834,3.18824088771506,test spatial,3,True,3,True,3,True,4,False,4,False,2,True
519490.4959,443323.217,3,9.175583047751081,4.010799592080888,entrainement spatial,2,True,3,False,2,True,1,True,4,True,2,True
496414.0517,468570.1957,4,8.967686171864427,4.239223278403306,entrainement spatial,3,True,4,False,4,False,3,True,4,False,4,False
415671.5232,501693.7257,3,8.23981562754277,4.538484805667835,entrainement spatial,3,False,3,False,3,False,3,False,3,False,3,False
594213.8086,293842.4734,3,9.847550631307024,2.658173492146518,test spatial,2,True,3,False,3,False,2,True,4,True,3,False
591635.0334,272688.6885,2,9.824231124202871,2.4668281317504404,test spatial,2,False,2,False,3,True,3,True,3,True,3,True
597702.7236,306172.1757,4,9.87901516279474,2.7696863964230314,test spatial,3,True,3,True,3,True,4,False,3,True,3,True
560491.3302,422209.0714,5,9.544814256465568,3.8196278052706654,test spatial,2,True,3,True,2,True,3,True,5,False,2,True
607185.7447,336955.0256,4,9.964561157543883,3.0480748862612304,test spatial,3,True,4,False,4,False,3,True,4,False,3,True
607143.9739,337815.0078,4,9.96419223311309,3.055854422722693,test spatial,3,True,4,False,4,False,3,True,4,False,3,True
585582.7704,380902.7715,2,9.77047121141411,3.445792254161267,test spatial,4,True,3,True,3,True,4,True,4,True,4,True
572388.8941,400579.3093,2,9.651821339800485,3.623882710703982,test spatial,1,True,1,True,2,False,2,False,1,True,1,True
573868.4142,390485.5838,1,9.66507714421666,3.532561652650347,test spatial,2,True,1,False,1,False,2,True,1,False,2,True
591732.7512,279454.1976,1,9.8251481951535,2.528029710453407,test spatial,2,True,3,True,3,True,2,True,4,True,3,True
592626.1631,286238.2529,1,9.833223602158219,2.5893942660628695,test spatial,2,True,1,False,3,True,4,True,3,True,3,True
600503.9329,325043.6823,4,9.904348575386221,2.9403781196547194,test spatial,3,True,3,True,3,True,2,True,4,False,3,True
588619.8838,377678.74,4,9.797787319558083,3.4166047244984155,test spatial,4,False,3,True,4,False,4,False,4,False,4,False
497582.9679,453546.1652,2,8.978223294372992,4.103303762510381,entrainement spatial,2,False,2,False,1,True,2,False,1,True,2,False
607097.6881,335730.1372,3,9.963758973321937,3.036995541169964,test spatial,1,True,2,True,2,True,2,True,3,False,3,False
491420.8068,477394.3403,3,8.922682874423062,4.319050351741898,entrainement spatial,3,False,3,False,3,False,2,True,3,False,3,False
567938.4054,410894.5553,5,9.611812273844544,3.717226842295646,test spatial,5,False,5,False,5,False,5,False,5,False,5,False
565466.6755,415052.0004,4,9.589579278669197,3.754852142950393,test spatial,5,True,5,True,5,True,1,True,5,True,5,True
505873.6005,448353.8484,4,9.052916228994528,4.05632819294127,entrainement spatial,4,False,4,False,4,False,4,False,4,False,3,True
591602.6867,265570.96,2,9.823901087367748,2.402439859974408,test spatial,3,True,2,False,3,True,2,False,3,True,3,True
598729.8456,312202.029,4,9.88829630690447,2.8242255417997733,test spatial,3,True,3,True,3,True,4,False,3,True,3,True
502597.533,449817.9524,2,9.023401984694848,4.069575128549332,entrainement spatial,2,False,2,False,2,False,2,False,4,True,1,True
498105.1244,452803.9824,3,8.98292790392962,4.0965894614595975,entrainement spatial,3,False,3,False,3,False,1,True,3,False,3,False
490058.2819,481495.5577,3,8.91039920969992,4.356151822894722,entrainement spatial,3,False,3,False,3,False,3,False,3,False,3,False
600137.9205,321607.6258,4,9.90103060900134,2.909298397164891,test spatial,3,True,3,True,3,True,2,True,3,True,3,True
577280.0047,388013.2598,3,9.695775437366922,3.510173685260904,test spatial,2,True,3,False,3,False,3,False,4,True,4,True
594665.5337,296461.934,3,9.85163038097228,2.6818666118199275,test spatial,2,True,3,False,3,False,2,True,4,True,3,False
569604.0064,427478.977,5,9.626919153826826,3.8672451170737836,test spatial,4,True,5,False,4,True,2,True,5,False,4,True
542787.545,430266.5373,5,9.385401143747503,3.892607864257095,entrainement spatial,5,False,5,False,5,False,5,False,5,False,5,False
599001.1916,317645.6225,4,9.890775319274006,2.873466348933063,test spatial,3,True,3,True,3,True,2,True,3,True,3,True
547665.6742,430053.9384,5,9.42933825531017,3.8906632577128937,test spatial,5,False,5,False,5,False,5,False,5,False,5,False
452257.5444,497749.2798,3,8.569634985029117,4.50307351949937,entrainement spatial,3,False,3,False,3,False,2,True,3,False,3,False
497486.0196,453021.7453,3,8.97734995403691,4.098559390862966,entrainement spatial,2,True,3,False,2,True,1,True,1,True,3,False
515431.4668,443825.4229,2,9.139017527300089,4.015350020947007,entrainement spatial,3,True,2,False,3,True,2,False,4,True,5,True
476214.068,501631.2231,2,8.78557451738879,4.538287985043383,entrainement spatial,2,False,2,False,2,False,2,False,2,False,2,False
406594.48,502567.6006,4,8.15798655750732,4.546298821100818,entrainement spatial,3,True,4,False,3,True,4,False,3,True,4,False
591308.624,267059.5454,3,9.821264452392176,2.4159075283564655,test spatial,3,False,2,True,2,True,2,True,2,True,3,False
499430.4015,460901.9929,1,8.99486766676147,4.169851046479555,entrainement spatial,1,False,1,False,1,False,1,False,1,False,1,False
600151.1729,323619.8253,5,9.901164341463483,2.9275005609666565,test spatial,3,True,3,True,3,True,4,True,3,True,3,True
578266.2661,387242.9097,3,9.704649382581318,3.503198202491839,test spatial,4,True,4,True,4,True,4,True,4,True,4,True
585651.1084,380839.3148,2,9.77108593452917,3.4452177147697123,test spatial,4,True,3,True,3,True,4,True,4,True,4,True
606183.3247,333567.2233,4,9.9555143604904,3.017437608262217,test spatial,3,True,3,True,3,True,4,False,4,False,3,True
486884.397,488815.1396,1,8.881783854255543,4.422366384608381,entrainement spatial,2,True,1,False,2,True,1,False,3,True,1,False
535788.9333,434173.6122,5,9.322376644824695,3.9279807304694514,entrainement spatial,5,False,5,False,5,False,5,False,5,False,5,False
583600.7794,382810.2206,3,9.752642693181846,3.463061740920109,test spatial,4,True,2,True,3,False,1,True,4,True,4,True
510628.3026,445310.1647,3,9.09574885722297,4.028788497060988,entrainement spatial,4,True,3,False,4,True,4,True,4,True,4,True
532711.8392,438880.8551,5,9.294674324849284,3.9705763065037134,entrainement spatial,4,True,5,False,4,True,5,False,4,True,4,True
501877.1964,449582.2578,1,9.016912203425427,4.0674429961509535,entrainement spatial,2,True,1,False,1,False,1,False,4,True,1,False
595883.9425,369510.4082,3,9.863110817265412,3.342657518935805,test spatial,4,True,3,False,4,True,4,True,4,True,4,True
606399.1739,346110.7147,3,9.957557712331178,3.130901563707937,test spatial,3,False,3,False,3,False,4,True,4,True,3,False
491003.0608,473519.6537,2,8.918921786296922,4.28399646884377,entrainement spatial,3,True,2,False,3,True,2,False,2,False,2,False
497465.8392,467214.6404,4,8.97716443650079,4.226960154858548,entrainement spatial,3,True,4,False,3,True,4,False,4,False,3,True
604758.128,349740.0433,3,9.94281970263212,3.1637452159858412,test spatial,3,False,3,False,3,False,4,True,3,False,3,False
594387.3183,371346.5267,3,9.849654106846362,3.359278850006552,test spatial,4,True,2,True,4,True,2,True,4,True,4,True
605883.5337,332891.5486,4,9.952811558472598,3.011327965454436,test spatial,3,True,2,True,4,False,2,True,4,False,3,True
419165.3561,501765.7404,2,8.271308593980795,4.539168746774728,entrainement spatial,2,False,2,False,3,True,3,True,3,True,2,False
544048.5919,429942.046,5,9.396758243253803,3.889667009953296,entrainement spatial,5,False,5,False,5,False,5,False,5,False,5,False
591916.7531,373944.6158,3,9.827436059352111,3.382800460892651,test spatial,2,True,3,False,3,False,2,True,4,True,5,True
599461.9396,364828.0002,2,9.895277829264513,3.300271977606653,test spatial,4,True,3,True,4,True,2,False,4,True,4,True
607137.5691,336445.3363,4,9.964123567251816,3.0434647452519457,test spatial,3,True,3,True,4,False,3,True,4,False,3,True
487146.5343,490729.0156,2,8.884143903767702,4.439681121209937,entrainement spatial,3,True,2,False,3,True,3,True,3,True,3,True
498645.0218,456929.7077,1,8.987791602154626,4.1339143504912625,entrainement spatial,1,False,1,False,1,False,1,False,1,False,1,False
595179.0455,370426.1796,2,9.856773278144743,3.350947154668423,test spatial,4,True,3,True,4,True,2,False,4,True,4,True
607119.3028,336711.7735,4,9.963961348317708,3.0458750220874977,test spatial,3,True,2,True,4,False,2,True,4,False,3,True
593767.768,291692.1676,3,9.84352516848284,2.6387243023548588,test spatial,2,True,2,True,3,False,2,True,3,False,3,False
412877.73,502187.1675,2,8.214627547617717,4.542921451800054,entrainement spatial,3,True,2,False,3,True,3,True,3,True,3,True
594650.2746,371060.7046,3,9.852018765168985,3.356691234708581,test spatial,4,True,3,False,4,True,4,True,4,True,4,True
493460.0348,470405.9519,4,8.941065574105592,4.2558294438427335,entrainement spatial,4,False,4,False,3,True,5,True,3,True,4,False
525664.1113,437744.4324,2,9.231184622396036,3.9603155723255568,entrainement spatial,5,True,2,False,4,True,3,True,5,True,4,True
572911.2897,391136.4285,1,9.656464160352332,3.5384555878228587,test spatial,2,True,1,False,1,False,4,True,4,True,1,False
491797.0572,472893.4156,3,8.926077626824565,4.278331743902158,entrainement spatial,3,False,3,False,3,False,3,False,3,False,3,False
539654.1041,431537.9074,5,9.357182474288907,3.9041220602600553,entrainement spatial,5,False,5,False,5,False,5,False,5,False,5,False
473349.3563,502486.3596,2,8.759747291974051,4.546015981063808,entrainement spatial,2,False,2,False,3,True,2,False,3,True,2,False
596075.8893,369195.2718,3,9.864836021449475,3.339805278512579,test spatial,4,True,2,True,3,False,3,False,4,True,4,True
498540.8437,454646.0988,3,8.986853293570809,4.113254882668844,entrainement spatial,3,False,3,False,3,False,2,True,4,True,3,False
543069.2889,430198.5301,5,9.387938580806404,3.8919914566939355,entrainement spatial,5,False,5,False,5,False,5,False,5,False,5,False
584861.7499,381570.8024,3,9.763985334955944,3.451840628607403,test spatial,4,True,3,False,3,False,3,False,4,True,4,True
560182.3616,422244.097,5,9.542031818374964,3.8199464305046202,test spatial,2,True,5,False,5,False,5,False,5,False,2,True
607161.1738,337615.9834,4,9.96434539430881,3.054053955035505,test spatial,3,True,2,True,4,False,2,True,4,False,2,True
559840.0003,422712.1308,4,9.538951080174787,3.8241824481173214,test spatial,2,True,1,True,1,True,3,True,5,True,5,True
547079.8174,429850.378,5,9.424060454320774,3.8888243970662724,test spatial,5,False,5,False,5,False,5,False,5,False,5,False
495808.274,469035.4813,4,8.962227162068688,4.243432383281148,entrainement spatial,3,True,4,False,3,True,3,True,4,False,4,False
546477.4109,429670.7366,4,9.418633715165855,3.8872019617746028,test spatial,5,True,5,True,5,True,5,True,5,True,5,True
608269.483,340894.5137,3,9.974344984258336,3.0837016386668887,test spatial,2,True,4,True,4,True,4,True,4,True,2,True
498747.2264,465110.4471,3,8.988711412689847,4.207924146702288,entrainement spatial,3,False,3,False,3,False,4,True,2,True,3,False
598447.3236,307942.9855,3,9.88572560399927,2.78570015052622,test spatial,3,False,1,True,3,False,3,False,3,False,3,False
603793.7285,331616.928,4,9.933997974427056,2.9998142872326454,test spatial,3,True,3,True,3,True,3,True,3,True,3,True
498653.8506,457217.5577,1,8.987871110339468,4.136518484920991,entrainement spatial,1,False,1,False,1,False,1,False,1,False,1,False
560382.4801,422209.0714,4,9.543833929470559,3.8196284284806032,test spatial,2,True,1,True,1,True,3,True,5,True,5,True
488387.7549,482789.3298,3,8.895341803463802,4.367854339388757,entrainement spatial,3,False,3,False,3,False,3,False,3,False,3,False
419825.8408,501798.7692,3,8.277261976225864,4.539473515408389,entrainement spatial,2,True,3,False,2,True,2,True,3,False,2,True
541952.0285,430515.2491,5,9.37787649334482,3.8948613024214698,entrainement spatial,5,False,5,False,5,False,5,False,5,False,5,False
515044.511,443747.3528,1,9.13553144694694,4.014644320338219,entrainement spatial,1,False,1,False,2,True,1,False,1,False,2,True
388348.0975,502004.8276,3,7.993525506523235,4.540997298562129,entrainement spatial,2,True,3,False,3,False,3,False,3,False,3,False
416378.3687,501593.0821,3,8.246188101327144,4.5375810731602675,entrainement spatial,3,False,3,False,3,False,3,False,3,False,3,False
607625.4424,339349.7464,2,9.968537042868315,3.069733372923425,test spatial,3,True,2,False,3,True,2,False,3,True,3,True
599899.2027,319498.5231,3,9.898867767662052,2.890221259348653,test spatial,2,True,2,True,3,False,4,True,4,True,2,True
591869.0801,268828.1497,2,9.826314758697034,2.4319036107501337,test spatial,3,True,2,False,3,True,2,False,3,True,3,True
500943.5935,450567.881,1,9.008501199458735,4.076359919702626,entrainement spatial,1,False,1,False,1,False,1,False,4,True,1,False
523203.3761,439077.0014,1,9.20902123225635,3.9723769885266225,entrainement spatial,2,True,1,False,1,False,1,False,2,True,1,False
503114.6948,449558.0776,1,9.028061174900657,4.067223929715532,entrainement spatial,1,False,1,False,1,False,1,False,1,False,1,False
501728.843,449893.6047,2,9.015575699026003,4.070259733701735,entrainement spatial,1,True,2,False,1,True,1,True,4,True,2,False
456914.6087,495963.0139,2,8.611623046656884,4.486937616236108,entrainement spatial,2,False,2,False,2,False,2,False,2,False,2,False
542474.7121,430350.0889,5,9.382583741147656,3.893365017474381,entrainement spatial,5,False,5,False,5,False,5,False,5,False,5,False
601966.6197,329206.668,2,9.917539878652784,2.9780252960174503,test spatial,3,True,3,True,3,True,2,False,3,True,3,True
505606.4844,448466.3183,4,9.050509800135972,4.057345846154778,entrainement spatial,4,False,4,False,4,False,4,False,4,False,4,False
392889.6358,502304.9904,3,8.034457112552913,4.54376838320714,entrainement spatial,3,False,3,False,3,False,2,True,3,False,3,False
489902.6659,481572.7007,2,8.908996621272706,4.356849549956244,entrainement spatial,3,True,2,False,3,True,2,False,3,True,2,False
568033.3176,426763.3248,5,9.612767959195402,3.8607814230614275,test spatial,5,False,5,False,5,False,5,False,5,False,5,False
550376.0401,431298.6892,5,9.45375682143839,3.9019112094553554,test spatial,5,False,5,False,5,False,4,True,5,False,5,False
594624.3751,296377.902,4,9.851259611876268,2.681106708041916,test spatial,2,True,3,True,3,True,2,True,4,False,3,True
492341.8902,472303.6681,3,8.93098796739647,4.272996873635814,entrainement spatial,3,False,3,False,3,False,3,False,3,False,3,False
592275.9645,373567.6478,2,9.830666556059919,3.379387618473142,test spatial,4,True,2,False,4,True,2,False,4,True,4,True
487127.6018,485777.0089,1,8.883980215194509,4.394881497543858,entrainement spatial,2,True,1,False,1,False,1,False,1,False,1,False
523429.0887,440695.9963,2,9.211058221455318,3.987023216183877,entrainement spatial,2,False,2,False,2,False,1,True,1,True,2,False
540646.021,431011.7383,3,9.366114936815844,3.899358105941903,entrainement spatial,4,True,3,False,4,True,3,False,1,True,4,True
591405.8062,266625.9423,2,9.822136128540867,2.4119845300248812,test spatial,3,True,2,False,3,True,2,False,3,True,3,True
606962.3802,344987.1182,2,9.962616640390197,3.120733118371016,test spatial,3,True,2,False,3,True,2,False,3,True,2,False
596365.2419,368865.8109,2,9.86743784043008,3.3368226824393035,test spatial,4,True,4,True,3,True,3,True,4,True,4,True
594564.528,371117.869,3,9.851247400183759,3.3572090188142276,test spatial,4,True,3,False,4,True,4,True,4,True,4,True
591726.9734,279133.5268,2,9.825094395579958,2.5251288937808294,test spatial,2,False,2,False,3,True,2,False,4,True,3,True
517944.3437,443006.8496,2,9.161653781147411,4.007940348246829,entrainement spatial,2,False,2,False,3,True,1,True,2,False,3,True
506856.4344,447828.5627,2,9.061770376677458,4.051575380232842,entrainement spatial,2,False,2,False,3,True,2,False,4,True,3,True
497285.83,467407.8953,4,8.97554230180766,4.228708447440315,entrainement spatial,3,True,4,False,4,False,4,False,4,False,4,False
492365.3239,472235.3199,3,8.931199198171335,4.272378559941854,entrainement spatial,3,False,3,False,3,False,3,False,3,False,3,False
473978.4555,501711.5369,1,8.765420786516577,4.53900828688865,entrainement spatial,1,False,1,False,2,True,1,False,1,False,1,False
584429.8483,381963.8557,2,9.760100111017337,3.4553993894714155,test spatial,4,True,3,True,3,True,3,True,4,True,4,True
495788.6353,469046.056,3,8.962050187500376,4.243528041940922,entrainement spatial,3,False,3,False,4,True,3,False,4,True,3,False
586932.4465,379435.9445,4,9.782610286977215,3.4325131894499865,test spatial,4,False,3,True,4,False,4,False,4,False,4,False
592051.7727,284657.8798,3,9.828047750074242,2.575101332940408,test spatial,2,True,2,True,3,False,2,True,4,True,3,False
535920.4121,434050.7081,5,9.323560527952221,3.926868389450707,entrainement spatial,5,False,5,False,5,False,5,False,5,False,5,False
486853.0691,488812.9933,2,8.881501486926435,4.422346922416339,entrainement spatial,2,False,2,False,2,False,3,True,3,True,2,False
606998.9886,344950.5098,1,9.962945767924499,3.120401664671168,test spatial,3,True,1,False,3,True,3,True,3,True,2,True
595815.1855,369607.8141,3,9.862492709811825,3.343539196220847,test spatial,4,True,3,False,4,True,4,True,4,True,4,True
595434.6055,297805.9729,3,9.85855708365697,2.6940200520039457,test spatial,2,True,3,False,3,False,2,True,4,True,3,False
499624.5937,451572.2289,1,8.996617781160468,4.085446145992306,entrainement spatial,2,True,1,False,1,False,1,False,1,False,1,False
457626.1435,495940.7112,2,8.618036915625465,4.486739238943505,entrainement spatial,2,False,2,False,2,False,2,False,2,False,2,False
487204.3267,485300.9616,3,8.88467240237889,4.390574918164858,entrainement spatial,3,False,3,False,3,False,3,False,3,False,3,False
595975.6186,369384.3536,3,9.863934990099748,3.341516504037827,test spatial,4,True,3,False,4,True,3,False,4,True,4,True
402905.2161,502573.3355,2,8.124731825624698,4.5463110527079245,entrainement spatial,3,True,2,False,3,True,3,True,3,True,3,True
421447.1403,506283.3271,3,8.291836859374564,4.5800555183376375,entrainement spatial,3,False,3,False,3,False,3,False,3,False,3,False
522626.3431,443158.0032,2,9.20383231383943,4.009298363883593,entrainement spatial,2,False,2,False,3,True,2,False,4,True,2,False
539545.8492,431620.9868,5,9.356207702898267,3.904874071164002,entrainement spatial,5,False,5,False,5,False,5,False,5,False,5,False
592419.7237,373364.215,3,9.831959014907268,3.3775462452959433,test spatial,4,True,2,True,4,True,2,True,4,True,4,True
597618.5644,304050.7641,2,9.878243968613475,2.750496601106358,test spatial,3,True,1,True,2,False,4,True,2,False,2,False
407285.7736,502576.6965,4,8.164217748900878,4.5463883583712,entrainement spatial,3,True,4,False,3,True,4,False,3,True,4,False
509776.3198,446070.6274,4,9.088074212999524,4.03566916057195,entrainement spatial,4,False,4,False,4,False,4,False,4,False,4,False
523873.941,437349.1267,1,9.215057764116805,3.9567436700128646,entrainement spatial,2,True,1,False,2,True,1,False,2,True,1,False
568122.0849,426921.1334,5,9.613568469831485,3.86220844087811,test spatial,5,False,5,False,5,False,5,False,5,False,5,False
562813.2658,419095.0478,5,9.56570768121307,3.7914433242013605,test spatial,5,False,5,False,5,False,2,True,5,False,5,False
594250.1237,371478.0048,3,9.848420229269726,3.3604692790319617,test spatial,4,True,3,False,4,True,4,True,4,True,4,True
523398.7977,442010.6277,5,9.21078838361819,3.998916508859354,entrainement spatial,5,False,5,False,4,True,5,False,5,False,5,False
499664.1183,451542.9515,1,8.99697387859198,4.085181279094878,entrainement spatial,2,True,1,False,1,False,1,False,1,False,2,True
591517.248,266113.31,3,9.823135620939002,2.407346539751341,test spatial,3,False,3,False,3,False,2,True,3,False,3,False
450723.5687,499084.8622,1,8.555800199744095,4.515147521602542,entrainement spatial,2,True,1,False,1,False,1,False,1,False,2,True
511572.1659,443888.9065,3,9.104250343344976,4.015929537950221,entrainement spatial,3,False,3,False,2,True,2,True,1,True,3,False
568985.6442,409114.2694,5,9.621231458267363,3.701115057855629,test spatial,3,True,5,False,5,False,5,False,5,False,4,True
571400.7135,404477.494,4,9.642948725824926,3.659153531160072,test spatial,1,True,1,True,4,False,4,False,4,False,4,False
414753.7068,501893.157,2,8.23154050519054,4.540280081958153,entrainement spatial,2,False,2,False,3,True,3,True,3,True,2,False
492617.9574,470758.5795,4,8.933476983556771,4.259018978691511,entrainement spatial,2,True,4,False,1,True,2,True,1,True,1,True
598672.5628,366261.8516,3,9.888184600386259,3.313248876951907,test spatial,3,False,2,True,3,False,2,True,4,True,4,True
534962.9038,434902.4617,5,9.31493855426187,3.9345772960920886,entrainement spatial,5,False,5,False,5,False,5,False,5,False,5,False
591180.5912,267845.1681,2,9.820117225903097,2.4230151425469857,test spatial,3,True,3,True,3,True,3,True,3,True,3,True
605963.8278,333118.7639,4,9.953535819902148,3.0133826751432817,test spatial,3,True,4,False,4,False,4,False,4,False,3,True
395397.8745,502413.6973,3,8.057064178342344,4.544781630075993,entrainement spatial,3,False,3,False,3,False,3,False,3,False,4,True
563205.2275,418585.1509,5,9.569234627376824,3.786828236147215,test spatial,5,False,5,False,5,False,2,True,5,False,5,False
605782.739,332736.0855,4,9.951903403253535,3.009922472616607,test spatial,3,True,5,True,4,False,3,True,4,False,3,True
600430.5875,361361.6663,3,9.903967900731073,3.268908009389802,test spatial,5,True,5,True,4,True,4,True,4,True,5,True
414711.9763,501893.157,2,8.231164345141863,4.540279681051604,entrainement spatial,2,False,2,False,3,True,3,True,3,True,2,False
599323.3749,310407.6613,3,9.893623626952651,2.807989601458032,test spatial,3,False,3,False,3,False,2,True,3,False,3,False
516860.0819,443084.0512,1,9.151886230913448,4.0086406545297635,entrainement spatial,2,True,1,False,2,True,1,False,2,True,1,False
397753.8824,502478.3368,3,8.078299790787243,4.545393811559992,entrainement spatial,3,False,3,False,3,False,3,False,3,False,3,False
523326.0992,440829.2769,1,9.21013076294777,3.988229218980006,entrainement spatial,1,False,1,False,2,True,1,False,2,True,1,False
422175.8811,507170.8961,2,8.298398377183752,4.588090988829483,entrainement spatial,3,True,2,False,3,True,2,False,3,True,3,True
567725.9374,411280.5887,4,9.609901388715889,3.720720389429921,test spatial,3,True,5,True,5,True,5,True,5,True,5,True
516701.1354,443042.0821,1,9.150454274730517,4.00826123208974,entrainement spatial,1,False,1,False,1,False,1,False,1,False,1,False
591674.8854,272828.2076,2,9.824590334233209,2.468090026444921,test spatial,2,False,3,True,3,True,3,True,3,True,3,True
600263.0762,323787.6802,3,9.902172382899066,2.9290181539329074,test spatial,3,False,3,False,3,False,2,True,3,False,3,False
598485.3301,313076.8955,4,9.886102525511998,2.832141274800424,test spatial,3,True,3,True,3,True,4,False,3,True,3,True
601238.4483,327173.4961,4,9.910972970005139,2.9596388492117796,test spatial,3,True,3,True,3,True,2,True,3,True,3,True
590353.9276,375771.3989,3,9.813382251466582,3.399337629112215,test spatial,4,True,2,True,4,True,2,True,4,True,4,True
596717.6218,368570.7285,2,9.87060721603449,3.334150566077158,test spatial,1,True,1,True,2,False,2,False,2,False,1,True
591632.4046,265140.0517,2,9.824166025135773,2.3985416100260184,test spatial,3,True,1,True,3,True,1,True,3,True,3,True
608342.9055,341790.3821,3,9.975013057964745,3.0918048157560967,test spatial,3,False,2,True,3,False,2,True,4,True,2,True
468254.1867,500118.7636,2,8.713823667421456,4.524580427187301,entrainement spatial,2,False,2,False,2,False,2,False,2,False,2,False
487306.2415,484951.2903,2,8.885591442373345,4.387411666122767,entrainement spatial,3,True,2,False,3,True,3,True,3,True,3,True
589447.5414,376761.23,3,9.805230781106745,3.408298601987922,test spatial,4,True,3,False,3,False,4,True,4,True,4,True
569048.8591,408982.5716,5,9.621799869586546,3.699923266564621,test spatial,3,True,5,False,5,False,5,False,5,False,4,True
420689.0891,504294.2948,2,8.285021130207511,4.562055876331108,entrainement spatial,2,False,2,False,3,True,2,False,4,True,2,False
597148.5331,302255.1268,3,9.874003783969144,2.734256303589527,test spatial,2,True,3,False,3,False,3,False,4,True,3,False
598505.2943,315001.6348,3,9.886295411675139,2.849552330228435,test spatial,3,False,2,True,2,True,4,True,2,True,2,True
592522.7963,373266.5672,4,9.83288605202665,3.376662121619546,test spatial,4,False,3,True,4,False,4,False,4,False,4,False
451657.5969,496508.7932,2,8.564233649654039,4.491848246903795,entrainement spatial,2,False,2,False,3,True,2,False,4,True,2,False
599122.5479,311168.8508,3,9.891822139708657,2.8148767022529677,test spatial,3,False,3,False,3,False,2,True,3,False,3,False
569803.7329,427229.9353,5,9.628716346042834,3.864990862771328,test spatial,4,True,4,True,4,True,4,True,5,False,4,True
604511.8506,332086.1549,4,9.940463111849123,3.004053276204867,test spatial,3,True,4,False,4,False,3,True,4,False,3,True
597794.2594,304691.6798,2,9.87982877024437,2.756293173726658,test spatial,2,False,1,True,2,False,4,True,2,False,2,False
563599.8653,417968.5293,5,9.572785004296234,3.781247641799632,test spatial,5,False,5,False,5,False,5,False,5,False,5,False
490812.2557,473671.6509,2,8.917202150754136,4.285371372265247,entrainement spatial,3,True,2,False,3,True,2,False,2,False,2,False
499421.661,460735.9235,1,8.994788920902987,4.168348643750365,entrainement spatial,1,False,1,False,1,False,1,False,1,False,1,False
419559.2814,501719.1471,2,8.274859898346095,4.538750841193444,entrainement spatial,2,False,2,False,3,True,3,True,3,True,2,False
599021.8054,317723.4969,2,9.890961325650313,2.874170654164994,test spatial,3,True,3,True,3,True,3,True,3,True,3,True
488428.5861,493117.5102,2,8.895696760776135,4.461290963420373,entrainement spatial,2,False,2,False,3,True,2,False,3,True,2,False
499332.7241,463895.6495,1,8.993987343894059,4.196934143130428,entrainement spatial,1,False,1,False,1,False,1,False,1,False,1,False
444528.9492,502515.3367,3,8.499939164174906,4.546144613952723,entrainement spatial,3,False,3,False,3,False,3,False,3,False,3,False
497881.0313,452782.4594,4,8.980908916482589,4.096394700410538,entrainement spatial,3,True,4,False,2,True,1,True,1,True,4,False
593907.7819,292952.2925,3,9.844792338591052,2.650122697246862,test spatial,2,True,3,False,3,False,4,True,4,True,3,False
497012.0556,467888.4364,3,8.97307513923599,4.233055733525037,entrainement spatial,3,False,3,False,4,True,4,True,4,True,3,False
519407.6338,443423.7256,1,9.17483676775231,4.011709036311599,entrainement spatial,1,False,1,False,2,True,1,False,1,False,2,True
498616.886,457039.4374,1,8.987538082178116,4.1349070537182016,entrainement spatial,1,False,1,False,1,False,1,False,1,False,1,False
591426.8777,268456.208,3,9.82233561743544,2.428541389415208,test spatial,3,False,3,False,3,False,3,False,3,False,3,False
596615.9025,301462.4831,4,9.869207152363382,2.727089498347682,test spatial,2,True,3,True,3,True,1,True,4,False,2,True
491311.9063,473285.1898,3,8.921705240185958,4.281875611467767,entrainement spatial,3,False,3,False,3,False,2,True,2,True,2,True
491457.0959,477667.5757,3,8.923009668405506,4.321522288298009,entrainement spatial,3,False,3,False,3,False,2,True,2,True,3,False
491398.7126,477282.5372,2,8.922483860565466,4.318038872210504,entrainement spatial,2,False,2,False,1,True,2,False,1,True,1,True
488611.427,482507.8757,2,8.897358046708257,4.365308366983891,entrainement spatial,3,True,2,False,3,True,3,True,3,True,2,False
607639.0621,338834.9191,4,9.968655405424196,3.06507626129892,test spatial,3,True,2,True,4,False,2,True,4,False,2,True
420225.5182,503561.2059,2,8.280848905688398,4.555420163110513,entrainement spatial,3,True,2,False,3,True,2,False,4,True,3,True
608270.2335,342196.2819,3,9.974362475122367,3.0954770798525617,test spatial,3,False,5,True,3,False,4,True,4,True,3,False
451676.9813,496556.3732,3,8.564408125025663,4.492278783486041,entrainement spatial,3,False,3,False,3,False,3,False,3,False,3,False
570580.6684,394069.5507,1,9.635499205885505,3.565004470161878,test spatial,5,True,5,True,4,True,2,True,5,True,4,True
559481.6511,423024.7333,5,9.535725447214702,3.827012437896868,test spatial,2,True,3,True,2,True,3,True,5,False,2,True
584836.6128,381593.6543,3,9.763759211717154,3.4520475334429235,test spatial,4,True,3,False,3,False,4,True,4,True,4,True
569451.8543,408303.0111,5,9.625424475934754,3.693773134251887,test spatial,3,True,5,False,4,True,4,True,5,False,4,True
491153.1972,476526.4208,3,8.920271952402318,4.311198215931314,entrainement spatial,3,False,4,True,3,False,3,False,3,False,4,True
548942.6779,430599.4196,5,9.440842930219938,3.8955920691034738,test spatial,5,False,5,False,5,False,4,True,5,False,5,False
498126.6475,452806.5146,3,8.98312181824799,4.096612374013503,entrainement spatial,3,False,3,False,3,False,1,True,3,False,3,False
522223.0162,443441.1674,2,9.200199530224864,4.01186099716144,entrainement spatial,2,False,2,False,2,False,1,True,1,True,2,False
522300.668,443421.7545,2,9.200899022860058,4.011685200249906,entrainement spatial,1,True,2,False,2,False,1,True,1,True,2,False
395925.4879,502425.5272,3,8.061819779113868,4.544894846207177,entrainement spatial,3,False,3,False,3,False,3,False,3,False,3,False
578474.1806,387098.9689,1,9.70652021312162,3.5018946580064756,test spatial,2,True,1,False,1,False,3,True,1,False,2,True
592591.4001,285668.6741,3,9.832907550312383,2.584241968103943,test spatial,2,True,3,False,3,False,3,False,3,False,3,False
599438.8966,310093.2009,2,9.894660740409634,2.805144198231512,test spatial,3,True,3,True,3,True,2,False,3,True,3,True
515190.468,443840.6974,2,9.136846467504117,4.015488574475257,entrainement spatial,3,True,2,False,3,True,2,False,2,False,2,False
469327.4593,497454.4233,3,8.72350784988348,4.5004808466298405,entrainement spatial,3,False,3,False,3,False,3,False,3,False,3,False
513872.5715,442841.8423,2,9.12497257184625,4.006453992283157,entrainement spatial,2,False,2,False,2,False,2,False,1,True,2,False
491022.6942,475729.4875,2,8.9190966121217,4.303988401650964,entrainement spatial,3,True,2,False,3,True,2,False,3,True,2,False
602901.9517,330853.536,4,9.925968139099455,2.9929155906730704,test spatial,3,True,3,True,3,True,2,True,3,True,3,True
487453.8037,484544.1329,3,8.88692196919443,4.383728411651159,entrainement spatial,3,False,3,False,3,False,3,False,3,False,3,False
497527.7996,452822.9734,3,8.977726426318196,4.096761142063133,entrainement spatial,3,False,3,False,1,True,1,True,1,True,3,False
608137.2969,342543.6896,4,9.973169116436498,3.098620741490258,test spatial,3,True,2,True,3,True,4,False,3,True,3,True
604234.7758,331933.5415,3,9.93796886640248,3.002674912562836,test spatial,3,False,2,True,3,False,3,False,3,False,3,False
542824.4631,430258.765,5,9.385733639843233,3.892537398099186,entrainement spatial,5,False,5,False,5,False,5,False,5,False,5,False
461831.2306,495844.5639,2,8.655942001254957,4.485888288416021,entrainement spatial,2,False,2,False,3,True,3,True,2,False,2,False
487580.6521,484282.5035,3,8.888065595911817,4.381361683974712,entrainement spatial,3,False,3,False,3,False,3,False,3,False,3,False
409688.5156,502463.8941,3,8.185877171096086,4.545392775111167,entrainement spatial,3,False,3,False,3,False,3,False,3,False,3,False
504410.1224,448905.6316,1,9.03973176156405,4.061320853501883,entrainement spatial,1,False,1,False,1,False,1,False,1,False,1,False
563732.439,417761.961,5,9.573977703579537,3.779378138031098,test spatial,5,False,5,False,5,False,5,False,5,False,5,False
598718.4892,312279.549,3,9.888194671685584,2.824926866101219,test spatial,3,False,5,True,3,False,4,True,3,False,3,False
521171.2515,443348.7824,3,9.190724385282735,4.011027477858647,entrainement spatial,3,False,3,False,5,True,2,True,5,True,2,True
462833.8947,495767.6254,2,8.664980350638928,4.4851964607158505,entrainement spatial,2,False,2,False,2,False,2,False,2,False,2,False
602734.9226,355068.2973,3,9.924655568915375,3.211960247297089,test spatial,3,False,3,False,3,False,1,True,4,True,3,False
597715.0729,305434.0532,3,9.879121340918463,2.7630092353217766,test spatial,3,False,3,False,3,False,4,True,3,False,3,False
602093.2756,357005.1342,3,9.918896697062506,3.229485826819754,test spatial,3,False,3,False,2,True,4,True,3,False,3,False
500876.1058,450582.6166,1,9.007893177923917,4.076493236741447,entrainement spatial,1,False,1,False,2,True,1,False,1,False,1,False
590978.5743,277033.4428,1,9.81835108295799,2.5061353717575763,test spatial,2,True,1,False,3,True,4,True,3,True,3,True
460780.2484,496069.0309,2,8.646467461406562,4.487914421015605,entrainement spatial,2,False,2,False,2,False,3,True,2,False,2,False
474063.7571,501494.7287,2,8.766190390733696,4.537047144458404,entrainement spatial,3,True,2,False,2,False,3,True,2,False,2,False
474888.3392,501403.7522,1,8.773624036153521,4.536226479449153,entrainement spatial,2,True,1,False,2,True,2,True,2,True,2,True
606440.6309,333940.4588,3,9.957832527570076,3.020811771919509,test spatial,3,False,3,False,3,False,3,False,4,True,3,False
498749.6867,459338.4415,1,8.988734327882641,4.155705791171383,entrainement spatial,1,False,1,False,1,False,1,False,1,False,1,False
592610.1187,286585.8832,3,9.833081339586903,2.5925390825786003,test spatial,2,True,3,False,3,False,2,True,3,False,3,False
598924.3129,311644.4548,3,9.890041998059635,2.8191803833226015,test spatial,3,False,3,False,3,False,2,True,3,False,3,False
488613.291,482478.0528,2,8.897374883032635,4.365038568282979,entrainement spatial,3,True,2,False,3,True,3,True,3,True,2,False
551980.1446,432516.1543,5,9.468211408489353,3.9129171690782796,test spatial,5,False,5,False,5,False,5,False,5,False,5,False
491084.613,475919.0067,1,8.919654443562079,4.305703001752668,entrainement spatial,2,True,1,False,1,False,2,True,1,False,2,True
487910.6192,483620.9675,3,8.891040420014072,4.375377361030018,entrainement spatial,3,False,3,False,3,False,2,True,3,False,3,False
565289.0925,415322.8307,5,9.587981699587655,3.7573032753116498,test spatial,5,False,5,False,5,False,5,False,5,False,5,False
603954.7376,331694.9905,3,9.935447300902958,3.0005191853988586,test spatial,3,False,3,False,4,True,3,False,4,True,3,False
596093.0785,369235.38,3,9.864991057307781,3.3401679592284714,test spatial,4,True,3,False,4,True,4,True,4,True,4,True
594110.0709,371575.1843,3,9.847160353925275,3.361349464308157,test spatial,4,True,3,False,4,True,4,True,4,True,4,True
499942.787,451122.3048,2,8.999484542716216,4.0813757557594155,entrainement spatial,1,True,2,False,1,True,1,True,1,True,2,False
527643.8763,436351.2788,1,9.249014653028668,3.9477068125621324,entrainement spatial,1,False,1,False,1,False,1,False,1,False,1,False
522696.5238,443111.147,2,9.204464437651298,4.008874306496252,entrainement spatial,2,False,2,False,4,True,2,False,4,True,2,False
493383.2653,470412.57,5,8.940373766924873,4.255889263200269,entrainement spatial,4,True,5,False,3,True,5,False,3,True,4,True
597550.4506,303050.6748,3,9.877624615632074,2.7414502096510827,test spatial,3,False,3,False,3,False,2,True,3,False,3,False
493035.1555,470470.8089,5,8.937236758849192,4.256415889722205,entrainement spatial,4,True,5,False,3,True,5,False,3,True,4,True
445707.3976,498056.1009,2,8.51058948094216,4.505811809738674,entrainement spatial,2,False,2,False,2,False,2,False,2,False,2,False
599009.2639,309298.3594,3,9.89079017690158,2.797957029032595,test spatial,3,False,2,True,3,False,3,False,3,False,3,False
593036.6159,287820.0389,3,9.836925003912318,2.6037009033207172,test spatial,2,True,2,True,3,False,4,True,3,False,3,False
594235.5619,293745.7922,3,9.847745713610404,2.657298767245063,test spatial,2,True,3,False,3,False,2,True,4,True,3,False
500115.7773,451014.5744,1,9.001043087770883,4.080401134089495,entrainement spatial,1,False,1,False,1,False,1,False,1,False,1,False
570560.7211,426643.0845,5,9.635530244533049,3.8596769173765706,test spatial,4,True,4,True,4,True,3,True,5,False,4,True
444630.9526,501024.9538,2,8.500867944958527,4.532662653255259,entrainement spatial,2,False,2,False,1,True,1,True,2,False,2,False
600111.5615,363127.9537,3,9.901110904521998,3.2848882442060936,test spatial,5,True,3,False,4,True,3,False,4,True,4,True
499140.5171,452130.9382,1,8.992256449996441,4.090500676004183,entrainement spatial,2,True,1,False,1,False,1,False,1,False,1,False
507887.0694,447236.8211,4,9.07105501019842,4.046221216896862,entrainement spatial,4,False,4,False,4,False,4,False,4,False,4,False
498715.5194,457639.502,1,8.988426694629691,4.140335755973207,entrainement spatial,1,False,1,False,1,False,1,False,1,False,1,False
498569.7041,455637.0112,1,8.987113175807993,4.122219517853275,entrainement spatial,3,True,1,False,2,True,1,False,1,False,1,False
576031.4139,388806.1405,3,9.684539765856334,3.5173546702504073,test spatial,4,True,4,True,4,True,4,True,4,True,4,True
606148.5472,346572.5439,4,9.955306152878753,3.1350812345585872,test spatial,3,True,5,True,3,True,4,False,4,False,2,True
541469.2617,430661.7981,4,9.373528692386278,3.8961890326998208,entrainement spatial,4,False,4,False,4,False,4,False,5,True,4,False
499870.5241,451220.8998,2,8.998833492923348,4.0822677295863725,entrainement spatial,2,False,2,False,1,True,1,True,1,True,2,False
568165.8359,410541.4395,5,9.613858088717011,3.7140309854051403,test spatial,2,True,5,False,5,False,5,False,5,False,5,False
593877.9917,292436.9223,3,9.844521209277605,2.6454607748877077,test spatial,2,True,3,False,3,False,2,True,3,False,3,False
501984.5574,449573.4737,1,9.017879447836155,4.067363506744446,entrainement spatial,1,False,1,False,1,False,1,False,1,False,1,False
595605.7248,300542.299,3,9.86011385445173,2.718771999019648,test spatial,2,True,3,False,3,False,4,True,3,False,3,False
608391.8601,341684.844,3,9.97545270137763,3.0908497400614054,test spatial,3,False,2,True,4,True,2,True,4,True,2,True
591591.5426,265712.1196,3,9.823801626484206,2.4037168804886333,test spatial,3,False,3,False,3,False,1,True,3,False,3,False
487663.9448,484114.3164,3,8.888816528834806,4.379840246632562,entrainement spatial,3,False,3,False,3,False,3,False,3,False,3,False
602639.2835,355696.8439,1,9.923799969117262,3.217646763896161,test spatial,2,True,1,False,2,True,3,True,2,True,2,True
514742.4191,443720.7389,1,9.132809958509965,4.014403996603051,entrainement spatial,1,False,1,False,1,False,1,False,1,False,1,False
604319.9179,351249.4273,3,9.938888495286937,3.177402414154855,test spatial,3,False,3,False,3,False,4,True,4,True,3,False
526156.6549,436927.7212,2,9.235619386782277,3.952925692375619,entrainement spatial,2,False,2,False,2,False,2,False,1,True,2,False
523029.0425,442899.7901,5,9.207459478411884,4.006961444738169,entrainement spatial,3,True,5,False,5,False,5,False,5,False,3,True
494784.6022,469685.6733,2,8.953002209685309,4.249314041491242,entrainement spatial,1,True,2,False,1,True,2,False,1,True,1,True
606895.6244,335232.9542,4,9.9619368227482,3.0324997629034987,test spatial,3,True,2,True,3,True,3,True,3,True,3,True
502663.7498,449838.91,1,9.023998558069897,4.0697647113388555,entrainement spatial,1,False,1,False,1,False,1,False,4,True,1,False
591643.6767,282458.4357,2,9.824364255929538,2.5552071378538903,test spatial,2,False,3,True,3,True,2,False,3,True,3,True
570500.2408,406248.005,4,9.634851790923117,3.675176049148607,test spatial,3,True,5,True,4,False,2,True,5,True,4,False
457434.3697,495951.4648,2,8.616308218652112,4.486835615136063,entrainement spatial,2,False,2,False,2,False,2,False,2,False,2,False
512007.0378,443633.5389,3,9.108167671607237,4.013618754285306,entrainement spatial,3,False,3,False,3,False,4,True,2,True,3,False
497860.5796,453879.2993,2,8.98072441685411,4.10631764035298,entrainement spatial,2,False,2,False,1,True,2,False,1,True,2,False
600545.5866,324566.1233,2,9.904719871718289,2.9360578446315504,test spatial,3,True,3,True,3,True,2,False,3,True,3,True
591416.9504,266425.3471,2,9.822235267233186,2.410169841817208,test spatial,3,True,2,False,3,True,2,False,3,True,3,True
599181.1147,309472.3855,3,9.892337389821744,2.7995300869204014,test spatial,3,False,3,False,3,False,3,False,3,False,3,False
591681.2045,263475.2678,3,9.82459592343595,2.383481355537398,test spatial,3,False,3,False,3,False,2,True,3,False,3,False
597791.7848,305065.3411,3,9.879808992574723,2.7596733414383374,test spatial,3,False,3,False,3,False,2,True,3,False,3,False
499968.6838,451118.1613,2,8.999717858482477,4.081338270238018,entrainement spatial,1,True,2,False,1,True,1,True,4,True,1,True
470086.6662,498181.8763,2,8.730349109921708,4.507064429824515,entrainement spatial,3,True,2,False,3,True,3,True,3,True,3,True
565088.8324,415683.9057,4,9.586180438263291,3.7605709375010963,test spatial,5,True,5,True,5,True,5,True,5,True,5,True
570885.6982,405493.8818,5,9.63831782932382,3.6683514837018163,test spatial,3,True,3,True,4,True,2,True,5,False,4,True
598702.8807,316936.6942,3,9.88808649690405,2.8670554894812623,test spatial,3,False,3,False,3,False,2,True,3,False,3,False
513757.757,442899.9951,2,9.123938333733502,4.006980249515472,entrainement spatial,2,False,2,False,2,False,1,True,1,True,2,False
604628.0918,350145.6324,3,9.941652800456135,3.167415164264198,test spatial,3,False,5,True,3,False,2,True,4,True,2,True
486848.7763,488956.8007,1,8.881462587462893,4.423647906378381,entrainement spatial,1,False,1,False,2,True,1,False,1,False,1,False
591556.6384,274366.4903,3,9.823535397324497,2.4820063073167433,test spatial,2,True,3,False,3,False,4,True,3,False,3,False
598711.6143,312267.3578,4,9.888132737715077,2.8248166320355286,test spatial,3,True,5,True,4,False,4,False,3,True,3,True
591590.2321,263910.2296,3,9.823780100618738,2.387416605823584,test spatial,3,False,3,False,3,False,2,True,3,False,3,False
583174.8299,383152.7831,3,9.748810603807033,3.466163681092217,test spatial,4,True,3,False,4,True,1,True,4,True,4,True
422614.9942,507750.1516,3,8.302351790776694,4.593334846997564,entrainement spatial,3,False,3,False,3,False,3,False,2,True,3,False
601211.0297,326690.9277,4,9.910722709340227,2.9552737770343005,test spatial,3,True,3,True,3,True,2,True,3,True,3,True
563935.9241,417450.5671,5,9.575808381795325,3.7765599082537022,test spatial,4,True,4,True,5,False,3,True,5,False,5,False
491412.2682,478310.1059,3,8.922605082802454,4.3273350821736845,entrainement spatial,3,False,3,False,3,False,3,False,3,False,3,False
543267.4812,430138.2952,5,9.389723482703587,3.891445704638938,entrainement spatial,5,False,5,False,5,False,5,False,5,False,5,False
499405.9281,460571.6022,1,8.994647170870142,4.1668620552999265,entrainement spatial,1,False,1,False,1,False,1,False,1,False,1,False
526002.1683,436503.4596,1,9.23422670143144,3.9490878749129763,entrainement spatial,1,False,1,False,1,False,1,False,1,False,1,False
598590.9885,316019.1785,4,9.887073435944682,2.858756430942993,test spatial,3,True,3,True,3,True,4,False,3,True,4,False
498571.8686,456800.2829,1,8.987132508320089,4.132743454400666,entrainement spatial,1,False,1,False,1,False,1,False,1,False,1,False
591803.5302,262619.5588,3,9.825691459147722,2.375739768276488,test spatial,3,False,1,True,2,True,4,True,2,True,3,False
551984.3256,432096.543,5,9.468246961167214,3.9091210978883435,test spatial,5,False,5,False,5,False,5,False,5,False,5,False
468090.0209,496829.781,2,8.712355491841695,4.49482560793146,entrainement spatial,2,False,2,False,1,True,1,True,1,True,1,True
513773.4135,442874.6465,2,9.124079342333195,4.0067509031428745,entrainement spatial,2,False,2,False,2,False,2,False,2,False,2,False
591586.7777,280461.9749,3,9.823840995235482,2.537147098448338,test spatial,2,True,3,False,3,False,4,True,3,False,3,False
590981.4307,277033.9239,1,9.818376777179004,2.5061397077504166,test spatial,2,True,1,False,3,True,4,True,3,True,3,True
606463.2512,334214.7302,3,9.958038238536346,3.023292592560658,test spatial,3,False,1,True,3,False,4,True,4,True,2,True
507410.9617,447524.1904,4,9.06676594663079,4.048821370792929,entrainement spatial,4,False,4,False,4,False,4,False,4,False,4,False
592178.2033,269346.6562,3,9.829097832591168,2.436592408056499,test spatial,3,False,3,False,3,False,4,True,3,False,3,False
458935.4725,495986.2544,2,8.629838989667181,4.487157330492151,entrainement spatial,2,False,2,False,2,False,3,True,2,False,2,False
546616.4278,429707.3269,4,9.419886016415097,3.88753235758408,test spatial,4,False,5,True,5,True,4,False,5,True,4,False
538434.28,432257.3053,5,9.34619777163837,3.910634867705565,entrainement spatial,4,True,5,False,5,False,5,False,5,False,5,False
502503.656,449556.401,1,9.022556151761302,4.06720893494718,entrainement spatial,1,False,1,False,1,False,1,False,1,False,1,False
598814.925,311940.7135,4,9.88905992806684,2.8218610943857705,test spatial,3,True,3,True,3,True,4,False,3,True,3,True
571199.4824,404883.367,4,9.641139369156285,3.662826511693028,test spatial,3,True,1,True,4,False,3,True,4,False,2,True
600104.1736,323223.6878,5,9.900738614856682,2.9239174617921995,test spatial,3,True,3,True,3,True,4,True,3,True,3,True
594175.1361,293390.4889,3,9.847199971583537,2.6540850247585706,test spatial,2,True,3,False,3,False,2,True,4,True,3,False
523313.5927,438657.5662,1,9.21001312473886,3.968582182459816,entrainement spatial,1,False,1,False,1,False,1,False,2,True,1,False
593800.5372,291853.0346,4,9.8438209167981,2.6401793257139174,test spatial,2,True,2,True,3,True,4,False,3,True,3,True
513109.9522,443568.8355,4,9.118103386909356,4.013032013341354,entrainement spatial,3,True,4,False,3,True,4,False,4,False,3,True
488222.1945,493589.2623,2,8.893835762351214,4.465558518960915,entrainement spatial,2,False,2,False,2,False,2,False,2,False,2,False
394619.4673,502335.62,4,8.050048800381145,4.544066165572753,entrainement spatial,3,True,4,False,3,True,3,True,3,True,3,True
456016.6768,495964.8062,3,8.60352910014214,4.4869494777460055,entrainement spatial,2,True,3,False,2,True,2,True,2,True,3,False
580585.1148,385483.0335,3,9.725513173387794,3.4872619314555697,test spatial,4,True,4,True,3,False,3,False,4,True,4,True
605641.6187,347551.8926,3,9.950752377163507,3.143944386434723,test spatial,3,False,3,False,3,False,4,True,3,False,3,False
549656.3556,430995.1863,5,9.447273022303241,3.8991690190454515,test spatial,5,False,5,False,5,False,5,False,5,False,5,False
562241.7771,419883.4091,5,9.560565514698506,3.798578578934681,test spatial,5,False,5,False,5,False,4,True,5,False,5,False
549784.4932,431073.042,5,9.448427554159881,3.8998727333940297,test spatial,5,False,5,False,5,False,4,True,5,False,5,False
500606.7796,450724.5308,1,9.005466722113049,4.077777134040833,entrainement spatial,2,True,1,False,1,False,1,False,1,False,2,True
597001.6623,368268.6232,3,9.87316140808941,3.3314154627456305,test spatial,4,True,2,True,3,False,4,True,4,True,4,True
533975.2515,435995.5384,4,9.3060456882632,3.944469415610521,entrainement spatial,4,False,4,False,4,False,4,False,5,True,4,False
493139.7208,470439.0422,4,8.938179064769015,4.25612857882074,entrainement spatial,4,False,4,False,3,True,5,True,3,True,4,False
607942.0833,340745.848,4,9.971397695473273,3.0823595525456438,test spatial,3,True,4,False,3,True,3,True,3,True,3,True
594612.3705,296352.1779,3,9.851151463329108,2.680874080476485,test spatial,2,True,3,False,3,False,2,True,4,True,3,False
408176.9813,502543.1689,3,8.172251412654918,4.546094351987479,entrainement spatial,3,False,3,False,3,False,3,False,3,False,3,False
490756.9904,475426.5809,2,8.916702391624774,4.301247809930078,entrainement spatial,3,True,2,False,3,True,2,False,3,True,3,True
583724.7329,382684.0133,3,9.753757656360243,3.461919154718786,test spatial,4,True,3,False,3,False,3,False,4,True,4,True
593608.8361,372179.409,3,9.842653360368121,3.3668192112064155,test spatial,4,True,3,False,4,True,4,True,4,True,4,True
586993.2564,379407.2305,2,9.783157482783595,3.43225298860524,test spatial,4,True,2,False,3,True,2,False,4,True,4,True
605697.2104,347460.0455,3,9.95125189181068,3.1431130994723078,test spatial,3,False,3,False,3,False,4,True,3,False,3,False
523304.408,438706.5513,1,9.209930499552522,3.9690253627876535,entrainement spatial,1,False,1,False,1,False,1,False,2,True,1,False
598798.2572,308828.4888,3,9.888888696280862,2.793708026060234,test spatial,3,False,3,False,3,False,2,True,3,False,3,False
504570.4776,448876.8499,2,9.041176423344524,4.061060397071944,entrainement spatial,1,True,2,False,1,True,2,False,4,True,2,False
417813.1245,501632.6503,4,8.259120686735605,4.5379524002996,entrainement spatial,2,True,4,False,3,True,3,True,3,True,2,True
523532.1952,440281.0089,1,9.21198607884141,3.9832686635199583,entrainement spatial,2,True,1,False,2,True,1,False,2,True,2,True
599637.0016,364532.34,1,9.896851072069053,3.297596039973099,test spatial,2,True,1,False,2,True,3,True,4,True,2,True
591599.423,283027.4119,2,9.823969492099117,2.5603544619609835,test spatial,2,False,3,True,3,True,4,True,3,True,3,True
512294.9516,443641.202,2,9.110761403655243,4.013687732900896,entrainement spatial,3,True,2,False,3,True,2,False,2,False,3,True
503638.58,449214.331,2,9.03278088016346,4.064113925403399,entrainement spatial,2,False,2,False,3,True,2,False,4,True,2,False
451625.8768,496260.3198,3,8.563949059714282,4.489600263044075,entrainement spatial,1,True,1,True,1,True,1,True,2,True,1,True
591376.9969,268406.3272,2,9.821886724818043,2.428090431412473,test spatial,3,True,2,False,3,True,2,False,3,True,3,True
412482.1538,502262.2529,3,8.211061075739133,4.543596771270234,entrainement spatial,3,False,3,False,3,False,3,False,3,False,3,False
600106.4116,323378.1143,3,9.900759865318411,2.925314380215926,test spatial,2,True,2,True,3,False,4,True,4,True,2,True
599537.1506,318767.93,5,9.895605207412267,2.8836149219163953,test spatial,3,True,3,True,3,True,4,True,4,True,4,True
563248.391,418545.0705,5,9.569623113612932,3.7864653938068145,test spatial,5,False,5,False,5,False,5,False,5,False,5,False
569227.9681,408700.7384,5,9.623410939126343,3.69737255543905,test spatial,3,True,5,False,5,False,5,False,5,False,5,False
545568.3235,429589.9656,5,9.41044512636928,3.8864752877040383,test spatial,5,False,5,False,5,False,5,False,5,False,5,False
469041.1894,499062.2394,3,8.720921793149728,4.515025202068081,entrainement spatial,3,False,3,False,3,False,3,False,3,False,3,False
491677.936,473010.584,3,8.925004041060289,4.279391638523557,entrainement spatial,3,False,3,False,2,True,3,False,2,True,3,False
591951.5127,270932.5342,3,9.827067784110513,2.4509398371623474,test spatial,3,False,2,True,3,False,3,False,3,False,3,False
503154.0896,449506.941,1,9.028416077669348,4.066761291820683,entrainement spatial,1,False,1,False,1,False,1,False,4,True,1,False
498892.9135,452385.933,3,8.99002562566347,4.092807551269119,entrainement spatial,2,True,3,False,1,True,1,True,1,True,2,True
506892.2203,447796.611,3,9.062092753645215,4.051286293115268,entrainement spatial,3,False,3,False,4,True,3,False,4,True,3,False
458009.6913,495953.2571,2,8.621494152421958,4.486854537536189,entrainement spatial,2,False,2,False,2,False,2,False,2,False,2,False
534632.6561,435212.1826,5,9.31196482435046,3.937380385393994,entrainement spatial,4,True,5,False,5,False,5,False,5,False,5,False
464253.841,495791.8917,1,8.677779678203427,4.485421750249271,entrainement spatial,1,False,1,False,1,False,1,False,1,False,1,False
591610.5147,272648.8456,2,9.824010378971497,2.4664678420912955,test spatial,2,False,3,True,3,True,3,True,3,True,3,True
449914.1865,498020.6745,2,8.548510162722385,4.505515874853695,entrainement spatial,2,False,2,False,1,True,1,True,2,False,2,False
469634.1366,499153.8767,3,8.726266563554224,4.515856249476842,entrainement spatial,3,False,3,False,3,False,3,False,3,False,3,False
603290.8049,353887.5015,3,9.929648645080423,3.2012744089897507,test spatial,3,False,3,False,3,False,3,False,3,False,3,False
498624.639,458066.3149,2,8.98760779259488,4.144197051347966,entrainement spatial,1,True,2,False,1,True,1,True,1,True,2,False
467335.1942,496654.2399,2,8.705551992902707,4.493234833096202,entrainement spatial,2,False,2,False,2,False,2,False,2,False,2,False
498448.0953,466124.7139,3,8.986015815694506,4.217099995352687,entrainement spatial,3,False,3,False,4,True,5,True,4,True,4,True
593755.6515,371963.9024,3,9.843973197406397,3.364868587723516,test spatial,4,True,2,True,4,True,4,True,4,True,4,True
591491.2449,266287.9022,2,9.822902704552474,2.408926080083034,test spatial,3,True,1,True,2,False,3,True,2,False,3,True
593112.8575,288022.8057,2,9.837612009307884,2.6055347049094255,test spatial,2,False,1,True,3,True,2,False,3,True,3,True
569525.605,408071.223,5,9.626087116474583,3.6916758185304452,test spatial,3,True,5,False,4,True,4,True,5,False,4,True
541663.1134,430613.9645,5,9.375274568077764,3.895755517832639,entrainement spatial,5,False,5,False,5,False,5,False,5,False,5,False
388541.6081,501966.9668,1,7.9952701803009925,4.540657267098631,entrainement spatial,1,False,1,False,2,True,1,False,1,False,1,False
406151.0515,502579.5193,3,8.153989394570527,4.546401950803341,entrainement spatial,3,False,3,False,3,False,3,False,3,False,4,True
490935.0081,479687.6169,3,8.918302553452053,4.339796676711079,entrainement spatial,3,False,3,False,3,False,2,True,3,False,3,False
493692.9904,470297.4158,4,8.943164908015932,4.254847696480199,entrainement spatial,4,False,4,False,3,True,4,False,3,True,4,False
595268.0766,297589.9353,3,9.857057688773045,2.692066815681107,test spatial,2,True,3,False,3,False,4,True,4,True,3,False
591779.081,271830.5328,3,9.825521921902357,2.4590642756498817,test spatial,2,True,3,False,3,False,3,False,3,False,3,False
404151.8851,502554.6666,3,8.135969348975697,4.546155747744101,entrainement spatial,3,False,3,False,3,False,3,False,3,False,3,False
602032.8498,357095.7728,2,9.918353614772156,3.2303062242402367,test spatial,3,True,3,True,3,True,2,False,3,True,3,True
568542.8918,409910.0205,5,9.617249516511857,3.7083165397685107,test spatial,2,True,5,False,5,False,5,False,5,False,4,True
474806.5918,501421.5234,3,8.772887055440668,4.536387018228221,entrainement spatial,2,True,3,False,2,True,2,True,2,True,2,True
420128.4917,502030.3437,2,8.279988030720196,4.541571072473559,entrainement spatial,2,False,2,False,3,True,3,True,3,True,2,False
519545.7373,443191.2515,3,9.176080441079604,4.00960561584251,entrainement spatial,2,True,3,False,4,True,1,True,4,True,3,False
560817.8179,421693.0372,4,9.54775171463751,3.8149576285341724,test spatial,4,False,4,False,2,True,3,True,5,True,5,True
541827.6726,430550.2242,5,9.37675653362453,3.8951782148212306,entrainement spatial,5,False,5,False,5,False,5,False,5,False,5,False
569101.5382,408906.1869,5,9.622273755352719,3.699231926260498,test spatial,3,True,5,False,5,False,5,False,5,False,4,True
477017.3247,502299.4189,1,8.792813960828024,4.544335057236419,entrainement spatial,1,False,1,False,2,True,1,False,2,True,1,False
551858.8696,432656.8333,5,9.467119752934796,3.9141904451171405,test spatial,5,False,5,False,5,False,5,False,5,False,5,False
523059.4823,438495.3029,1,9.207723695090593,3.967114795790685,entrainement spatial,1,False,1,False,1,False,1,False,2,True,1,False
607334.8273,344241.1827,4,9.965962033516355,3.113982484660191,test spatial,3,True,5,True,3,True,4,False,4,False,3,True
518064.1054,443033.6495,2,9.162732713848445,4.008182588096622,entrainement spatial,1,True,2,False,1,True,1,True,1,True,1,True
489329.6864,481886.1325,2,8.903832222449672,4.3596844541074296,entrainement spatial,2,False,2,False,3,True,2,False,2,False,2,False
587671.2831,378694.1884,3,9.789255746134877,3.4257976818626235,test spatial,4,True,3,False,4,True,4,True,4,True,4,True
604589.5433,350211.6239,4,9.941306434678944,3.1680124272740287,test spatial,3,True,3,True,3,True,4,False,4,False,2,True
407401.7472,502560.7786,3,8.165263295984163,4.546245580943263,entrainement spatial,3,False,3,False,3,False,4,True,3,False,4,True
591426.2643,274959.8596,3,9.822366108200105,2.487374781178247,test spatial,2,True,3,False,3,False,4,True,3,False,3,False
561247.2473,421241.2675,4,9.551616617207408,3.8108682186773244,test spatial,4,False,4,False,5,True,3,True,5,True,5,True
488596.5155,482526.5151,2,8.8972236308296,4.3654769749921565,entrainement spatial,3,True,2,False,3,True,3,True,3,True,3,True
570251.1285,406693.2932,4,9.632611476573853,3.679205895411126,test spatial,3,True,5,True,4,False,2,True,5,True,4,False
577874.4271,387482.8111,2,9.701123358880999,3.505371077963829,test spatial,4,True,3,True,3,True,2,False,4,True,4,True
599485.4239,309842.9161,3,9.895077595464587,2.802879803968513,test spatial,3,False,3,False,4,True,2,True,3,False,3,False
575345.901,389357.6912,3,9.678371734616656,3.5223487067685197,test spatial,4,True,4,True,4,True,4,True,4,True,4,True
519127.8406,443356.7609,2,9.172316086861768,4.011103754675629,entrainement spatial,2,False,2,False,3,True,2,False,4,True,2,False
605017.3823,332384.1581,3,9.945014106373229,3.0067450174704797,test spatial,1,True,1,True,2,True,2,True,1,True,1,True
486804.7474,487500.4008,3,8.88106783596034,4.410472149323536,entrainement spatial,3,False,3,False,3,False,3,False,3,False,3,False
568156.8584,410592.3121,5,9.613777564119102,3.714491256158402,test spatial,3,True,5,False,5,False,5,False,5,False,5,False
599255.0758,309474.5609,2,9.89300278204065,2.7995492564097733,test spatial,3,True,1,True,2,False,4,True,2,False,2,False
521253.485,443298.4144,3,9.19146508922548,4.010571634149346,entrainement spatial,3,False,3,False,4,True,2,True,5,True,3,False
591618.7976,283931.4518,3,9.824148995189171,2.568532465708163,test spatial,2,True,3,False,3,False,2,True,3,False,3,False
445412.6226,498870.4793,1,8.50792739573898,4.513177221363822,entrainement spatial,1,False,1,False,1,False,1,False,2,True,1,False
498179.8638,466606.3972,3,8.983598695299024,4.221457650895046,entrainement spatial,3,False,3,False,3,False,2,True,4,True,4,True
594042.1995,293131.8667,2,9.846002570991422,2.651746318564228,test spatial,2,False,2,False,3,True,4,True,4,True,3,True
598588.4726,312669.2692,3,9.88702765159388,2.828453173587932,test spatial,3,False,3,False,3,False,4,True,3,False,3,False
593596.2342,290462.7819,2,9.84197471386303,2.6276041598422615,test spatial,2,False,1,True,3,True,2,False,3,True,3,True
598741.6987,308591.3782,3,9.888378268619643,2.7915635095899773,test spatial,3,False,3,False,3,False,2,True,3,False,3,False
607484.6716,343986.1285,1,9.96730832684638,3.111674086314684,test spatial,2,True,2,True,4,True,4,True,4,True,2,True
494465.4596,469881.2769,4,8.950126190079853,4.2510834494896095,entrainement spatial,3,True,4,False,3,True,3,True,3,True,4,False
577314.6572,387935.9582,3,9.696086891246553,3.509474158578553,test spatial,2,True,4,True,3,False,4,True,4,True,4,True
543180.0434,430155.7828,5,9.388935988416682,3.89160427424639,entrainement spatial,5,False,5,False,5,False,5,False,5,False,5,False
392148.6202,502261.523,4,8.027778425447057,4.543366221580241,entrainement spatial,3,True,4,False,3,True,4,False,3,True,4,False
590940.6174,277203.9792,3,9.818010642467236,2.5076782945444416,test spatial,2,True,3,False,3,False,2,True,4,True,3,False
491243.7219,478834.7296,3,8.921085608167083,4.332081084239362,entrainement spatial,3,False,3,False,3,False,3,False,3,False,3,False
523457.6625,442451.8339,3,9.211319688342286,4.002907880493688,entrainement spatial,5,True,3,False,4,True,5,True,5,True,5,True
408925.5335,502519.8101,3,8.178999087276429,4.545890775341935,entrainement spatial,3,False,3,False,3,False,3,False,3,False,3,False
606610.2834,335034.7171,4,9.959367747051274,3.030708842799925,test spatial,3,True,2,True,3,True,2,True,4,False,2,True
512700.2805,443330.744,3,9.114412490327203,4.010878561352012,entrainement spatial,3,False,3,False,3,False,3,False,4,True,3,False
488849.6673,482256.2032,2,8.899505538923691,4.363031833663355,entrainement spatial,3,True,2,False,3,True,3,True,3,True,2,False
583564.7202,382816.9817,3,9.752318125859334,3.463123161956857,test spatial,4,True,3,False,3,False,1,True,4,True,4,True
602595.6849,355355.3214,2,9.92340481703426,3.2145577611780722,test spatial,3,True,3,True,2,False,3,True,4,True,2,False
599129.0854,311110.0134,4,9.891880549259303,2.8143444144394003,test spatial,3,True,2,True,3,True,2,True,3,True,3,True
515544.3289,443813.5426,5,9.14003424827252,4.015242367651445,entrainement spatial,3,True,5,False,3,True,4,True,4,True,3,True
569404.4431,408387.2977,5,9.624998081469663,3.6945359256307433,test spatial,3,True,5,False,5,False,5,False,5,False,4,True
532797.9367,437981.7201,4,9.295447011110726,3.9624417720763425,entrainement spatial,4,False,4,False,4,False,5,True,4,False,5,True
490550.2693,474622.1026,3,8.91484023875946,4.293969654700813,entrainement spatial,3,False,3,False,3,False,2,True,2,True,3,False
599130.7198,311092.0353,3,9.89189512939852,2.814181773403402,test spatial,3,False,3,False,3,False,2,True,3,False,3,False
387937.9394,502311.9204,3,7.989824700888455,4.543769884032571,entrainement spatial,3,False,3,False,3,False,4,True,3,False,3,False
545502.1923,429581.4325,5,9.409849439360785,3.8863983819029446,test spatial,5,False,5,False,5,False,5,False,5,False,5,False
598203.986,314430.0649,4,9.883580686664807,2.844383998146874,test spatial,3,True,3,True,3,True,2,True,3,True,3,True
409286.2815,502489.1465,2,8.182251178827457,4.54561709705854,entrainement spatial,3,True,2,False,3,True,3,True,3,True,3,True
403807.5472,502548.4436,3,8.132865593808907,4.546095726321791,entrainement spatial,3,False,3,False,3,False,3,False,3,False,3,False
591775.0198,262969.2339,2,9.825436930666145,2.3789031574974095,test spatial,3,True,1,True,2,False,4,True,2,False,3,True
498110.4302,453992.758,1,8.982975479489225,4.1073441351646265,entrainement spatial,2,True,1,False,1,False,2,True,1,False,1,False
402641.7769,502564.8855,3,8.12235731366895,4.5462317271175,entrainement spatial,3,False,3,False,3,False,3,False,3,False,3,False
601865.0005,357421.4004,2,9.916845649997063,3.2332531759125445,test spatial,3,True,3,True,3,True,2,False,3,True,3,True
601664.1604,329001.2545,1,9.914816919670105,2.9761694175808895,test spatial,3,True,3,True,3,True,2,True,3,True,3,True
576477.6678,388570.3642,3,9.688555800114917,3.5152187958700547,test spatial,2,True,3,False,3,False,4,True,4,True,4,True
488482.641,492874.263,1,8.896184313115741,4.45909043606202,entrainement spatial,2,True,1,False,3,True,2,True,2,True,1,False
460732.4953,496048.9244,3,8.646037101180877,4.48773231717211,entrainement spatial,2,True,2,True,2,True,2,True,2,True,2,True
600794.2661,326282.3897,4,9.906969882499778,2.9515812537038433,test spatial,3,True,3,True,3,True,2,True,3,True,3,True
489015.9309,482110.0521,2,8.901004192339672,4.361709836830338,entrainement spatial,3,True,2,False,3,True,2,False,3,True,2,False
503762.5737,449143.3261,3,9.033897943567053,4.063471508047963,entrainement spatial,2,True,3,False,3,False,3,False,4,True,3,False
583654.8682,382729.0873,3,9.753129036639077,3.4623274048278403,test spatial,4,True,2,True,3,False,3,False,4,True,4,True
501416.1174,450233.4104,1,9.012758302623824,4.073333956393932,entrainement spatial,1,False,1,False,1,False,1,False,1,False,1,False
594225.8938,293898.0651,4,9.847659685343677,2.658676306410064,test spatial,2,True,3,True,3,True,4,False,4,False,3,True
444510.7436,503206.693,2,8.499770732557755,4.55239878223116,entrainement spatial,3,True,2,False,3,True,2,False,3,True,3,True
491410.1335,477490.3997,3,8.922586596818716,4.319919371144146,entrainement spatial,3,False,3,False,3,False,2,True,3,False,3,False
592604.7705,285839.8152,3,9.833028824941943,2.585790059663375,test spatial,2,True,3,False,3,False,4,True,3,False,3,False
513250.6864,443528.3503,4,9.119371161505157,4.012665565195939,entrainement spatial,3,True,4,False,3,True,4,False,4,False,4,False
517095.8228,443047.4399,2,9.154009866224733,4.008309040079597,entrainement spatial,1,True,2,False,1,True,1,True,1,True,2,False
491154.7704,479166.1173,3,8.920283635203628,4.335078993748521,entrainement spatial,3,False,3,False,3,False,3,False,3,False,3,False
511534.9137,444135.5415,4,9.1039150315626,4.018160851386775,entrainement spatial,3,True,4,False,2,True,4,False,1,True,3,True
604002.1801,352013.281,3,9.936035316223577,3.184314703013949,test spatial,3,False,3,False,3,False,4,True,4,True,3,False
591621.5499,282916.7776,1,9.824167878247447,2.5593535144232544,test spatial,2,True,4,True,3,True,3,True,3,True,3,True
562710.6909,419235.7219,5,9.564784729257404,3.792716534131146,test spatial,5,False,3,True,5,False,2,True,5,False,5,False
591591.3711,277979.4314,4,9.823868159512047,2.5146894977604393,test spatial,2,True,4,False,3,True,4,False,4,False,3,True
516070.453,443810.1483,3,9.144773928782525,4.015210831604622,entrainement spatial,3,False,3,False,3,False,3,False,4,True,3,False
504420.4016,448891.2407,1,9.039824362737752,4.061190656532048,entrainement spatial,1,False,1,False,1,False,1,False,1,False,1,False
591590.0579,280504.6183,3,9.823870743407264,2.537532840031837,test spatial,2,True,3,False,3,False,4,True,3,False,3,False
492216.9106,472432.5533,3,8.929861592414209,4.274162770271128,entrainement spatial,3,False,3,False,3,False,3,False,3,False,3,False
595169.0594,297502.17,3,9.856166415806383,2.6912735113347854,test spatial,2,True,3,False,3,False,2,True,4,True,4,True
583364.1408,382995.024,3,9.750513718704708,3.4647352058657424,test spatial,4,True,3,False,4,True,1,True,4,True,4,True
501578.5376,449891.6527,1,9.014221549368065,4.070242099336855,entrainement spatial,1,False,1,False,1,False,1,False,1,False,1,False
601589.7277,357931.6622,2,9.914372380385597,3.2378711795572177,test spatial,3,True,3,True,3,True,2,False,3,True,3,True
561455.7564,421000.4892,5,9.553493080668073,3.8086888116820226,test spatial,5,False,5,False,5,False,5,False,5,False,5,False
526075.953,436482.7077,2,9.234891295113773,3.9488999482918605,entrainement spatial,2,False,2,False,2,False,2,False,1,True,2,False
501001.9575,450582.472,1,9.009027024817238,4.076491916615208,entrainement spatial,1,False,1,False,1,False,1,False,1,False,1,False
591368.7759,275373.4865,2,9.821851361919766,2.491116858926732,test spatial,2,False,2,False,3,True,2,False,3,True,3,True
576216.1697,388729.6401,3,9.686202606366509,3.5166613966206586,test spatial,4,True,4,True,4,True,4,True,4,True,4,True
491414.4028,477443.4373,3,8.922625115535656,4.319494516104437,entrainement spatial,3,False,3,False,3,False,2,True,3,False,3,False
523377.594,440768.6948,1,9.210594506934761,3.9876810251008337,entrainement spatial,1,False,1,False,1,False,1,False,1,False,1,False
591988.2312,284580.8968,2,9.827475756071998,2.5744053039560466,test spatial,2,False,2,False,3,True,2,False,4,True,3,True
504352.8687,448941.9687,1,9.039215966354648,4.061649615280417,entrainement spatial,1,False,1,False,1,False,1,False,1,False,1,False
451944.2141,497304.021,2,8.56681296619657,4.499043811348279,entrainement spatial,2,False,2,False,1,True,1,True,1,True,2,False
595093.2989,370551.9413,3,9.856002459725818,3.35208547106584,test spatial,4,True,3,False,4,True,4,True,4,True,4,True
595669.0767,369736.7335,2,9.861178610257426,3.3447065575855577,test spatial,4,True,5,True,4,True,2,False,4,True,4,True
467824.7588,496781.0196,3,8.709964548095279,4.494383533061845,entrainement spatial,3,False,3,False,3,False,3,False,5,True,3,False
594211.3916,293997.1633,3,9.847529844408015,2.659572850819812,test spatial,2,True,3,False,3,False,4,True,4,True,3,False
596597.2969,368719.7021,3,9.869525374915435,3.3354991363025395,test spatial,2,True,2,True,3,False,4,True,3,False,4,True
514150.6609,442857.4988,2,9.127477788290799,4.006595247005247,entrainement spatial,2,False,2,False,2,False,2,False,1,True,2,False
539762.359,431485.0388,5,9.358157359703146,3.9036433568578746,entrainement spatial,5,False,5,False,5,False,5,False,5,False,5,False
492720.006,471080.5274,3,8.93439634371909,4.261931658043232,entrainement spatial,3,False,3,False,3,False,3,False,3,False,3,False
527341.8204,436201.4038,1,9.246293366180703,3.9463517367271184,entrainement spatial,2,True,1,False,2,True,1,False,2,True,2,True
548632.8769,430497.2339,5,9.438052027007414,3.8946690934824355,test spatial,5,False,5,False,5,False,5,False,5,False,5,False
514247.5822,442988.7153,2,9.128351098080158,4.007782205852844,entrainement spatial,3,True,2,False,2,False,4,True,2,False,2,False
596746.2705,368559.269,2,9.870864987116398,3.334046674889235,test spatial,2,False,2,False,2,False,2,False,2,False,4,True
596560.0535,368725.4319,3,9.869190198103368,3.335551265278717,test spatial,2,True,3,False,3,False,3,False,4,True,4,True
601840.4602,329035.2205,1,9.916403456895162,2.976475347417738,test spatial,3,True,3,True,3,True,4,True,3,True,4,True
604184.3985,331874.2742,2,9.937515124121164,3.002139180464312,test spatial,3,True,3,True,3,True,4,True,4,True,3,True
607140.3484,344607.8231,3,9.964215001560495,3.1173006339826737,test spatial,3,False,4,True,3,False,4,True,4,True,2,True
580662.8509,385410.85,3,9.726212497858782,3.4866083998250206,test spatial,4,True,2,True,3,False,4,True,4,True,4,True
420724.1142,501750.9153,3,8.285359550236798,4.539048694758406,entrainement spatial,3,False,3,False,2,True,3,False,3,False,3,False
599061.3248,365607.389,3,9.8916783978952,3.3073255114073277,test spatial,4,True,5,True,4,True,4,True,4,True,4,True
594310.9653,294845.4667,3,9.84843079896411,2.667246085682509,test spatial,2,True,2,True,3,False,2,True,3,False,3,False
540024.1848,431321.3976,4,9.360515079184639,3.902161930621386,entrainement spatial,5,True,4,False,5,True,5,True,5,True,5,True
498631.1305,458009.5147,2,8.98766628993652,4.143683189994148,entrainement spatial,1,True,2,False,2,False,1,True,2,False,2,False
598594.2565,315609.115,3,9.887099990247078,2.8550469751759833,test spatial,3,False,3,False,3,False,3,False,3,False,3,False
538946.671,431968.4094,5,9.350812002606517,3.908019384216515,entrainement spatial,5,False,5,False,5,False,5,False,5,False,4,True
591454.0977,266339.9084,2,9.822568895713454,2.409396742157939,test spatial,3,True,2,False,3,True,2,False,3,True,3,True
497170.9596,467639.5506,4,8.974507122978856,4.23080415751026,entrainement spatial,3,True,4,False,4,False,4,False,4,False,4,False
498944.6515,452337.8905,3,8.990491767965711,4.092372923617506,entrainement spatial,2,True,3,False,2,True,1,True,1,True,3,False
599596.7057,318804.5593,2,9.896141281462976,2.8839458456522524,test spatial,2,False,3,True,4,True,4,True,4,True,2,False
580765.5735,385335.8902,3,9.7271367446565,3.4859295783748303,test spatial,4,True,3,False,3,False,2,True,4,True,4,True
521651.5997,443534.0121,2,9.19505205459143,4.012702193588815,entrainement spatial,1,True,2,False,2,False,1,True,2,False,1,True
597668.0559,304080.459,2,9.878689389703593,2.7507648927466337,test spatial,2,False,1,True,2,False,2,False,2,False,2,False
547309.8572,429913.2666,5,9.426132731271785,3.889392280644111,test spatial,5,False,5,False,5,False,5,False,5,False,5,False
534897.1645,434962.4846,5,9.314346597913222,3.93512053229677,entrainement spatial,4,True,5,False,5,False,5,False,5,False,5,False
595391.1836,370120.6271,4,9.858680329118227,3.34818145331415,test spatial,5,True,4,False,4,False,4,False,4,False,4,False
454874.6492,495903.9392,1,8.593235205351725,4.486393177176514,entrainement spatial,1,False,1,False,1,False,1,False,2,True,1,False
498645.7363,457594.0619,1,8.987797947859828,4.139924657203532,entrainement spatial,1,False,1,False,1,False,1,False,1,False,1,False
516678.8115,443056.3695,1,9.15025319113557,4.0083905249355425,entrainement spatial,1,False,1,False,1,False,1,False,1,False,2,True
487037.6578,488181.9574,2,8.883166149620106,4.416638359479595,entrainement spatial,2,False,2,False,3,True,2,False,3,True,2,False
599749.8194,364333.9364,2,9.897864872668992,3.295800382356088,test spatial,3,True,1,True,4,True,1,True,4,True,4,True
514115.6202,442878.3742,2,9.127162149971195,4.006784152790414,entrainement spatial,2,False,2,False,1,True,2,False,1,True,2,False
486806.7251,487818.8014,2,8.88108520325894,4.413352644868175,entrainement spatial,2,False,2,False,2,False,2,False,3,True,2,False
400653.7386,502548.2994,3,8.104437648596733,4.546059636759083,entrainement spatial,3,False,3,False,3,False,3,False,3,False,3,False
533876.9481,436130.7057,4,9.305160635649111,3.945692567293993,entrainement spatial,4,False,4,False,4,False,4,False,5,True,4,False
461552.2284,495901.2363,3,8.653426830238818,4.486399790657025,entrainement spatial,3,False,3,False,2,True,3,False,2,True,3,False
591974.7897,284561.3456,3,9.827354738109674,2.5742285191420504,test spatial,2,True,2,True,3,False,2,True,4,True,3,False
598772.3853,312056.1785,3,9.888678013285343,2.8229058844615587,test spatial,3,False,4,True,3,False,4,True,3,False,3,False
559996.3015,422536.7684,3,9.540357777071943,3.822595143070225,test spatial,2,True,1,True,1,True,3,False,5,True,5,True
409861.6746,502436.838,3,8.187438299990994,4.545149792549662,entrainement spatial,3,False,3,False,3,False,3,False,3,False,3,False
601475.3129,328197.4055,4,9.913111757761763,2.9688992845924065,test spatial,3,True,3,True,3,True,2,True,3,True,3,True
506416.7792,448056.0587,3,9.057809621851424,4.053633796889822,entrainement spatial,4,True,3,False,4,True,3,False,4,True,3,False
594199.3064,293467.8338,3,9.847417868320383,2.6547845464750006,test spatial,2,True,3,False,3,False,4,True,4,True,3,False
508964.0037,446600.1187,3,9.080756590015357,4.040460153133195,entrainement spatial,4,True,4,True,4,True,4,True,4,True,4,True
419385.6154,501695.8505,2,8.273294666268338,4.538538524709244,entrainement spatial,2,False,2,False,3,True,3,True,3,True,2,False
502024.5737,449613.4901,1,9.018239974309417,4.067725521264713,entrainement spatial,1,False,1,False,1,False,1,False,1,False,1,False
508724.7247,446738.1078,3,9.078601050258744,4.041708732481936,entrainement spatial,4,True,3,False,4,True,3,False,4,True,3,False
522989.0662,438409.579,3,9.20708918473679,3.9663394266863197,entrainement spatial,2,True,3,False,2,True,2,True,2,True,2,True
505949.0065,448324.4528,4,9.053595556277855,4.056062210352264,entrainement spatial,4,False,4,False,4,False,4,False,4,False,4,False
491144.3017,476312.9291,2,8.920191986962248,4.309266792569332,entrainement spatial,3,True,2,False,3,True,2,False,3,True,3,True
574303.0614,390165.7916,1,9.668988257458393,3.529665880399249,test spatial,2,True,1,False,1,False,2,True,1,False,2,True
592088.4313,284739.7506,3,9.828377966217028,2.5758417354139236,test spatial,2,True,2,True,3,False,2,True,4,True,3,False
600117.3702,320554.297,5,9.900838164039975,2.8997701809046217,test spatial,3,True,3,True,3,True,2,True,4,True,3,True
498486.1439,458642.4964,1,8.986359841772712,4.149409651689912,entrainement spatial,1,False,1,False,1,False,1,False,1,False,1,False
501389.1802,450298.5087,1,9.01251562496457,4.0739228950938315,entrainement spatial,1,False,1,False,1,False,1,False,1,False,1,False
597189.9679,302292.4181,3,9.87437677019608,2.7345933695884646,test spatial,2,True,3,False,3,False,3,False,4,True,3,False
608089.4397,342607.4992,3,9.972738999923127,3.0991983436725,test spatial,3,False,2,True,3,False,2,True,3,False,3,False
498393.453,454354.6296,2,8.985525380440585,4.110617982562475,entrainement spatial,2,False,2,False,1,True,2,False,1,True,2,False
548034.731,430187.9904,5,9.432663009764578,3.891874273151394,test spatial,5,False,5,False,5,False,5,False,5,False,5,False
594403.4515,295808.0891,2,9.849268735624133,2.675953502547788,test spatial,2,False,2,False,3,True,4,True,4,True,3,True
496843.579,468074.1436,3,8.97155690754263,4.234735738292748,entrainement spatial,3,False,3,False,4,True,4,True,4,True,3,False
508911.1568,446629.4781,4,9.080280519426799,4.040725810670503,entrainement spatial,4,False,4,False,4,False,4,False,4,False,4,False
454751.7729,495874.151,2,8.592127753527194,4.486123079259371,entrainement spatial,2,False,2,False,2,False,2,False,2,False,2,False
593598.9917,291019.8119,1,9.842002897212334,2.6326431138040807,test spatial,2,True,1,False,2,True,2,True,2,True,3,True
570223.1034,406743.1157,4,9.63235943865044,3.6796567885192233,test spatial,3,True,5,True,4,False,2,True,5,True,4,False
490901.3113,480172.6724,3,8.917998390521698,4.3441848359153195,entrainement spatial,3,False,3,False,3,False,2,True,3,False,3,False
486889.9989,489467.4629,2,8.88183341068563,4.428267800736204,entrainement spatial,2,False,2,False,3,True,2,False,3,True,2,False
597729.8289,306363.7195,2,9.879260283643962,2.7714189253853765,test spatial,3,True,2,False,3,True,2,False,3,True,3,True
402019.4796,502548.2272,3,8.116748202193639,4.546074184898445,entrainement spatial,3,False,3,False,3,False,3,False,3,False,3,False
456742.5499,495963.0139,3,8.610072111925426,4.48693678915701,entrainement spatial,2,True,3,False,2,True,3,False,2,True,3,False
598504.7237,315049.515,3,9.88629060946114,2.8499854584634527,test spatial,3,False,2,True,2,True,4,True,2,True,2,True
396679.1763,502434.1708,3,8.06861319827625,4.544981846777677,entrainement spatial,3,False,3,False,3,False,3,False,3,False,3,False
420559.7205,504024.7769,4,8.283857363254883,4.559616647335066,entrainement spatial,3,True,4,False,3,True,2,True,3,True,3,True
465026.9834,496111.5372,1,8.684747567675371,4.488316504529265,entrainement spatial,2,True,1,False,2,True,2,True,2,True,2,True
463938.3106,495760.2265,2,8.674935605358353,4.48513402649596,entrainement spatial,2,False,2,False,2,False,2,False,2,False,2,False
600833.3805,325562.0085,4,9.907316533345496,2.945064446302304,test spatial,3,True,3,True,3,True,2,True,3,True,3,True
510718.8358,445175.2189,4,9.096564313158675,4.027567565745663,entrainement spatial,4,False,4,False,3,True,4,False,1,True,4,False
593193.3656,288071.3497,2,9.83833647152282,2.605973357015856,test spatial,2,False,1,True,3,True,2,False,3,True,3,True
605012.0082,349009.3637,3,9.945098426714802,3.157133547165789,test spatial,3,False,3,False,3,False,4,True,4,True,2,True
520309.1423,443449.0446,3,9.182958174664648,4.011936311251502,entrainement spatial,2,True,3,False,2,True,1,True,2,True,3,False
607175.9158,337805.1795,4,9.964479572575028,3.0557652589556406,test spatial,3,True,4,False,4,False,4,False,4,False,3,True
492851.1735,470636.2603,4,8.935578693332369,4.257912559546178,entrainement spatial,4,False,4,False,3,True,5,True,3,True,5,True
510357.6493,445578.9686,4,9.093310859748447,4.031220610230296,entrainement spatial,4,False,4,False,4,False,4,False,4,False,4,False
586014.7644,380412.2021,3,9.774356475756464,3.441351321082364,test spatial,4,True,2,True,3,False,2,True,4,True,5,True
409383.6835,502478.3241,4,8.18312926983934,4.54552019575189,entrainement spatial,3,True,4,False,3,True,3,True,3,True,3,True
498361.9875,454278.4501,2,8.985241896188986,4.1099287931018,entrainement spatial,2,False,2,False,1,True,2,False,1,True,2,False
592484.8222,373277.417,4,9.832544318785922,3.3767605633916236,test spatial,4,False,3,True,4,False,4,False,4,False,4,False
598566.2826,366340.1634,3,9.887228645116751,3.313958140040383,test spatial,4,True,2,True,4,True,2,True,4,True,4,True
581441.356,384742.4898,2,9.733216362436918,3.4805568030038856,test spatial,4,True,3,True,3,True,3,True,4,True,4,True
503032.5524,449620.9506,1,9.027321149778544,4.067792758139789,entrainement spatial,1,False,1,False,1,False,1,False,1,False,1,False
599096.2769,309400.5998,3,9.891573671329,2.798881297451501,test spatial,3,False,3,False,3,False,4,True,3,False,3,False
516039.023,443830.9785,1,9.144490819010377,4.015399329335499,entrainement spatial,1,False,1,False,1,False,2,True,1,False,2,True
602842.7437,355616.9131,3,9.925630389929342,3.216922055344159,test spatial,3,False,3,False,3,False,1,True,3,False,3,False
605104.8912,348721.4264,4,9.945931933232675,3.1545281610595888,test spatial,3,True,3,True,3,True,4,False,4,False,2,True
463027.8884,495774.93,2,8.666728982715952,4.485263342938083,entrainement spatial,2,False,2,False,2,False,2,False,2,False,2,False
505477.1016,448547.916,3,9.04934421291915,4.058084120917523,entrainement spatial,4,True,3,False,4,True,4,True,4,True,4,True
604139.3198,351671.6709,3,9.937266690700715,3.1812234346034978,test spatial,3,False,3,False,3,False,4,True,4,True,2,True
568596.7569,409778.3502,5,9.617733742375732,3.707125057306108,test spatial,3,True,5,False,5,False,5,False,5,False,4,True
602741.0136,355896.6709,2,9.924717135506006,3.219453533913529,test spatial,3,True,2,False,2,False,4,True,3,True,3,True
600433.7412,361216.5985,3,9.903995110043764,3.2675957171097467,test spatial,5,True,3,False,4,True,4,True,4,True,4,True
499612.9443,463339.126,1,8.996512360294906,4.191899386310113,entrainement spatial,1,False,1,False,1,False,1,False,1,False,1,False
583208.6354,383100.948,3,9.74911456330968,3.4656945285418814,test spatial,4,True,3,False,4,True,1,True,4,True,4,True
504119.7181,449105.1742,1,9.037115528305582,4.0631262114299895,entrainement spatial,1,False,1,False,1,False,1,False,4,True,1,False
590687.8113,375397.0015,3,9.816384881152006,3.395948256715097,test spatial,4,True,3,False,4,True,4,True,4,True,4,True
520669.6274,443382.7037,2,9.186205515319125,4.011335401938105,entrainement spatial,3,True,2,False,4,True,2,False,5,True,2,False
452915.2616,495858.5329,3,8.57557363105233,4.485972351259496,entrainement spatial,3,False,3,False,3,False,3,False,3,False,3,False
594749.5657,296916.3932,3,9.852389141799234,2.685977169245571,test spatial,2,True,3,False,3,False,4,True,3,False,3,False
607242.3701,344375.0861,3,9.965131145402594,3.1151945074953815,test spatial,3,False,2,True,3,False,2,True,4,True,2,True
607057.8071,335653.034,2,9.963399505204025,3.0362984047249864,test spatial,3,True,2,False,3,True,2,False,3,True,3,True
387900.0786,502812.5237,3,7.989477135033536,4.548297525920311,entrainement spatial,3,False,3,False,3,False,3,False,3,False,3,False
449014.873,497391.155,3,8.540407205941609,4.4998158700098685,entrainement spatial,3,False,3,False,3,False,3,False,3,False,3,False
566897.6202,412713.6993,4,9.602451134732897,3.733690063643324,test spatial,5,True,5,True,5,True,5,True,5,True,5,True
499889.2291,461925.7562,2,8.999001893727623,4.179112877508076,entrainement spatial,1,True,2,False,1,True,3,True,1,True,2,False
582283.566,384157.6912,1,9.740794223146482,3.47526063726092,test spatial,2,True,1,False,2,True,3,True,4,True,2,True
514990.3618,443716.389,1,9.135043588077826,4.014364276680037,entrainement spatial,1,False,1,False,1,False,1,False,1,False,1,False
591631.9686,272731.5963,2,9.824203798089197,2.4672163015883197,test spatial,2,False,3,True,3,True,4,True,3,True,3,True
444602.6183,501410.3,2,8.500610134329452,4.536148472590808,entrainement spatial,2,False,2,False,1,True,1,True,2,False,2,False
568369.3264,410170.3686,4,9.615688198338784,3.710672847485978,test spatial,3,True,5,True,5,True,5,True,5,True,4,False
592457.6978,373334.3782,4,9.832300602243228,3.377276046535318,test spatial,4,False,3,True,4,False,4,False,4,False,4,False
552222.6945,432377.9009,5,9.470395430803718,3.9116652216037453,test spatial,5,False,5,False,5,False,5,False,5,False,5,False
598186.1463,307320.0133,3,9.88337179760298,2.7800665062092507,test spatial,3,False,3,False,3,False,3,False,3,False,3,False
496320.3903,468665.3677,3,8.966842130242359,4.2400842461551465,entrainement spatial,3,False,3,False,4,True,3,False,4,True,3,False
599498.2134,318754.1874,4,9.895254793836033,2.8834908836883937,test spatial,3,True,3,True,3,True,2,True,4,False,3,True
452365.4481,495939.5952,3,8.570617224268528,4.486702782832516,entrainement spatial,3,False,3,False,3,False,3,False,3,False,3,False
599548.5172,318759.2568,3,9.895707410863364,2.883536383534732,test spatial,3,False,3,False,3,False,3,False,4,True,4,True
498636.581,456988.7929,1,8.987715542043418,4.13444888374328,entrainement spatial,1,False,1,False,2,True,1,False,2,True,1,False
594433.0498,371260.78,3,9.850065070391869,3.358502825816886,test spatial,4,True,4,True,4,True,4,True,4,True,4,True
604337.7234,351137.5074,2,9.939047816967518,3.176389861521047,test spatial,3,True,3,True,3,True,4,True,3,True,3,True
577343.9785,387927.9615,3,9.696350812951756,3.5094016207170315,test spatial,2,True,3,False,3,False,4,True,4,True,4,True
502377.9278,449573.1671,2,9.021423434569684,4.067360646402563,entrainement spatial,2,False,2,False,1,True,2,False,4,True,1,True
607171.0022,337544.7277,4,9.96443325683114,3.0534093129378403,test spatial,3,True,2,True,4,False,2,True,4,False,3,True
496692.333,468152.6383,4,8.970193974857304,4.235445814119671,entrainement spatial,3,True,4,False,4,False,4,False,4,False,4,False
608062.8524,342683.7162,3,9.97250038314833,3.099888003294884,test spatial,3,False,2,True,3,False,4,True,3,False,3,False
510559.9756,445368.2427,3,9.095133370671483,4.029313992511828,entrainement spatial,4,True,3,False,4,True,4,True,4,True,3,False
487135.583,485711.1644,1,8.884052242207746,4.394285829247152,entrainement spatial,1,False,1,False,1,False,1,False,1,False,1,False
598546.2316,316519.8959,3,9.88667424769034,2.8632862315172125,test spatial,3,False,3,False,3,False,4,True,3,False,3,False
447201.2573,497221.7378,3,8.524060185999128,4.498272738300555,entrainement spatial,3,False,3,False,3,False,3,False,3,False,3,False
400748.6965,502530.8072,2,8.105293776473095,4.545902472466134,entrainement spatial,3,True,2,False,3,True,3,True,3,True,3,True
393007.6188,502307.0603,3,8.03552053976671,4.543788530488013,entrainement spatial,3,False,3,False,3,False,2,True,3,False,3,False
499014.4527,464822.6149,1,8.991119385154564,4.205320210452284,entrainement spatial,1,False,1,False,1,False,1,False,1,False,1,False
544245.698,429922.7552,5,9.398533523295384,3.8894916528377808,entrainement spatial,5,False,5,False,5,False,5,False,5,False,5,False
603081.9678,331077.8283,5,9.927589586499641,2.994943134786242,test spatial,3,True,4,True,3,True,3,True,3,True,4,True
572300.0165,400770.738,3,9.651022319987641,3.6256150219619276,test spatial,3,False,3,False,4,True,2,True,4,True,4,True
576613.6119,388442.4168,3,9.689778843603067,3.5140604367221564,test spatial,4,True,4,True,3,False,4,True,4,True,4,True
598081.2472,307073.8216,3,9.88242645140205,2.777840160445781,test spatial,3,False,3,False,3,False,3,False,3,False,3,False
418602.0005,501687.1754,1,8.266231170604842,4.538452900470813,entrainement spatial,1,False,1,False,1,False,1,False,2,True,1,False
519488.1942,443258.0015,2,9.175562186703681,4.010209603226732,entrainement spatial,3,True,2,False,4,True,4,True,5,True,2,False
599730.368,364384.5098,1,9.897690211889026,3.2962580225704285,test spatial,2,True,1,False,2,True,3,True,4,True,1,False
523427.5429,437009.7597,1,9.211035827555804,3.9536745141575165,entrainement spatial,1,False,1,False,1,False,1,False,1,False,1,False
544205.166,429922.7552,5,9.398168446046999,3.889491825769261,entrainement spatial,5,False,5,False,5,False,5,False,5,False,5,False
545261.1331,429621.9646,5,9.407678373076445,3.886766116799861,test spatial,5,False,5,False,5,False,5,False,5,False,5,False
459697.0081,495968.4982,3,8.636703556301766,4.487000147611729,entrainement spatial,3,False,3,False,2,True,3,False,2,True,3,False
599982.6781,322293.2796,4,9.899638791863207,2.9155019117042347,test spatial,3,True,3,True,3,True,2,True,3,True,3,True
501398.1592,450400.6457,1,9.012596534383565,4.07484691244235,entrainement spatial,1,False,1,False,1,False,1,False,1,False,1,False
591663.9281,278256.0547,3,9.824522339141502,2.5171914719418,test spatial,2,True,3,False,3,False,2,True,3,False,3,False
503001.5395,449774.3605,1,9.02704179181176,4.0691806447600305,entrainement spatial,1,False,1,False,1,False,1,False,4,True,2,True
491166.377,473421.0172,2,8.920393643191792,4.283104279109608,entrainement spatial,3,True,2,False,3,True,2,False,2,False,2,False
603626.5392,352956.7512,3,9.932662481830134,3.1928522486198205,test spatial,3,False,3,False,3,False,3,False,4,True,3,False
537797.3278,432650.3184,5,9.34046191238459,3.9141927060290937,entrainement spatial,5,False,5,False,5,False,5,False,5,False,5,False
513598.6664,443066.6262,2,9.122505374337551,4.008487952228984,entrainement spatial,3,True,2,False,3,True,3,True,4,True,2,False
598361.8979,313607.8823,5,9.884995706785695,2.836945436846328,test spatial,3,True,4,True,3,True,4,True,3,True,4,True
507727.555,447347.6288,4,9.06961802316063,4.047223803043722,entrainement spatial,4,False,4,False,4,False,4,False,4,False,4,False
584443.5595,381931.863,3,9.760223311766834,3.4551098784950716,test spatial,4,True,3,False,3,False,4,True,4,True,4,True
487161.6849,490741.4115,3,8.884280447674287,4.439793285268854,entrainement spatial,3,False,3,False,3,False,2,True,3,False,3,False
591763.392,284528.3528,3,9.8254530612407,2.57393129908461,test spatial,2,True,4,True,3,False,2,True,4,True,4,True
457995.3531,495964.0108,2,8.621364857900929,4.4869517544682385,entrainement spatial,2,False,2,False,2,False,2,False,2,False,2,False
592246.1277,373592.0598,3,9.830398172480107,3.3796086810802697,test spatial,4,True,2,True,4,True,2,True,4,True,4,True
500218.3284,450781.5036,1,9.00196700985692,4.078292574869434,entrainement spatial,1,False,1,False,1,False,1,False,4,True,1,False
468532.7745,496966.3129,2,8.716346072366981,4.496062328399181,entrainement spatial,3,True,2,False,3,True,3,True,5,True,3,True
499109.7206,452159.271,1,8.991978984991498,4.090756995899083,entrainement spatial,2,True,1,False,1,False,1,False,1,False,1,False
598239.6662,307516.9667,4,9.883854598951428,2.7818477876865253,test spatial,3,True,3,True,3,True,3,True,3,True,3,True
540600.705,431036.9139,3,9.365706861555095,3.8995860402919322,entrainement spatial,4,True,3,False,4,True,3,False,1,True,4,True
490841.3616,473660.332,2,8.917464457260483,4.285269000863469,entrainement spatial,3,True,2,False,3,True,2,False,2,False,2,False
499286.9726,464337.251,1,8.993575055910288,4.200929232035151,entrainement spatial,1,False,1,False,1,False,1,False,1,False,1,False
520188.6854,443433.6997,2,9.181872992306127,4.011797731397407,entrainement spatial,2,False,2,False,3,True,2,False,4,True,2,False
407238.0197,502572.1485,4,8.163787344673995,4.5463467185565705,entrainement spatial,3,True,4,False,3,True,3,True,3,True,3,True
491290.8854,473314.2957,3,8.921515778791237,4.282138907259135,entrainement spatial,3,False,3,False,2,True,2,True,2,True,3,False
490890.8986,480347.6066,3,8.91790437535197,4.345767417425569,entrainement spatial,3,False,3,False,3,False,2,True,3,False,3,False
593574.1736,289919.5398,3,9.841772986711211,2.6226900500910784,test spatial,2,True,5,True,3,False,2,True,4,True,3,False
586046.4928,380392.6769,4,9.774641953603261,3.4411744602094183,test spatial,4,False,3,True,3,True,4,False,4,False,4,False
498629.5076,458038.7263,2,8.987651663276589,4.143947462411167,entrainement spatial,1,True,2,False,1,True,1,True,1,True,2,False
593596.2342,290978.4483,2,9.841977841800196,2.6322689497824245,test spatial,2,False,2,False,3,True,2,False,3,True,3,True
591665.8591,268592.4649,2,9.82448572470232,2.4297726810268423,test spatial,3,True,3,True,3,True,2,False,3,True,3,True
510274.1601,445681.011,4,9.092558820317908,4.032143858922124,entrainement spatial,4,False,4,False,4,False,4,False,4,False,4,False
391246.1542,502267.7327,4,8.01964390989302,4.543411371475887,entrainement spatial,3,True,4,False,3,True,4,False,3,True,4,False
456876.9708,495964.8062,2,8.6112837707468,4.486953649722173,entrainement spatial,2,False,2,False,2,False,2,False,2,False,2,False
594287.2554,295383.6817,3,9.848220856765472,2.6721149901738688,test spatial,2,True,3,False,3,False,2,True,4,True,3,False
517714.6426,443058.1554,3,9.159584586557989,4.008404910502159,entrainement spatial,3,False,3,False,3,False,1,True,4,True,3,False
487039.8042,488128.2979,2,8.883185571732895,4.416152918121337,entrainement spatial,3,True,2,False,3,True,3,True,3,True,2,False
561125.617,421395.1671,5,9.550522086687291,3.8122611735489884,test spatial,5,False,5,False,5,False,5,False,5,False,5,False
462302.0468,495805.3293,2,8.660186109935543,4.485535336905797,entrainement spatial,2,False,2,False,2,False,2,False,2,False,2,False
497858.7416,466931.2973,3,8.98070498052846,4.224396897182575,entrainement spatial,3,False,3,False,3,False,4,True,4,True,3,False
591665.8371,264872.5913,1,9.824465256984487,2.396121924487681,test spatial,3,True,1,False,2,True,3,True,2,True,3,True
498623.0162,457151.0203,1,8.987593299849006,4.135916527344324,entrainement spatial,1,False,1,False,1,False,1,False,1,False,1,False
526331.8934,436337.4442,1,9.237196411252018,3.947585120816799,entrainement spatial,1,False,1,False,1,False,1,False,1,False,1,False
487449.5454,491073.3464,2,8.8868746487627,4.442796620307381,entrainement spatial,3,True,2,False,3,True,3,True,3,True,3,True
600607.1918,360973.7676,2,9.905554223816063,3.265397685245899,test spatial,3,True,1,True,2,False,4,True,4,True,3,True
604630.3853,332195.7995,4,9.941530514313818,3.0050441801364736,test spatial,3,True,2,True,3,True,4,False,3,True,3,True
592596.7483,285575.0814,3,9.832955104947724,2.5833952812313195,test spatial,2,True,3,False,3,False,3,False,3,False,3,False
525976.8049,436687.9212,1,9.233998697480974,3.950756727915434,entrainement spatial,2,True,1,False,2,True,1,False,1,False,1,False
597558.7376,303073.464,3,9.877699314986236,2.741656306675753,test spatial,3,False,3,False,3,False,2,True,3,False,3,False
487117.6254,485739.0985,1,8.883890350418412,4.394538517184134,entrainement spatial,2,True,1,False,1,False,1,False,1,False,1,False
608433.4765,341414.1559,3,9.975824947846826,3.0884008232241453,test spatial,3,False,4,True,4,True,4,True,4,True,3,False
607471.3122,338053.3458,4,9.967139610189786,3.0580077098838507,test spatial,3,True,4,False,4,False,3,True,4,False,3,True
533514.454,436585.3593,5,9.301896836369536,3.949806903228781,entrainement spatial,4,True,5,False,4,True,5,False,4,True,5,False
598400.5265,314774.2039,3,9.885351274127085,2.847495718334605,test spatial,3,False,2,True,2,True,4,True,2,True,2,True
522158.869,443436.9472,2,9.199621643204797,4.011822959461165,entrainement spatial,2,False,2,False,4,True,2,False,4,True,3,True
592897.1127,372827.1523,4,9.836251991739157,3.3726842565181085,test spatial,4,False,3,True,4,False,4,False,4,False,4,False
560333.0028,422195.2177,4,9.543388247573882,3.8195033838761296,test spatial,2,True,1,True,1,True,3,True,5,True,5,True
523007.4356,438446.3178,2,9.207254741309647,3.966671754410799,entrainement spatial,1,True,2,False,1,True,1,True,2,False,1,True
421596.6256,505377.0725,3,8.29319245814653,4.5718588341106505,entrainement spatial,3,False,3,False,3,False,3,False,3,False,3,False
595308.1022,370249.5466,5,9.857933528982073,3.349348314466119,test spatial,4,True,3,True,4,True,4,True,4,True,4,True
519988.4354,443401.4756,1,9.18006895045483,4.011506605963472,entrainement spatial,1,False,1,False,2,True,1,False,2,True,1,False
504987.8125,448786.393,3,9.044936237908475,4.060241845650235,entrainement spatial,4,True,3,False,4,True,4,True,4,True,4,True
591748.7285,284382.9405,4,9.825320319709915,2.572615958239959,test spatial,2,True,3,True,3,True,4,False,3,True,3,True
513436.7256,443269.0522,3,9.121046780931822,4.010319487399989,entrainement spatial,3,False,3,False,3,False,3,False,2,True,3,False
608395.9358,341125.6853,4,9.975484760670904,3.0857917075692316,test spatial,3,True,2,True,4,False,3,True,4,False,2,True
477283.8921,502533.9983,2,8.795216424299777,4.546457910081798,entrainement spatial,2,False,2,False,3,True,2,False,3,True,2,False
522142.8322,443444.5436,2,9.19947719043893,4.011891718029074,entrainement spatial,2,False,2,False,4,True,1,True,4,True,3,True
592100.764,270087.3799,2,9.828405453861128,2.443293571441612,test spatial,3,True,3,True,3,True,2,False,3,True,3,True
499744.6312,451450.7276,1,8.99769926079777,4.084346945466355,entrainement spatial,2,True,1,False,1,False,1,False,1,False,1,False
593869.0547,292401.1741,3,9.844440599645162,2.645137446989058,test spatial,2,True,3,False,3,False,2,True,4,True,3,False
571906.0243,403149.1352,5,9.647490137549282,3.647133429331332,test spatial,3,True,5,False,5,False,4,True,5,False,4,True
588872.6524,258181.792,2,9.799309674801032,2.3356101010206562,test spatial,3,True,3,True,3,True,4,True,3,True,3,True
600909.4244,326339.9689,5,9.90800643856908,2.9521012614073885,test spatial,3,True,3,True,3,True,3,True,4,True,3,True
592077.8295,269134.5399,2,9.828193910845716,2.4346741203107247,test spatial,3,True,3,True,3,True,4,True,3,True,3,True
567988.9339,426622.7765,5,9.612367305072276,3.859510258527308,test spatial,5,False,5,False,5,False,1,True,5,False,5,False
565899.12,414287.9067,4,9.593468980238585,3.7479371729576276,test spatial,5,True,5,True,5,True,5,True,5,True,5,True
487079.0455,490643.6216,2,8.883535708155163,4.438908487170318,entrainement spatial,2,False,2,False,3,True,3,True,3,True,2,False
594941.8132,370691.9941,3,9.854640031145228,3.3533535834875114,test spatial,4,True,4,True,4,True,4,True,4,True,4,True
525524.3801,438130.9615,2,9.229926883495164,3.963812777671996,entrainement spatial,2,False,2,False,2,False,2,False,2,False,2,False
487504.6384,491089.8743,1,8.887371214210903,4.442946220164759,entrainement spatial,3,True,1,False,3,True,2,True,3,True,1,False
595319.5617,370229.4924,4,9.858036518064587,3.3491668138276256,test spatial,4,False,4,False,4,False,4,False,4,False,4,False
506669.8366,447916.7493,4,9.060089355945182,4.052373318461383,entrainement spatial,4,False,4,False,4,False,4,False,4,False,4,False
506434.6721,448050.9464,3,9.057970818030407,4.053587535091029,entrainement spatial,4,True,3,False,4,True,3,False,4,True,3,False
607284.0185,340287.6539,3,9.965472440398354,3.0782202501646503,test spatial,1,True,4,True,2,True,4,True,2,True,2,True
502156.5661,449591.2711,1,9.019429127436393,4.067524481325194,entrainement spatial,1,False,1,False,1,False,1,False,1,False,1,False
527581.6205,436348.9731,1,9.248453853259306,3.94768612169411,entrainement spatial,1,False,1,False,2,True,1,False,1,False,1,False
496901.0142,467978.4182,3,8.972074497735369,4.233869746958208,entrainement spatial,3,False,3,False,4,True,3,False,4,True,3,False
575080.2625,389548.4644,2,9.67598143395643,3.5240762503963468,test spatial,4,True,3,True,4,True,2,False,4,True,4,True
497473.3589,453366.1145,2,8.977235797618102,4.101674843614149,entrainement spatial,2,False,2,False,2,False,2,False,1,True,2,False
499505.5698,461036.5965,2,8.995544959376026,4.171068786932739,entrainement spatial,1,True,2,False,2,False,2,False,2,False,1,True
502857.3712,449845.6165,1,9.025742955850061,4.069825330109755,entrainement spatial,1,False,1,False,1,False,1,False,1,False,1,False
576680.2512,388415.761,3,9.690378613700954,3.513818855003117,test spatial,4,True,4,True,3,False,4,True,4,True,4,True
607639.0621,338911.1898,3,9.968656025957142,3.065766187162271,test spatial,3,False,4,True,4,True,4,True,4,True,3,False
591506.1593,268527.6157,3,9.823049054361157,2.429186922132518,test spatial,3,False,3,False,3,False,4,True,3,False,3,False
545212.068,429649.6971,5,9.407236559301504,3.8870172174441615,test spatial,5,False,5,False,5,False,5,False,5,False,5,False
602193.9851,356585.511,3,9.91979964670289,3.2256891538337285,test spatial,3,False,3,False,3,False,4,True,4,True,2,True
523491.1638,439952.6107,2,9.211615696919445,3.980297801563487,entrainement spatial,2,False,2,False,2,False,1,True,2,False,2,False
499851.1771,462300.8404,1,8.998659018670544,4.182506200301384,entrainement spatial,1,False,1,False,1,False,1,False,1,False,1,False
520861.8481,443249.0743,3,9.187936882602482,4.010126083588167,entrainement spatial,3,False,3,False,4,True,2,True,5,True,2,True
409472.0668,502480.1278,3,8.183925937842023,4.545537414664092,entrainement spatial,3,False,3,False,3,False,3,False,3,False,3,False
599083.6996,365557.0458,3,9.891879376310776,3.3068699296948134,test spatial,4,True,5,True,4,True,2,True,4,True,5,True
522612.1196,443157.5693,2,9.203704179190023,4.009294470468841,entrainement spatial,2,False,2,False,4,True,1,True,4,True,3,True
444624.0807,503388.0324,3,8.500791296560607,4.554039959941588,entrainement spatial,3,False,3,False,3,False,3,False,3,False,3,False
534138.0667,435777.4276,4,9.307511571997813,3.942495678587821,entrainement spatial,4,False,4,False,4,False,4,False,5,True,4,False
598756.0294,317015.0187,3,9.888565214331216,2.867763639335088,test spatial,3,False,5,True,3,False,2,True,3,False,3,False
567956.879,426558.6667,5,9.612078186775534,3.858930505326598,test spatial,5,False,5,False,5,False,5,False,5,False,5,False
607693.5412,338423.602,4,9.96914227574752,3.0613551434227944,test spatial,3,True,4,False,4,False,2,True,4,False,3,True
600807.9754,326230.2942,4,9.907092849404387,2.9511099002818986,test spatial,3,True,3,True,3,True,2,True,3,True,3,True
526963.6742,435876.2903,1,9.242886216123566,3.9434115043915883,entrainement spatial,1,False,1,False,2,True,1,False,2,True,1,False
520699.437,443365.2291,2,9.186474022884143,4.011177251006693,entrainement spatial,2,False,2,False,2,False,1,True,1,True,2,False
600068.8212,363478.0777,2,9.900729068472263,3.2880557756744677,test spatial,4,True,3,True,3,True,1,True,4,True,4,True
600449.7925,360394.9195,1,9.90413292955007,3.2601627725446196,test spatial,2,True,3,True,1,False,4,True,1,False,1,False
526115.9692,437303.4626,1,9.235253850159792,3.956325055749182,entrainement spatial,2,True,1,False,2,True,1,False,1,False,1,False
578354.2299,387192.2639,2,9.70544095767972,3.5027394478299874,test spatial,4,True,3,True,3,True,2,False,4,True,4,True
444697.7498,503456.0346,3,8.501454976020934,4.554655595524955,entrainement spatial,3,False,3,False,3,False,3,False,3,False,3,False
591202.1116,259289.604,3,9.820264944113841,2.345619483605738,test spatial,3,False,3,False,3,False,2,True,3,False,3,False
505752.1841,448411.3614,4,9.05182240221684,4.056848575751237,entrainement spatial,4,False,4,False,4,False,4,False,4,False,4,False
468388.9474,499886.9751,2,8.71503929289133,4.5224840003504765,entrainement spatial,2,False,2,False,2,False,2,False,2,False,2,False
420340.7783,501700.0862,2,8.28190456747279,4.5385854618920485,entrainement spatial,2,False,2,False,3,True,3,True,3,True,2,False
607137.5691,336054.5026,3,9.964120426878235,3.0399293540797125,test spatial,3,False,2,True,4,True,2,True,3,False,2,True
599998.7964,363703.7131,1,9.900100651472524,3.290097419868741,test spatial,2,True,1,False,2,True,3,True,4,True,1,False
491407.9989,477866.0983,3,8.922567014622281,4.323318235331281,entrainement spatial,3,False,3,False,3,False,3,False,3,False,3,False
486995.0288,490439.7777,2,8.882778707324828,4.437064242266272,entrainement spatial,2,False,2,False,3,True,2,False,3,True,2,False
400063.9995,502535.6237,3,8.099121997816777,4.545938348177064,entrainement spatial,3,False,3,False,3,False,3,False,3,False,3,False
515845.5774,443859.3664,3,9.142748173046657,4.015656457306337,entrainement spatial,3,False,3,False,3,False,4,True,4,True,3,False
584006.2673,382346.5922,3,9.756289687683587,3.458864752860708,test spatial,4,True,4,True,3,False,3,False,4,True,4,True
456074.0297,495977.3522,3,8.604046016512578,4.487063256334585,entrainement spatial,2,True,3,False,2,True,2,True,2,True,2,True
490534.8786,474892.2961,3,8.914701268352713,4.29641402413064,entrainement spatial,3,False,3,False,3,False,2,True,3,False,3,False
598719.9454,308519.5925,3,9.888182082627312,2.790914284455996,test spatial,3,False,4,True,4,True,3,False,3,False,3,False
592045.8418,373837.4957,2,9.82859721332826,3.3818304517825255,test spatial,3,True,2,False,3,True,2,False,4,True,5,True
513964.2739,442837.369,2,9.125798675387824,4.006413396167744,entrainement spatial,2,False,2,False,2,False,2,False,1,True,2,False
603500.5775,331342.4095,3,9.931358160915545,2.997333290055892,test spatial,3,False,3,False,3,False,2,True,3,False,3,False
603501.3255,353271.2413,3,9.931538194579902,3.1956980983288763,test spatial,3,False,3,False,3,False,4,True,4,True,3,False
519889.4613,443354.6739,1,9.179177237489746,4.0110833955687,entrainement spatial,1,False,1,False,2,True,1,False,2,True,1,False
499078.9242,452196.2267,1,8.991701519908432,4.091091325789095,entrainement spatial,2,True,1,False,1,False,1,False,1,False,1,False
493111.925,470456.2492,5,8.937928572456569,4.256284227068023,entrainement spatial,4,True,5,False,3,True,5,False,3,True,5,False
452450.0348,495844.4351,3,8.571380185043369,4.485842364916815,entrainement spatial,3,False,3,False,3,False,3,False,3,False,3,False
601609.8696,357891.3784,2,9.914553327924583,3.2375066135312927,test spatial,3,True,2,False,3,True,2,False,3,True,3,True
499612.9443,463262.6899,1,8.996512363359198,4.191207882034603,entrainement spatial,1,False,1,False,1,False,1,False,1,False,1,False
597028.4689,368247.1779,2,9.87340251808739,3.3312212548657634,test spatial,3,True,2,False,3,True,2,False,4,True,4,True
584544.108,381847.3108,3,9.761127860542333,3.4543442762433627,test spatial,4,True,3,False,3,False,4,True,4,True,4,True
498876.7696,459422.5668,2,8.989879370596912,4.156466874544844,entrainement spatial,1,True,2,False,1,True,1,True,1,True,1,True
460501.27,495986.0914,2,8.643953105754528,4.487162879163656,entrainement spatial,2,False,2,False,2,False,2,False,2,False,2,False
604556.4761,350303.1948,3,9.941009604851233,3.1688410316009072,test spatial,3,False,3,False,3,False,4,True,4,True,2,True
590524.7576,375514.7626,3,9.814918041370705,3.3970147762003067,test spatial,4,True,5,True,4,True,4,True,4,True,4,True
566334.816,413572.585,4,9.597388206156328,3.7414633868493348,test spatial,5,True,5,True,5,True,5,True,5,True,5,True
594327.5622,294620.2226,2,9.84857869927828,2.665208397449894,test spatial,2,False,2,False,3,True,2,False,3,True,3,True
565385.389,415211.322,4,9.588848221283557,3.75629393196291,test spatial,5,True,5,True,5,True,5,True,5,True,5,True
589718.0186,376467.7336,3,9.807663313430114,3.4056415601838403,test spatial,4,True,3,False,4,True,4,True,4,True,4,True
534834.2833,435013.9328,5,9.313780356702535,3.9355861852557874,entrainement spatial,4,True,5,False,5,False,5,False,5,False,5,False
583974.8937,382415.8229,2,9.7560077509346,3.4594912529254547,test spatial,4,True,2,False,3,True,3,True,4,True,4,True
570191.9644,406792.9382,5,9.632079360948616,3.680107701543013,test spatial,3,True,5,False,4,True,2,True,4,True,4,True
599480.6108,309887.839,3,9.895034603972329,2.803286209118761,test spatial,3,False,2,True,4,True,2,True,3,False,3,False
504802.7872,448825.4539,3,9.043269325728053,4.060595315202201,entrainement spatial,4,True,3,False,4,True,3,False,4,True,2,True
534917.1721,434928.1858,5,9.314526704107637,3.9348101715039276,entrainement spatial,5,False,5,False,5,False,5,False,5,False,5,False
497413.854,453216.719,2,8.97669971728395,4.100323269708837,entrainement spatial,2,False,2,False,1,True,2,False,1,True,2,False
593082.1082,287939.9732,2,9.837334923832463,2.6047855742503776,test spatial,2,False,1,True,3,True,4,True,3,True,3,True
591566.4521,260193.1944,4,9.823546357227421,2.353791626139685,test spatial,3,True,4,False,3,True,2,True,3,True,3,True
568178.7974,427078.942,5,9.614080279893818,3.863635666938107,test spatial,5,False,5,False,5,False,5,False,5,False,5,False
577197.372,388053.2434,3,9.695031774251019,3.510535944534375,test spatial,2,True,3,False,3,False,3,False,4,True,4,True
605559.4397,347694.4974,3,9.950014019229096,3.145235035607217,test spatial,3,False,3,False,3,False,4,True,4,True,3,False
567749.8774,411175.851,5,9.610116318853951,3.719772739108906,test spatial,5,False,5,False,5,False,5,False,5,False,5,False
605222.543,348448.9697,4,9.946988459243371,3.152062606135799,test spatial,3,True,3,True,3,True,4,False,4,False,3,True
599250.029,310693.2484,2,9.892965742234422,2.8105735261275506,test spatial,3,True,3,True,3,True,2,False,3,True,3,True
505235.5408,448654.8195,4,9.047168003990263,4.059051391690593,entrainement spatial,4,False,4,False,4,False,4,False,4,False,4,False
533532.8859,436560.7834,5,9.302062788227499,3.9495845105170813,entrainement spatial,4,True,5,False,4,True,5,False,4,True,5,False
494688.0873,469743.5823,3,8.95213244775437,4.249837879748049,entrainement spatial,3,False,3,False,3,False,3,False,5,True,3,False
599336.2143,310375.5735,3,9.893738914429985,2.8076992468595385,test spatial,3,False,3,False,3,False,2,True,3,False,3,False
604686.9177,349959.8664,2,9.942180666687017,3.1657342778315236,test spatial,3,True,2,False,3,True,2,False,3,True,3,True
594199.3064,293518.5915,2,9.847418181155946,2.6552437068521826,test spatial,2,False,3,True,3,True,4,True,4,True,3,True
591602.584,282847.2361,2,9.823996883535305,2.5587245389504973,test spatial,2,False,3,True,3,True,3,True,3,True,3,True
570769.0077,393180.4702,1,9.637189388543927,3.556960315607127,test spatial,4,True,3,True,4,True,2,True,4,True,4,True
409197.8983,502489.1465,3,8.181454493601438,4.545616192220598,entrainement spatial,3,False,3,False,3,False,3,False,3,False,3,False
498582.2455,454947.5045,2,8.987226272061493,4.115981659622307,entrainement spatial,2,False,2,False,1,True,2,False,1,True,2,False
524818.4655,437985.7863,1,9.223567594832256,3.9625011522476377,entrainement spatial,2,True,1,False,1,False,2,True,1,False,2,True
523452.8988,442098.4521,5,9.211275955345481,3.9997109137899196,entrainement spatial,5,False,5,False,4,True,5,False,5,False,5,False
522768.7439,441889.4635,1,9.205112287895977,3.9978218016347,entrainement spatial,1,False,1,False,1,False,1,False,1,False,1,False
565658.5118,414749.6144,4,9.59130501480118,3.752115455114994,test spatial,5,True,5,True,5,True,1,True,5,True,5,True
606911.6917,345102.5755,2,9.962161458499528,3.1217779367380865,test spatial,3,True,2,False,3,True,2,False,4,True,2,False
491132.0966,479190.5354,3,8.920079267759135,4.335299877466762,entrainement spatial,3,False,3,False,3,False,3,False,3,False,3,False
487598.2717,484220.034,3,8.888224483396298,4.3807965607848125,entrainement spatial,3,False,3,False,3,False,3,False,3,False,3,False
602923.8499,354683.1762,3,9.926352702692634,3.208474957156176,test spatial,3,False,3,False,3,False,3,False,4,True,3,False
536864.9382,433341.4793,5,9.33206591313122,3.920448836075244,entrainement spatial,5,False,5,False,5,False,5,False,5,False,5,False
590920.2137,277290.1406,3,9.817827607902066,2.5084578441212066,test spatial,2,True,3,False,3,False,4,True,3,False,3,False
596984.8657,301954.7245,3,9.87252949100514,2.7315399255791504,test spatial,2,True,3,False,3,False,2,True,3,False,3,False
491869.311,472823.1146,3,8.926728815707412,4.277695807403354,entrainement spatial,3,False,3,False,3,False,3,False,3,False,3,False
551736.9247,431946.162,5,9.466017805224132,3.907761906619954,test spatial,5,False,5,False,5,False,4,True,5,False,5,False
605448.2563,347955.5366,3,9.94901561894871,3.147597256146844,test spatial,3,False,3,False,3,False,4,True,4,True,2,True
423634.9827,508226.3104,2,8.311542698124907,4.597651152701279,entrainement spatial,2,False,2,False,2,False,2,False,2,False,2,False
602914.7269,330557.5771,4,9.926080840721507,2.9902382854597516,test spatial,3,True,3,True,3,True,2,True,3,True,3,True
543661.9226,430021.7115,4,9.393275792177292,3.8903893543275547,entrainement spatial,4,False,4,False,5,True,4,False,5,True,4,False
490676.7558,481095.2123,3,8.915973668986226,4.352530629992131,entrainement spatial,3,False,3,False,3,False,3,False,3,False,3,False
592519.2,285409.2885,3,9.832256591680935,2.581895950260591,test spatial,2,True,3,False,3,False,2,True,3,False,3,False
457509.6454,495955.0494,2,8.616986735846494,4.4868683998604135,entrainement spatial,2,False,2,False,2,False,2,False,2,False,2,False
499165.1543,452111.2285,1,8.992478421624018,4.090322367395584,entrainement spatial,2,True,1,False,1,False,1,False,1,False,1,False
592669.9298,286815.0725,1,9.833620693951207,2.5946120105121846,test spatial,2,True,2,True,3,True,2,True,3,True,3,True
391595.9632,502269.8025,4,8.022796910168172,4.5434343759067835,entrainement spatial,3,True,4,False,3,True,4,False,3,True,4,False
586073.3398,380395.1176,3,9.774883649294189,3.441196342024838,test spatial,4,True,3,False,3,False,2,True,4,True,4,True
600545.5866,324446.7335,4,9.904719002994147,2.9349778516621945,test spatial,3,True,3,True,3,True,2,True,3,True,3,True
517576.2341,443037.6173,3,9.158337683655025,4.008219348541743,entrainement spatial,2,True,3,False,3,False,2,True,4,True,3,False
534774.2604,435068.2392,4,9.313239871272913,3.936077685590132,entrainement spatial,4,False,4,False,5,True,4,False,5,True,5,True
591758.5042,284446.482,4,9.825408619953445,2.5731907092542454,test spatial,2,True,4,False,3,True,4,False,4,False,4,False
541212.471,430757.4652,4,9.371216097573011,3.8970555304598213,entrainement spatial,4,False,4,False,4,False,4,False,5,True,4,False
573584.6549,390683.7649,3,9.662523693208499,3.5343563027027622,test spatial,4,True,3,False,4,True,2,True,4,True,4,True
600481.0459,361166.1401,3,9.904420451095413,3.267138891326795,test spatial,5,True,3,False,4,True,3,False,4,True,5,True
607534.7997,340346.1066,3,9.967729536215334,3.078746943532872,test spatial,3,False,2,True,3,False,2,True,4,True,2,True
533849.3002,436164.4975,4,9.304911699592845,3.9459983650455714,entrainement spatial,4,False,4,False,4,False,4,False,4,False,4,False
523191.1298,439220.8952,1,9.208911242795269,3.9736787973981333,entrainement spatial,1,False,1,False,1,False,1,False,1,False,1,False
393438.8436,502344.0137,3,8.039406990059668,4.544127982837317,entrainement spatial,3,False,3,False,3,False,3,False,3,False,3,False
487937.8495,483612.9586,2,8.891285852332725,4.375304942065558,entrainement spatial,3,True,2,False,3,True,2,False,3,True,3,True
498579.6716,456185.2218,1,8.98720290264213,4.127179094787154,entrainement spatial,1,False,1,False,1,False,1,False,1,False,1,False
572213.839,391618.8849,2,9.650187910435722,3.5428245126119444,test spatial,4,True,3,True,4,True,2,False,5,True,4,True
603545.2954,331565.9992,3,9.93176223415746,2.9993555074339002,test spatial,3,False,3,False,3,False,2,True,3,False,3,False
498517.6586,454834.8914,1,8.986644372014636,4.114962856738242,entrainement spatial,2,True,1,False,1,False,1,False,1,False,2,True
524368.4222,438074.7061,4,9.219513785303723,3.9633066809305664,entrainement spatial,4,False,4,False,3,True,2,True,4,False,4,False
420594.9237,501746.6795,3,8.284195048549318,4.539009223002628,entrainement spatial,3,False,3,False,2,True,3,False,3,False,3,False
498440.9897,466057.2129,1,8.985951798232731,4.2164893246490465,entrainement spatial,1,False,1,False,1,False,1,False,1,False,1,False
570599.0322,394395.6003,1,9.63566657038904,3.567953931204788,test spatial,4,True,1,False,1,False,4,True,4,True,4,True
572933.8102,391113.908,2,9.656666773555436,3.5382517149655177,test spatial,2,False,3,True,4,True,2,False,4,True,4,True
488364.703,493287.0461,1,8.895120709736883,4.462824630016664,entrainement spatial,2,True,1,False,3,True,2,True,3,True,1,False
605716.5466,347406.8709,3,9.951425461566384,3.1426319342215026,test spatial,3,False,3,False,3,False,4,True,3,False,3,False
591593.3382,280694.873,3,9.823901338221832,2.539253902037336,test spatial,2,True,3,False,3,False,2,True,4,True,3,False
599348.0913,310356.5677,3,9.89384563369777,2.8075272385271095,test spatial,3,False,3,False,3,False,2,True,3,False,3,False
523282.977,439370.9122,1,9.209738963477626,3.9750357632616566,entrainement spatial,1,False,1,False,1,False,1,False,1,False,1,False
591149.6289,267704.8783,3,9.819837993783453,2.421746219767751,test spatial,3,False,2,True,3,False,2,True,3,False,3,False
606280.9006,346344.4453,2,9.956495309848293,3.1330168138846473,test spatial,3,True,2,False,3,True,2,False,3,True,2,False
589936.7022,376182.8694,4,9.809629672070674,3.4030629959983925,test spatial,4,False,4,False,4,False,4,False,4,False,4,False
599961.4815,319679.4281,4,9.89942937888915,2.8918572729927465,test spatial,3,True,3,True,3,True,2,True,4,False,3,True
604375.5357,332069.8564,4,9.939236449965223,3.0039069026905953,test spatial,3,True,2,True,3,True,4,False,4,False,3,True
570276.0397,406652.8125,4,9.632835534381904,3.6788395317468767,test spatial,3,True,5,True,4,False,2,True,5,True,4,False
390343.7659,502203.8787,3,8.01151097654636,4.542822676898555,entrainement spatial,3,False,3,False,3,False,3,False,3,False,3,False
516607.401,443461.1192,3,9.149610547910475,4.012052348207443,entrainement spatial,3,False,3,False,3,False,2,True,4,True,2,True
505899.1619,448346.18,4,9.053146511234392,4.056258802896329,entrainement spatial,4,False,4,False,4,False,4,False,4,False,4,False
607156.2596,337682.3249,3,9.964301710927193,3.054654104577962,test spatial,3,False,4,True,4,True,4,True,4,True,3,False
486775.0828,487286.8154,3,8.880800769697442,4.408539851231388,entrainement spatial,3,False,3,False,3,False,3,False,3,False,3,False
387931.6292,502244.6124,3,7.989768671467236,4.543160981358849,entrainement spatial,3,False,3,False,3,False,3,False,3,False,3,False
608089.6828,340811.529,4,9.97272639103164,3.08295246756278,test spatial,3,True,2,True,4,False,2,True,4,False,3,True
592769.8656,287187.2823,1,9.834521820442415,2.5979784845710014,test spatial,2,True,3,True,3,True,4,True,3,True,3,True
490733.0231,473755.7345,3,8.916488042666343,4.286131981760615,entrainement spatial,3,False,3,False,3,False,3,False,3,False,3,False
455293.5456,496014.266,1,8.597010572258844,4.487393346877393,entrainement spatial,1,False,1,False,1,False,1,False,2,True,1,False
595605.7248,300573.7967,3,9.860114056239375,2.719056929829524,test spatial,2,True,2,True,3,False,4,True,3,False,3,False
499170.3132,460199.3834,1,8.992524216709032,4.163494636133187,entrainement spatial,1,False,1,False,1,False,1,False,2,True,1,False
598599.4493,315528.3171,2,9.887146148005508,2.854316041415714,test spatial,3,True,3,True,3,True,3,True,3,True,3,True
592503.1555,285361.1551,2,9.832111990349725,2.5814606223662024,test spatial,2,False,2,False,3,True,2,False,3,True,3,True
546406.2475,429663.2591,5,9.417992706744458,3.8871346340697595,test spatial,5,False,5,False,5,False,5,False,5,False,5,False
501763.0033,449863.3485,2,9.015883454712977,4.069986004205067,entrainement spatial,1,True,2,False,1,True,1,True,1,True,1,True
598183.6502,314557.6527,3,9.883398610429527,2.8455382990974183,test spatial,3,False,3,False,3,False,2,True,3,False,4,True
577469.2603,387842.6632,3,9.6974781337675,3.508629142956599,test spatial,2,True,3,False,3,False,4,True,4,True,4,True
605163.7171,348579.0059,4,9.94646014604489,3.1532393706312667,test spatial,3,True,3,True,3,True,2,True,4,False,2,True
410437.6131,502418.1017,3,8.192629999395042,4.544986143711288,entrainement spatial,3,False,3,False,3,False,3,False,3,False,3,False
602918.9853,330644.8743,4,9.926119819136208,2.991027932679648,test spatial,3,True,3,True,3,True,2,True,3,True,3,True
598895.6428,317454.1954,3,9.889824367592722,2.871735445646699,test spatial,3,False,3,False,3,False,2,True,3,False,3,False
465973.9329,496167.4751,2,8.693283228765544,4.488826192569901,entrainement spatial,2,False,2,False,2,False,2,False,2,False,2,False
391411.7443,502265.6628,4,8.021136491580174,4.543394677178998,entrainement spatial,3,True,4,False,3,True,4,False,3,True,3,True
499383.6361,462981.0834,1,8.99444615758424,4.188660224309392,entrainement spatial,1,False,1,False,1,False,1,False,1,False,1,False
605772.1383,347288.4364,2,9.951924757396785,3.141560143394966,test spatial,3,True,3,True,3,True,2,False,3,True,3,True
602052.3434,329554.4153,4,9.918313798035474,2.9811703372925558,test spatial,3,True,3,True,3,True,2,True,3,True,3,True
498392.0842,465897.7082,1,8.985511138756745,4.215046305847059,entrainement spatial,1,False,1,False,1,False,1,False,1,False,1,False
591735.2194,263296.1659,4,9.825080744141598,2.3818608691564176,test spatial,3,True,3,True,3,True,2,True,3,True,3,True
490876.3208,480489.2199,3,8.917772854449813,4.3470485478226095,entrainement spatial,3,False,3,False,3,False,2,True,3,False,3,False
519198.8366,443340.3197,2,9.172955631985275,4.0109548786008125,entrainement spatial,2,False,2,False,3,True,2,False,4,True,2,False
538000.6104,432512.0862,5,9.342292464086073,3.912941408936306,entrainement spatial,5,False,5,False,5,False,5,False,5,False,5,False
592083.5435,284721.4213,3,9.828333894164412,2.5756759540270817,test spatial,2,True,3,False,3,False,2,True,4,True,3,False
604614.9797,350181.1002,3,9.941535092136553,3.167736106835771,test spatial,3,False,3,False,3,False,4,True,4,True,2,True
492881.6166,470550.2256,4,8.935853094189753,4.257134243138516,entrainement spatial,4,False,4,False,3,True,5,True,3,True,5,True
569470.292,408255.5999,5,9.625590203245682,3.693344116549927,test spatial,3,True,5,False,4,True,4,True,4,True,4,True
541878.1922,430544.3951,5,9.37721155127383,3.895125276438742,entrainement spatial,5,False,5,False,5,False,5,False,5,False,5,False
518731.2417,443100.326,3,9.168742799606225,4.008784578732606,entrainement spatial,2,True,3,False,2,True,3,False,1,True,3,False
523002.0289,437748.5355,3,9.207204465840887,3.9603590557185897,entrainement spatial,2,True,3,False,1,True,1,True,1,True,1,True
602931.7605,330893.9909,3,9.926236658716928,2.99328131309429,test spatial,3,False,1,True,2,True,4,True,2,True,2,True
414526.0858,501932.9907,2,8.229488340421055,4.540638225310512,entrainement spatial,2,False,2,False,3,True,3,True,3,True,2,False
595535.8732,297855.4815,3,9.859468362081312,2.6944672655750446,test spatial,2,True,3,False,3,False,2,True,4,True,3,False
488900.619,482202.5697,2,8.899964814386951,4.362546684870908,entrainement spatial,3,True,2,False,3,True,3,True,3,True,2,False
500032.9077,451079.8342,1,9.000296479918822,4.0809915305725735,entrainement spatial,1,False,1,False,1,False,1,False,1,False,1,False
498221.4208,466555.3954,4,8.98397317618918,4.22099625456562,entrainement spatial,3,True,4,False,3,True,2,True,4,False,4,False
419099.7018,501772.0941,2,8.270716721860436,4.539225624334924,entrainement spatial,2,False,2,False,3,True,3,True,3,True,2,False
505555.2234,448515.0226,2,9.05004800804657,4.057786495706529,entrainement spatial,2,False,2,False,2,False,2,False,4,True,2,False
517913.3564,443011.8746,2,9.161374637982645,4.007985863821368,entrainement spatial,2,False,2,False,3,True,1,True,2,False,3,True
497472.0929,453385.1054,2,8.977224386511606,4.101846651077521,entrainement spatial,2,False,2,False,1,True,2,False,1,True,2,False
591590.3488,283390.9244,2,9.823889973931095,2.5636429180418867,test spatial,2,False,3,True,3,True,4,True,3,True,3,True
591687.1357,272287.1942,2,9.82469750133617,2.4631958412045134,test spatial,2,False,3,True,3,True,2,False,3,True,3,True
533282.749,436997.0051,4,9.299811003679162,3.9535317211598517,entrainement spatial,4,False,4,False,4,False,4,False,4,False,4,False
504860.3506,448804.8956,4,9.043787916449382,4.060409299216776,entrainement spatial,4,False,4,False,4,False,4,False,4,False,4,False
591529.1972,274455.6672,3,9.823289085049055,2.482813174162786,test spatial,2,True,3,False,3,False,4,True,3,False,3,False
518988.0904,443329.1098,1,9.171057077521432,4.010853864915613,entrainement spatial,2,True,1,False,2,True,1,False,2,True,2,True
568909.2595,409259.1369,4,9.620544536049374,3.7024260707217755,test spatial,3,True,5,True,5,True,5,True,5,True,4,False
597700.2255,305458.799,3,9.87898793730095,2.7632331859320183,test spatial,3,False,3,False,3,False,4,True,3,False,3,False
452480.1738,497787.759,2,8.571641592581619,4.503422806529016,entrainement spatial,3,True,2,False,3,True,2,False,3,True,3,True
499007.4323,459730.4296,1,8.99105664775199,4.159252073061171,entrainement spatial,1,False,1,False,1,False,1,False,1,False,1,False
584196.7586,382160.3823,2,9.758003199666001,3.457178889488051,test spatial,4,True,2,False,3,True,2,False,4,True,4,True
592066.4362,284685.9847,3,9.828179809883002,2.575355488748,test spatial,2,True,2,True,3,False,2,True,4,True,3,False
598913.0918,365901.0581,2,9.890346590952927,3.3099832192025507,test spatial,3,True,2,False,3,True,2,False,4,True,4,True
603629.7627,331726.2385,3,9.932523481774325,3.000804358985075,test spatial,3,False,5,True,3,False,4,True,4,True,2,True
463075.8419,495757.4924,2,8.667161307754595,4.485105789076763,entrainement spatial,2,False,2,False,2,False,2,False,2,False,2,False
594313.3363,294779.079,3,9.848451715631391,2.666645519905815,test spatial,2,True,3,False,3,False,2,True,3,False,3,False
598585.3939,316198.2059,4,9.887024346623745,2.8603759511952047,test spatial,3,True,3,True,3,True,4,False,3,True,3,True
487514.979,484405.8408,3,8.887473524456851,4.382477398735153,entrainement spatial,3,False,3,False,3,False,3,False,3,False,3,False
591512.0448,274507.1154,2,9.823135100954286,2.4832786816207406,test spatial,2,False,3,True,3,True,2,False,3,True,3,True
598599.3202,308223.43,3,9.88709489901607,2.7882360196215976,test spatial,3,False,3,False,3,False,3,False,3,False,3,False
550233.7857,430995.1863,5,9.452474038455325,3.899166229866762,test spatial,5,False,5,False,5,False,4,True,5,False,5,False
487623.9002,484200.8126,3,8.888455495927683,4.380622703783636,entrainement spatial,3,False,3,False,3,False,3,False,3,False,3,False
607516.4842,339537.6992,3,9.967558136306266,3.0714344396427276,test spatial,3,False,3,False,3,False,3,False,3,False,3,False
580521.2601,385574.651,3,9.724938951147715,3.4880911708911415,test spatial,4,True,3,False,3,False,3,False,4,True,4,True
458030.7345,496008.7588,2,8.621683577201251,4.487356735306498,entrainement spatial,2,False,2,False,2,False,2,False,2,False,2,False
563519.7045,418147.3496,5,9.572064155212468,3.7828658110936764,test spatial,5,False,5,False,5,False,5,False,5,False,5,False
571168.7861,404920.8847,4,9.640863207208909,3.66316610928654,test spatial,2,True,3,True,4,False,3,True,4,False,3,True
518863.2868,443311.9213,2,9.169932736682732,4.010698598494846,entrainement spatial,2,False,2,False,2,False,1,True,2,False,2,False
407960.5325,502550.3839,3,8.170300274747662,4.546157372537233,entrainement spatial,3,False,3,False,3,False,3,False,3,False,3,False
606842.4498,335166.4859,4,9.961457827347239,3.031898932622814,test spatial,3,True,4,False,3,True,3,True,4,False,3,True
497705.0485,452764.7345,3,8.97932338411139,4.096234306438457,entrainement spatial,3,False,3,False,2,True,1,True,1,True,3,False
527883.6763,436517.2943,2,9.251175196910973,3.9492080688878164,entrainement spatial,2,False,2,False,2,False,2,False,2,False,2,False
605129.66,348687.3693,4,9.946154550607123,3.1542198838546014,test spatial,3,True,3,True,3,True,2,True,4,False,2,True
600105.5783,320689.1085,4,9.900733036363933,2.900989764602184,test spatial,3,True,3,True,3,True,4,False,4,False,3,True
491236.8147,476704.3305,3,8.921025352908673,4.3128078066433035,entrainement spatial,3,False,3,False,3,False,3,False,3,False,3,False
571075.3482,394911.6093,1,9.639958323611951,3.5726189663607504,test spatial,4,True,1,False,1,False,4,True,4,True,4,True
551283.3564,431737.5691,5,9.461931368884155,3.9058771154625527,test spatial,5,False,5,False,5,False,4,True,5,False,5,False
592124.3325,269777.6227,2,9.828615710404646,2.440491315556911,test spatial,3,True,3,True,3,True,2,False,3,True,3,True
594610.469,371088.0743,3,9.851660685932167,3.3569391343869626,test spatial,4,True,3,False,4,True,4,True,4,True,4,True
510472.8586,445455.3596,4,9.094348637116465,4.03010221784684,entrainement spatial,4,False,4,False,4,False,4,False,2,True,4,False
600057.1504,363540.3219,2,9.900624532382194,3.288618925033081,test spatial,5,True,3,True,4,True,3,True,4,True,4,True
501800.0916,449776.4836,1,9.016217579216669,4.069200143311573,entrainement spatial,1,False,1,False,1,False,1,False,4,True,1,False
546071.7746,429672.8325,4,9.414980121277074,3.887222732445792,test spatial,4,False,5,True,5,True,5,True,5,True,4,False
392539.8268,502278.082,3,8.031304399444698,4.543520753294157,entrainement spatial,3,False,3,False,3,False,3,False,3,False,4,True
580834.0652,385289.8013,3,9.72775302513297,3.4855121686376807,test spatial,4,True,3,False,4,True,3,False,4,True,4,True
574444.941,390053.1887,1,9.670264882779998,3.5286463120254346,test spatial,2,True,1,False,1,False,4,True,4,True,2,True
536674.9857,433459.0538,5,9.330355327097847,3.9215131809148356,entrainement spatial,5,False,5,False,5,False,5,False,5,False,5,False
595623.2387,369851.3286,3,9.860766928723706,3.3457435457338622,test spatial,4,True,5,True,4,True,4,True,4,True,4,True
464525.5396,495823.8563,2,8.680228651548639,4.485711998657982,entrainement spatial,2,False,2,False,3,True,2,False,2,False,2,False
501475.0806,449862.3724,2,9.013289467889216,4.06997722063496,entrainement spatial,2,False,2,False,3,True,2,False,4,True,3,True
492516.6993,470906.8696,3,8.93256438336142,4.2603604509531925,entrainement spatial,3,False,3,False,3,False,3,False,3,False,3,False
605409.5839,348037.7156,3,9.948668278797545,3.148340948358155,test spatial,3,False,3,False,3,False,4,True,4,True,3,False
608240.1012,342199.8269,3,9.974091359469762,3.0955093972682395,test spatial,3,False,5,True,3,False,4,True,4,True,3,False
506810.424,447854.124,4,9.061355881474356,4.051806661206018,entrainement spatial,4,False,4,False,4,False,3,True,4,False,3,True
541913.1673,430523.0214,5,9.377526493476303,3.8949317734881084,entrainement spatial,5,False,5,False,5,False,5,False,5,False,5,False
517068.1411,443032.2596,2,9.153760467107686,4.008171753396011,entrainement spatial,1,True,2,False,1,True,1,True,1,True,2,False
540328.809,431170.3443,4,9.36325833663695,3.900794210648752,entrainement spatial,4,False,4,False,4,False,4,False,5,True,4,False
571516.9633,392625.8885,3,9.64392006064653,3.5519386602841303,test spatial,5,True,5,True,4,True,3,False,4,True,5,True
582670.0009,383637.3288,3,9.744269390726886,3.4705505823314384,test spatial,4,True,3,False,4,True,3,False,4,True,4,True
549327.0907,430764.863,5,9.44430617911719,3.897086947697264,test spatial,5,False,5,False,5,False,4,True,5,False,5,False
490971.6351,479542.8528,3,8.91863279104333,4.338487062781975,entrainement spatial,3,False,3,False,3,False,3,False,3,False,3,False
579119.2342,386635.1934,2,9.712324301763342,3.4976948055273995,test spatial,4,True,2,False,3,True,2,False,4,True,4,True
594483.75,296002.3301,3,9.849992271174987,2.6777101257172444,test spatial,2,True,3,False,3,False,4,True,4,True,3,False
595951.3982,298843.2114,4,9.863212564342128,2.703399691285738,test spatial,2,True,3,True,3,True,2,True,4,False,3,True
561582.3512,420861.4831,5,9.554632399020335,3.8074305592428175,test spatial,5,False,5,False,5,False,5,False,5,False,5,False
462633.3619,495807.509,2,8.663172580115107,4.485556439939067,entrainement spatial,2,False,2,False,2,False,2,False,2,False,2,False
473740.3219,501843.0435,1,8.763273682603995,4.54019728208236,entrainement spatial,1,False,1,False,1,False,1,False,1,False,1,False
571078.1834,395138.4264,2,9.63998527239654,3.574670825040686,test spatial,5,True,3,True,4,True,4,True,5,True,4,True
402496.5742,502556.2828,3,8.121048571739465,4.546152313886403,entrainement spatial,3,False,3,False,3,False,3,False,3,False,3,False
594114.7104,293240.6331,3,9.84665549940987,2.652729784692748,test spatial,2,True,3,False,3,False,2,True,4,True,3,False
603556.6525,353172.2352,3,9.932035299329385,3.194802052560059,test spatial,3,False,3,False,3,False,4,True,4,True,3,False
391991.3096,502273.9423,4,8.026360343343407,4.543476645266961,entrainement spatial,3,True,4,False,3,True,4,False,3,True,4,False
514571.3242,443252.4028,2,9.131267943121706,4.010167282215281,entrainement spatial,1,True,2,False,1,True,2,False,1,True,2,False
487062.5466,488761.4801,2,8.883389661084996,4.4218811949400685,entrainement spatial,2,False,2,False,2,False,2,False,3,True,2,False
541740.2348,430639.6051,5,9.375969321013507,3.895987169837134,entrainement spatial,5,False,5,False,5,False,5,False,5,False,5,False
498701.483,455094.8952,2,8.98830056226101,4.117315097023563,entrainement spatial,2,False,2,False,1,True,2,False,1,True,2,False
390834.2488,502228.405,4,8.015931660760025,4.543050576619172,entrainement spatial,3,True,4,False,3,True,4,False,3,True,4,False
604911.4624,332401.242,2,9.94406119081637,3.0069003840669017,test spatial,1,True,2,False,2,False,2,False,2,False,3,True
593086.2439,287873.8026,2,9.83737172919265,2.6041869600004937,test spatial,2,False,1,True,3,True,2,False,3,True,3,True
512525.9395,443433.2035,3,9.112842041024482,4.011805716015241,entrainement spatial,3,False,3,False,3,False,3,False,4,True,3,False
599840.8553,362578.9745,2,9.898670024152072,3.279924439697059,test spatial,4,True,5,True,4,True,2,False,5,True,4,True
466562.8134,496318.7614,1,8.69859088643048,4.490197036616663,entrainement spatial,2,True,1,False,2,True,2,True,2,True,2,True
456421.7319,495966.5985,2,8.607180248053991,4.486967666436799,entrainement spatial,2,False,2,False,2,False,2,False,2,False,2,False
604699.3021,349928.9054,2,9.942291862887563,3.1654541089141195,test spatial,3,True,3,True,3,True,4,True,3,True,3,True
399971.5405,502533.1248,3,8.098288619372253,4.545914701259966,entrainement spatial,3,False,3,False,3,False,3,False,3,False,3,False
561634.4785,420762.1931,4,9.555101285812588,3.8065320304098442,test spatial,4,False,1,True,5,True,2,True,5,True,4,False
498640.5088,465196.1711,3,8.987749781545727,4.208699662113707,entrainement spatial,3,False,3,False,3,False,5,True,4,True,3,False
599389.1605,309517.2249,3,9.89420934250581,2.799934270398758,test spatial,3,False,5,True,4,True,4,True,3,False,3,False
498481.3071,465988.6806,1,8.986315108125439,4.2158693315936535,entrainement spatial,1,False,1,False,1,False,1,False,1,False,1,False
596161.8356,369112.1903,3,9.865608957453476,3.3390530420542026,test spatial,4,True,4,True,3,False,3,False,4,True,4,True
497429.7219,467233.5299,3,8.976838975028528,4.227131035085979,entrainement spatial,3,False,3,False,3,False,4,True,4,True,4,True
597218.9723,302306.9203,3,9.874637785012371,2.7347243660780847,test spatial,2,True,3,False,3,False,4,True,4,True,3,False
515445.8928,443825.4229,3,9.139147486615576,4.015349998763059,entrainement spatial,3,False,3,False,3,False,2,True,4,True,5,True
594182.3872,293431.5784,3,9.84726545084773,2.654456680514946,test spatial,2,True,3,False,3,False,2,True,4,True,3,False
544887.8114,429747.8273,5,9.404316369965319,3.8879063772648284,entrainement spatial,5,False,5,False,5,False,5,False,5,False,5,False
504040.2349,449103.0546,1,9.03639944433489,4.06310706840114,entrainement spatial,2,True,1,False,2,True,2,True,4,True,2,True
603091.9051,331086.5234,4,9.927679066223673,2.995021713500555,test spatial,3,True,4,False,3,True,3,True,3,True,4,False
551929.2091,432559.8133,5,9.467752836131575,3.9133123908644323,test spatial,5,False,5,False,5,False,5,False,5,False,5,False
591752.9737,279329.9738,1,9.825329376713311,2.5269058418659793,test spatial,2,True,3,True,3,True,4,True,3,True,3,True
599088.2276,318135.7731,3,9.891561815443302,2.877899628694936,test spatial,3,False,5,True,3,False,2,True,4,True,4,True
527048.9877,435968.5211,1,9.243654950349418,3.9442456727734285,entrainement spatial,1,False,1,False,1,False,1,False,2,True,1,False
570469.1018,406288.4858,4,9.634571655892973,3.6755424539578865,test spatial,3,True,3,True,4,False,2,True,4,False,4,False
518162.0923,443005.1746,4,9.163615387259513,4.00792480397209,entrainement spatial,2,True,4,False,3,True,2,True,4,False,3,True
524617.0348,438000.3038,3,9.221753128072013,3.962632978713371,entrainement spatial,2,True,3,False,2,True,1,True,2,True,1,True
593836.2855,292082.4191,3,9.844143882690089,2.642254148808559,test spatial,2,True,1,True,3,False,2,True,3,False,3,False
492599.2926,471705.272,3,8.933308048240693,4.267583506989888,entrainement spatial,3,False,3,False,3,False,5,True,3,False,3,False
590594.2064,375469.4699,3,9.815542843836205,3.3966045254642547,test spatial,4,True,4,True,4,True,4,True,4,True,4,True
567033.8486,412481.4918,4,9.603676468792914,3.731588571620803,test spatial,5,True,5,True,5,True,5,True,5,True,5,True
592974.581,287474.711,3,9.836364940832306,2.6005773855132026,test spatial,2,True,2,True,3,False,2,True,3,False,3,False
608393.96,341254.114,4,9.97546804107853,3.0869534553487883,test spatial,3,True,2,True,4,False,2,True,4,False,3,True
523114.0619,441107.9545,2,9.208221290047252,3.9907508504248788,entrainement spatial,2,False,2,False,2,False,1,True,1,True,2,False
533720.2769,436315.0247,4,9.303749974164623,3.9473605744528544,entrainement spatial,4,False,4,False,4,False,4,False,4,False,4,False
462334.7424,495814.0481,2,8.660480792093384,4.485614349523584,entrainement spatial,2,False,2,False,2,False,2,False,2,False,2,False
590325.1534,375820.3149,2,9.813123609107427,3.3997803461053446,test spatial,2,False,1,True,2,False,4,True,4,True,1,True
568919.7953,409214.3597,4,9.62063912768644,3.7020209315666395,test spatial,3,True,5,True,5,True,5,True,5,True,4,False
549137.3173,430683.7633,5,9.44259647538887,3.8963541724360597,test spatial,5,False,5,False,5,False,4,True,5,False,5,False
597771.9882,305278.1548,4,9.879632317220453,2.7615985928686873,test spatial,3,True,3,True,3,True,4,False,3,True,3,True
599268.0937,365126.3311,2,9.89353553643911,3.3029722265005237,test spatial,4,True,2,False,4,True,2,False,4,True,4,True
602332.1587,329701.6013,4,9.92083259321122,2.982499652934475,test spatial,3,True,3,True,3,True,2,True,4,False,3,True
591656.7293,283985.1884,4,9.824490494528314,2.5690183558535535,test spatial,2,True,3,True,3,True,4,False,3,True,3,True
598877.2153,311776.6317,3,9.889619194191598,2.820376380493204,test spatial,3,False,3,False,3,False,2,True,3,False,3,False
488096.9812,483169.5724,3,8.892720648616757,4.37129393634224,entrainement spatial,3,False,3,False,3,False,3,False,3,False,3,False
550345.7033,431326.0732,5,9.453483704564212,3.902159089622371,test spatial,5,False,5,False,5,False,4,True,5,False,5,False
569682.9107,427318.7027,5,9.627628745119367,3.8657946919090165,test spatial,4,True,4,True,4,True,4,True,5,False,4,True
499172.5454,452095.2143,1,8.992545013397203,4.090177489931014,entrainement spatial,2,True,1,False,1,False,1,False,1,False,1,False
598652.5292,316883.5454,4,9.887633121599675,2.866575058849485,test spatial,3,True,3,True,3,True,4,False,3,True,3,True
600525.203,324044.8851,3,9.9045326837065,2.9313429038767915,test spatial,2,True,2,True,3,False,4,True,4,True,2,True
410088.6496,502430.947,3,8.189484311826302,4.545098808244633,entrainement spatial,3,False,3,False,3,False,3,False,3,False,3,False
468903.1117,497168.6382,3,8.71968366348988,4.497893986381064,entrainement spatial,3,False,3,False,3,False,3,False,5,True,3,False
607350.0136,340327.2509,4,9.96606661065159,3.0785778946055484,test spatial,3,True,2,True,3,True,2,True,4,False,2,True
599848.7865,318819.3876,3,9.898409346775093,2.8840781850583195,test spatial,3,False,3,False,3,False,4,True,3,False,3,False
598555.2674,315381.684,4,9.886747637920857,2.8529899068347957,test spatial,3,True,3,True,3,True,2,True,3,True,3,True
496397.4344,468591.345,4,8.967536421478295,4.239414605942514,entrainement spatial,3,True,4,False,4,False,3,True,4,False,4,False
500246.2969,450768.0373,1,9.002218989178893,4.078170746559467,entrainement spatial,1,False,1,False,1,False,1,False,4,True,1,False
601235.7065,327083.0145,4,9.910947632316772,2.958820380216508,test spatial,3,True,3,True,3,True,2,True,3,True,3,True
503848.4155,449125.3099,3,9.034671306212353,4.0633084851539385,entrainement spatial,2,True,3,False,3,False,3,False,4,True,3,False
489211.6929,481966.5827,2,8.902768696085431,4.360412132055285,entrainement spatial,2,False,2,False,3,True,2,False,2,False,2,False
599012.6437,317989.186,4,9.89088076340162,2.876574138173344,test spatial,3,True,3,True,3,True,2,True,3,True,3,True
604510.6906,350476.162,3,9.940598985194782,3.1704060357709665,test spatial,3,False,3,False,3,False,3,False,3,False,3,False
452421.8392,495863.8196,3,8.571125929786236,4.486017577561995,entrainement spatial,3,False,3,False,3,False,3,False,3,False,3,False
453193.0623,495825.8439,3,8.578077877063018,4.485678081668777,entrainement spatial,3,False,3,False,3,False,3,False,3,False,3,False
598716.1721,312249.1265,4,9.888173616742192,2.8246516802182398,test spatial,3,True,5,True,3,True,4,False,3,True,3,True
594533.4833,296148.1,3,9.850440557035324,2.6790284646537588,test spatial,2,True,3,False,3,False,2,True,4,True,3,False
598306.0309,307737.4689,2,9.88445311593968,2.7838420041194456,test spatial,3,True,2,False,3,True,2,False,3,True,3,True
424105.4769,507136.7448,3,8.315793555310869,4.5877989400096,entrainement spatial,3,False,3,False,3,False,3,False,3,False,3,False
456113.4599,495980.9367,2,8.60440142190525,4.487095876430066,entrainement spatial,2,False,2,False,2,False,2,False,2,False,2,False
592121.424,284816.7336,3,9.828675180101849,2.576537943326045,test spatial,2,True,2,True,3,False,2,True,4,True,3,False
601697.4695,328991.942,3,9.915116553764424,2.976084927723104,test spatial,3,False,3,False,3,False,4,True,3,False,3,False
588866.3033,377356.8552,4,9.80000311879719,3.413691068816013,test spatial,4,False,3,True,4,False,4,False,4,False,4,False
501369.6716,449918.981,2,9.012339812665136,4.070489365613188,entrainement spatial,1,True,2,False,1,True,1,True,4,True,1,True
416436.8824,501590.7416,3,8.246715567517073,4.537560451869913,entrainement spatial,3,False,3,False,3,False,2,True,3,False,3,False
486968.1058,489353.8811,2,8.882537585844302,4.427240366422086,entrainement spatial,3,True,2,False,3,True,3,True,3,True,2,False
491091.9812,479228.9066,3,8.919717696967023,4.335646975131981,entrainement spatial,3,False,3,False,3,False,3,False,3,False,3,False
516928.8397,443060.8342,2,9.15250560406433,4.008430498593707,entrainement spatial,2,False,2,False,2,False,1,True,2,False,2,False
591688.4656,281731.4334,2,9.82476292697539,2.548630276959809,test spatial,2,False,3,True,3,True,4,True,3,True,3,True
492686.1215,471408.7831,4,8.934090740759228,4.264901297394821,entrainement spatial,3,True,4,False,3,True,5,True,3,True,3,True
598828.5985,311914.8858,3,9.889182764096821,2.821627362591601,test spatial,3,False,3,False,3,False,4,True,3,False,3,False
599349.0505,310332.255,4,9.893854095874358,2.80730729951734,test spatial,3,True,5,True,3,True,2,True,3,True,3,True
420230.9085,503674.4035,2,8.28089647826296,4.55644419984014,entrainement spatial,3,True,2,False,3,True,2,False,4,True,3,True
603254.4727,353978.332,3,9.929322413762371,3.2020963442270247,test spatial,3,False,3,False,3,False,3,False,3,False,3,False
574273.7846,390197.3204,1,9.668724879617674,3.529951291282596,test spatial,2,True,1,False,1,False,2,True,1,False,2,True
596937.3267,368324.9168,2,9.872582784288591,3.331925207138799,test spatial,4,True,2,False,3,True,2,False,4,True,4,True
598986.6032,311497.085,3,9.890601377476568,2.8178468463429547,test spatial,3,False,2,True,3,False,2,True,3,False,3,False
486908.1201,486722.7756,3,8.882000668194875,4.403437311039645,entrainement spatial,3,False,3,False,3,False,3,False,3,False,3,False
602267.4615,329669.2528,4,9.920250224868164,2.982207521143246,test spatial,3,True,3,True,3,True,2,True,3,True,3,True
402560.8782,502556.2828,3,8.1216281986147,4.546153020982064,entrainement spatial,3,False,3,False,3,False,3,False,3,False,3,False
599001.7959,311468.2188,2,9.890737859505522,2.8175856178471523,test spatial,3,True,2,False,3,True,2,False,3,True,3,True
473843.3947,501775.5131,1,8.764203058507727,4.539586661385981,entrainement spatial,2,True,1,False,2,True,2,True,2,True,1,False
602484.6283,329940.1088,5,9.922206264451374,2.984656010738201,test spatial,3,True,3,True,3,True,4,True,3,True,3,True
512171.2472,443699.2227,1,9.109647060504681,4.014212788248352,entrainement spatial,1,False,1,False,1,False,1,False,1,False,2,True
572551.6418,391433.2635,3,9.653228057566869,3.54114316379228,test spatial,4,True,4,True,4,True,4,True,4,True,4,True
513352.8634,443493.6487,4,9.120291593865197,4.012351489781348,entrainement spatial,1,True,4,False,1,True,4,False,1,True,2,True
549959.6686,431142.7878,5,9.450005727378752,3.9005028515472695,test spatial,5,False,5,False,5,False,4,True,5,False,5,False
523459.2738,442482.4496,5,9.211334274780343,4.003184851130953,entrainement spatial,5,False,5,False,4,True,5,False,5,False,5,False
498558.0754,455683.526,1,8.98700839554486,4.12264032828327,entrainement spatial,3,True,1,False,2,True,1,False,1,False,1,False
599277.6195,310524.7818,3,9.893212799024077,2.80904938839911,test spatial,3,False,3,False,4,True,2,True,3,False,3,False
598852.6404,308919.8526,3,9.88937856470984,2.7945341309234335,test spatial,3,False,2,True,3,False,3,False,3,False,3,False
494435.8617,469892.8587,3,8.949859465650572,4.251188210521354,entrainement spatial,3,False,3,False,3,False,3,False,2,True,3,False
594876.5085,296912.5675,2,9.853531039569209,2.6859417603889155,test spatial,2,False,3,True,3,True,2,False,3,True,3,True
476494.8524,501808.9347,2,8.788105252700792,4.539896433213507,entrainement spatial,2,False,2,False,2,False,2,False,2,False,2,False
567649.9725,411435.0101,5,9.60921827769495,3.7221178241362,test spatial,2,True,5,False,5,False,5,False,5,False,5,False
511698.3241,443793.3694,3,9.105386754455218,4.015065081639573,entrainement spatial,3,False,3,False,2,True,4,True,1,True,3,False
406014.612,502580.8502,3,8.152759523914536,4.546412544099273,entrainement spatial,3,False,3,False,3,False,3,False,3,False,3,False
497674.663,452773.5969,3,8.979049620561181,4.096314476104563,entrainement spatial,3,False,3,False,2,True,1,True,1,True,4,True
591554.4116,374391.5037,3,9.824177899803033,3.386845821128863,test spatial,4,True,2,True,4,True,2,True,4,True,4,True
491427.2107,477774.3083,3,8.922740239523266,4.3224878482343465,entrainement spatial,3,False,3,False,3,False,3,False,3,False,3,False
608121.2961,340823.384,3,9.973010956947535,3.083059443612804,test spatial,3,False,2,True,4,True,2,True,4,True,3,False
542340.6408,430404.4946,5,9.38137635628996,3.8938577582003098,entrainement spatial,5,False,5,False,5,False,5,False,5,False,5,False
607617.7649,340432.8429,3,9.968476795421193,3.0795308573414077,test spatial,3,False,2,True,3,False,2,True,3,False,2,True
508323.9691,446980.3228,4,9.074990846299693,4.0439003588155416,entrainement spatial,4,False,4,False,4,False,4,False,4,False,4,False
525489.901,438100.1118,2,9.229616216048507,3.963533772877395,entrainement spatial,2,False,2,False,2,False,2,False,2,False,2,False
604164.7561,351559.7509,3,9.937494685406188,3.18021081808388,test spatial,3,False,3,False,3,False,4,True,4,True,2,True
497449.3037,452874.882,3,8.977019195120137,4.097230731305875,entrainement spatial,2,True,3,False,1,True,1,True,1,True,3,False
597102.9549,302176.4007,3,9.87359325339001,2.733544443460105,test spatial,2,True,1,True,3,False,4,True,4,True,2,True
494164.3331,470051.1431,4,8.947412523347884,4.252620016244604,entrainement spatial,3,True,4,False,3,True,4,False,2,True,3,True
503237.9084,449385.3866,1,9.029171185141475,4.065661579676341,entrainement spatial,1,False,1,False,1,False,1,False,4,True,1,False
388451.1629,501988.0006,2,7.994454692977317,4.540846388691023,entrainement spatial,2,False,2,False,2,False,2,False,3,True,3,True
583512.885,382857.5483,3,9.75185177946846,3.4634905072817515,test spatial,4,True,3,False,4,True,1,True,4,True,4,True
526299.6126,436404.3115,1,9.236905800528637,3.948190139435911,entrainement spatial,1,False,1,False,1,False,1,False,1,False,1,False
601666.1062,328971.0332,2,9.914834201861874,2.975896023892343,test spatial,3,True,3,True,3,True,2,False,3,True,3,True
582708.3138,383605.7769,3,9.744614074687236,3.4702648845459723,test spatial,4,True,3,False,4,True,3,False,4,True,4,True
591584.0778,274287.6031,3,9.823781750868356,2.481292523230437,test spatial,2,True,3,False,3,False,4,True,3,False,3,False
498616.5247,457285.7179,1,8.987534792030285,4.137135114165203,entrainement spatial,1,False,1,False,1,False,1,False,1,False,1,False
550040.7683,431173.6057,5,9.450736356531834,3.900781256809415,test spatial,5,False,5,False,5,False,4,True,5,False,5,False
460541.4831,495983.5781,2,8.644315598361308,4.48714031916599,entrainement spatial,2,False,2,False,2,False,2,False,2,False,2,False
571547.3735,404064.7996,4,9.644266647179567,3.655419194446758,test spatial,2,True,1,True,4,False,4,False,4,False,2,True
605653.7039,347532.5564,3,9.950860972956043,3.14376937579715,test spatial,3,False,3,False,3,False,4,True,3,False,3,False
561737.6948,420665.909,5,9.556030299164858,3.805660396694322,test spatial,5,False,5,False,5,False,4,True,5,False,5,False
598857.1549,365970.9794,2,9.88984369136326,3.3106161750597676,test spatial,3,True,2,False,3,True,2,False,4,True,4,True
592300.3764,373497.1245,3,9.830885753340208,3.3787494730868084,test spatial,4,True,2,True,4,True,2,True,4,True,4,True
597966.697,367185.6398,3,9.881838781773485,3.3216111017261554,test spatial,1,True,2,True,2,True,2,True,4,True,4,True
608390.0084,341287.703,4,9.975432760115947,3.0872573251614566,test spatial,3,True,2,True,4,False,2,True,4,False,2,True
504782.2288,448840.8727,3,9.043084118186297,4.060734816783529,entrainement spatial,4,True,3,False,4,True,2,True,4,True,4,True
503348.2014,449242.945,1,9.030164796372485,4.064372894414708,entrainement spatial,1,False,1,False,1,False,1,False,1,False,2,True
599118.0031,318380.8484,4,9.891831427284597,2.8801163647719843,test spatial,3,True,4,False,3,True,4,False,4,False,4,False
591375.5161,275045.6066,3,9.821910147270772,2.4881507520606028,test spatial,2,True,3,False,3,False,4,True,3,False,3,False
450243.9348,498190.5448,3,8.551481617812016,4.507054442593364,entrainement spatial,3,False,3,False,3,False,3,False,3,False,3,False
454332.8764,495898.354,2,8.58835171960412,4.48633991238788,entrainement spatial,2,False,2,False,2,False,2,False,2,False,2,False
607597.0236,340410.2161,3,9.96828997281398,3.079326351316632,test spatial,3,False,2,True,3,False,2,True,3,False,2,True
490360.2036,481342.6018,3,8.913120467690831,4.354768384148372,entrainement spatial,3,False,3,False,3,False,2,True,3,False,3,False
583929.8197,382467.658,1,9.755602354651838,3.459960487720979,test spatial,2,True,1,False,2,True,3,True,2,True,2,True
461441.0635,495899.0565,3,8.652424797254193,4.486379594370788,entrainement spatial,3,False,3,False,2,True,3,False,2,True,3,False
595058.7902,297013.8351,4,9.855171402523014,2.6868566848901483,test spatial,2,True,4,False,3,True,4,False,4,False,3,True
498985.9535,459664.2033,1,8.99086312380122,4.15865293237934,entrainement spatial,1,False,1,False,1,False,1,False,1,False,1,False
598165.0652,366909.5327,3,9.883622013196323,3.319111855416043,test spatial,3,False,2,True,3,False,2,True,4,True,4,True
602987.1197,331051.5517,2,9.92673596524372,2.994706165433688,test spatial,3,True,2,False,2,False,4,True,2,False,2,False
498532.5633,454859.7325,2,8.98677865695809,4.115187592579355,entrainement spatial,2,False,2,False,1,True,2,False,1,True,2,False
559813.3147,422740.7225,5,9.538710904024487,3.824441254555348,test spatial,2,True,1,True,1,True,3,True,5,False,5,False
590951.9574,277328.6864,2,9.818113339707129,2.508806358130386,test spatial,2,False,1,True,3,True,3,True,3,True,3,True
599300.8211,310470.2325,3,9.8934211545487,2.808555775687479,test spatial,3,False,3,False,4,True,2,True,3,False,3,False
598294.9883,366681.3789,4,9.884789572231387,3.317046943435505,test spatial,4,False,2,True,3,True,4,False,4,False,4,False
599153.6208,365431.1876,3,9.892507686904816,3.305730859997106,test spatial,4,True,3,False,4,True,4,True,4,True,5,True
489522.7667,481770.8207,2,8.905572515751368,4.358641474882208,entrainement spatial,3,True,2,False,3,True,3,True,3,True,2,False
518745.826,443137.4988,4,9.16887425276824,4.00912084756201,entrainement spatial,2,True,4,False,2,True,1,True,1,True,2,True
507111.4156,447693.4461,4,9.064067433432813,4.050352821016165,entrainement spatial,4,False,4,False,4,False,4,False,4,False,4,False
598571.4899,308191.318,4,9.886844313364998,2.787945723818087,test spatial,3,True,3,True,3,True,3,True,3,True,3,True
560713.5634,421762.5403,4,9.546813179641104,3.8155869875087447,test spatial,4,False,4,False,2,True,3,True,5,True,5,True
598840.3738,365937.4172,2,9.88969238088501,3.3103127104733674,test spatial,3,True,2,False,4,True,2,False,4,True,4,True
506876.8835,447814.5039,3,9.061954595134628,4.051448178196756,entrainement spatial,3,False,3,False,4,True,3,False,4,True,3,False
497973.9678,466829.2938,3,8.981743312887449,4.223474115003761,entrainement spatial,3,False,3,False,3,False,4,True,4,True,3,False
451555.3879,496112.293,1,8.563314471564286,4.488260759507881,entrainement spatial,1,False,1,False,1,False,1,False,2,True,1,False
569288.3892,427522.1574,5,9.624076808110885,3.8676378448719286,test spatial,5,False,5,False,5,False,5,False,5,False,5,False
591929.2582,271266.6019,3,9.826869483196743,2.4539620042949584,test spatial,3,False,2,True,3,False,4,True,3,False,3,False
600998.8716,359242.4798,3,9.909065342652697,3.2497334777656133,test spatial,3,False,2,True,3,False,2,True,4,True,3,False
590557.9723,375484.5674,3,9.81521679576174,3.3967413749340993,test spatial,4,True,5,True,4,True,4,True,4,True,4,True
594306.2233,294907.1125,3,9.848388524779505,2.667803770454319,test spatial,2,True,2,True,3,False,2,True,3,False,3,False
451930.179,496122.8664,3,8.566692761480882,4.4883584261693885,entrainement spatial,3,False,3,False,3,False,3,False,3,False,3,False
594216.2256,294093.8445,3,9.847573925194542,2.6604474106842466,test spatial,2,True,3,False,3,False,4,True,4,True,3,False
583546.6905,382832.7576,3,9.752155929767552,3.463266003220776,test spatial,4,True,3,False,4,True,1,True,4,True,4,True
583769.8069,382638.9393,3,9.754163102719998,3.4615110825708535,test spatial,4,True,2,True,3,False,3,False,4,True,4,True
599067.9977,309333.1646,3,9.891318801976967,2.7982714733297445,test spatial,3,False,2,True,3,False,2,True,3,False,3,False
499135.7937,464544.1274,2,8.992212795202066,4.2028007943795656,entrainement spatial,1,True,2,False,2,False,1,True,1,True,2,False
522928.9345,438116.6182,2,9.206546853308344,3.9636891988481615,entrainement spatial,1,True,2,False,1,True,2,False,1,True,1,True
601971.472,329232.5469,2,9.91758373174503,2.9782593574503933,test spatial,3,True,3,True,3,True,2,False,3,True,3,True
467030.5592,501072.8696,3,8.702789710198301,4.53320742037738,entrainement spatial,2,True,3,False,2,True,2,True,2,True,2,True
575832.4798,388993.2929,3,9.682750004346005,3.5190490291203904,test spatial,4,True,4,True,4,True,4,True,4,True,4,True
498455.0651,465514.5745,1,8.986078718599746,4.211580173444238,entrainement spatial,1,False,1,False,2,True,1,False,1,False,1,False
499324.5002,451930.8773,2,8.993914067691735,4.088690769062308,entrainement spatial,2,False,2,False,2,False,2,False,1,True,2,False
591806.6646,271726.3282,3,9.825769430290356,2.4581214656465993,test spatial,3,False,3,False,3,False,4,True,3,False,3,False
491457.0959,477618.4788,3,8.923009713205508,4.321078118969819,entrainement spatial,2,True,3,False,3,False,2,True,2,True,3,False
513537.1349,443076.1013,3,9.12195107327806,4.008573755042406,entrainement spatial,3,False,3,False,3,False,3,False,4,True,2,True
597905.1096,306652.8423,3,9.880839066442537,2.7740331597508767,test spatial,3,False,4,True,3,False,3,False,3,False,3,False
593077.9726,287915.1592,2,9.837297575814818,2.6045611278442706,test spatial,2,False,1,True,3,True,2,False,3,True,3,True
573908.9513,390463.0633,1,9.665441959900374,3.5323576618568397,test spatial,2,True,1,False,1,False,4,True,4,True,2,True
417960.0339,501658.9795,1,8.260444694793309,4.538191932352259,entrainement spatial,1,False,1,False,2,True,1,False,2,True,1,False
461979.4505,495818.4075,2,8.657278167863295,4.485652290613245,entrainement spatial,2,False,2,False,2,False,2,False,2,False,2,False
488754.4679,482346.0391,2,8.89864742844083,4.3638444432984445,entrainement spatial,3,True,2,False,3,True,3,True,3,True,2,False
568300.4987,410305.0314,5,9.6150692490643,3.7118914949720447,test spatial,3,True,5,False,5,False,5,False,5,False,5,False
608443.3557,341362.7844,3,9.975913420794722,3.0879360485497203,test spatial,3,False,4,True,4,True,4,True,4,True,3,False
512469.0136,443499.982,2,9.112329297629053,4.012409921984498,entrainement spatial,3,True,2,False,2,False,1,True,2,False,2,False
387889.5617,502873.5216,3,7.989381571412825,4.548849138724957,entrainement spatial,3,False,3,False,3,False,3,False,3,False,3,False
523168.5857,440971.6448,2,9.208712150154488,3.9895175571022263,entrainement spatial,1,True,2,False,2,False,1,True,2,False,1,True
572477.7717,401464.6672,5,9.652627343633043,3.6318913977175145,test spatial,2,True,1,True,4,True,4,True,4,True,4,True
564214.9704,417028.0755,5,9.578318864660279,3.772736181890727,test spatial,5,False,5,False,5,False,5,False,5,False,5,False
492527.2882,471895.8721,3,8.932659025996127,4.2693077720629695,entrainement spatial,3,False,3,False,3,False,3,False,3,False,3,False
494303.3145,469972.6443,4,8.948664985747136,4.2519099370275235,entrainement spatial,3,True,4,False,3,True,4,False,3,True,4,False
593356.8588,288613.2127,3,9.839810347255867,2.610874144620732,test spatial,2,True,3,False,3,False,4,True,3,False,3,False
597661.1622,306065.5616,3,9.878640560719152,2.7687222406760617,test spatial,3,False,3,False,3,False,3,False,3,False,3,False
595964.9796,298883.9556,3,9.863334998592343,2.703768179166934,test spatial,2,True,3,False,3,False,2,True,4,True,3,False
513422.2666,443183.2622,3,9.12091641097642,4.009543377527733,entrainement spatial,3,False,3,False,2,True,3,False,4,True,3,False
605064.6419,348894.808,2,9.945571144838715,3.1560968667691127,test spatial,3,True,3,True,3,True,2,False,4,True,2,False
593275.1122,288386.6579,3,9.839073673346359,2.6088251897808266,test spatial,2,True,1,True,3,False,2,True,3,False,3,False
490551.9794,474432.2832,3,8.914855840246402,4.29225239931085,entrainement spatial,3,False,3,False,3,False,2,True,3,False,3,False
500585.0263,450716.2438,2,9.005270737373046,4.0777021640707956,entrainement spatial,2,False,2,False,2,False,2,False,2,False,2,False
486724.0726,489892.9013,2,8.880337222670487,4.432116395787736,entrainement spatial,2,False,2,False,3,True,3,True,3,True,2,False
401430.8947,502548.2994,2,8.111442793965418,4.5460683126040236,entrainement spatial,3,True,2,False,3,True,3,True,3,True,3,True
597959.3201,306779.3335,3,9.881327599570207,2.7751770371023046,test spatial,3,False,3,False,3,False,4,True,3,False,3,False
560160.999,422286.2952,5,9.541839661598729,3.82032829843835,test spatial,2,True,5,False,5,False,5,False,5,False,2,True
473708.3338,501899.9112,1,8.762985149369793,4.540711650492703,entrainement spatial,1,False,1,False,2,True,1,False,2,True,1,False
523492.6999,440580.8903,1,9.21163098665315,3.9859817261904267,entrainement spatial,2,True,1,False,2,True,1,False,1,False,2,True
491284.8228,478683.6699,3,8.92145616339955,4.330714517912921,entrainement spatial,3,False,3,False,3,False,3,False,3,False,3,False
607372.7568,339815.5426,4,9.966267094488614,3.073948919382254,test spatial,3,True,4,False,3,True,3,True,3,True,3,True
598145.4711,307200.1287,4,9.883005069707071,2.7789823030170586,test spatial,3,True,3,True,3,True,3,True,3,True,3,True
406762.7554,502551.6826,2,8.159503549533504,4.546156602311871,entrainement spatial,3,True,2,False,3,True,3,True,3,True,3,True
589260.5094,376948.2621,3,9.803548584651773,3.409991924706051,test spatial,4,True,4,True,4,True,4,True,4,True,4,True
406705.9056,502565.3266,4,8.158990965505984,4.546279424526762,entrainement spatial,3,True,4,False,3,True,4,False,3,True,4,False
517845.5193,443013.5496,2,9.160763523846173,4.00800113785629,entrainement spatial,2,False,2,False,3,True,1,True,2,False,2,False
522937.0194,438296.3008,3,9.206620086391895,3.9653147367958375,entrainement spatial,2,True,3,False,2,True,2,True,2,True,3,False
591955.2385,284536.9065,3,9.827178736027046,2.5740075533145115,test spatial,2,True,3,False,3,False,2,True,3,False,3,False
599000.2767,311436.314,3,9.89072397273565,2.817297017732394,test spatial,3,False,5,True,3,False,2,True,3,False,3,False
487687.9715,484050.2451,3,8.889033163896482,4.379260640700422,entrainement spatial,3,False,3,False,3,False,3,False,3,False,3,False
527892.8994,436531.1289,2,9.251258315379228,3.949333202483766,entrainement spatial,2,False,2,False,2,False,2,False,2,False,2,False
603582.86,353061.5812,3,9.932270249285134,3.1938008807607274,test spatial,3,False,3,False,3,False,3,False,4,True,3,False
391504.8887,502276.0122,4,8.021975928417062,4.54348943165731,entrainement spatial,3,True,4,False,3,True,4,False,3,True,3,True
581686.2717,384572.5483,2,9.735420023860229,3.4790177493464016,test spatial,4,True,3,True,3,True,4,True,4,True,4,True
518526.4024,443062.9618,3,9.166897415197196,4.008446930588318,entrainement spatial,1,True,3,False,1,True,1,True,1,True,3,False
426426.63,508241.1786,3,8.336709088525927,4.597809532188224,entrainement spatial,3,False,3,False,3,False,3,False,3,False,3,False
536756.5208,433425.5027,5,9.331089638812324,3.92120936175646,entrainement spatial,5,False,5,False,5,False,5,False,5,False,5,False
597076.0222,302122.5355,4,9.873350618232745,2.733057353367782,test spatial,2,True,3,True,3,True,4,False,4,False,3,True
563405.6295,418304.5881,5,9.571037751281088,3.784288943006268,test spatial,5,False,3,True,5,False,2,True,5,False,5,False
552069.2181,432118.3725,5,9.469011719811522,3.9093181521012625,test spatial,5,False,5,False,5,False,5,False,5,False,5,False
604228.347,351455.4619,3,9.938066106736592,3.179266916874521,test spatial,3,False,3,False,3,False,4,True,4,True,3,False
392390.7957,502267.7327,3,8.029961219372192,4.543425332458763,entrainement spatial,3,False,3,False,3,False,3,False,3,False,4,True
497446.7716,452910.3317,2,8.976996372699737,4.0975514387372085,entrainement spatial,2,False,2,False,1,True,2,False,1,True,3,True
486914.106,486692.8463,3,8.882054662683064,4.403166556439966,entrainement spatial,3,False,3,False,3,False,3,False,3,False,3,False
569731.1066,407677.2867,5,9.62793510826092,3.6881108069653483,test spatial,3,True,3,True,4,True,4,True,5,False,4,True
498047.6658,453942.0636,2,8.9824099990264,4.106885498386198,entrainement spatial,2,False,2,False,1,True,2,False,1,True,1,True
570677.7936,393611.0007,1,9.636370822544023,3.5608556365190984,test spatial,4,True,1,False,2,True,4,True,4,True,4,True
534350.0335,435500.949,4,9.309420000116875,3.9399937355118295,entrainement spatial,4,False,4,False,5,True,4,False,5,True,4,False
507249.012,447610.6448,4,9.065306992167214,4.049603630424949,entrainement spatial,4,False,4,False,4,False,4,False,4,False,4,False
560346.1902,422075.3039,5,9.5435063337338,3.8184185081940485,test spatial,2,True,5,False,5,False,5,False,5,False,2,True
598464.6323,314834.0541,3,9.885928428505505,2.8480366779527237,test spatial,3,False,3,False,3,False,2,True,3,False,3,False
588008.7048,378334.4841,3,9.792290496099957,3.4225412364842245,test spatial,4,True,3,False,4,True,4,True,4,True,5,True
598913.0918,365901.0581,2,9.890346590952927,3.3099832192025507,test spatial,1,True,2,False,2,False,2,False,4,True,4,True
602914.7269,330506.4763,4,9.926080453037377,2.989776033915932,test spatial,3,True,3,True,3,True,2,True,3,True,3,True
504339.3586,448960.1574,1,9.039094258784951,4.061814171742341,entrainement spatial,1,False,1,False,1,False,1,False,1,False,1,False
591872.1457,284546.6821,3,9.826431388188317,2.5740964723519335,test spatial,2,True,3,False,3,False,2,True,4,True,3,False
517889.9065,443004.3371,3,9.16116337393607,4.00791771504779,entrainement spatial,3,False,3,False,3,False,1,True,2,True,3,False
408043.5046,502537.7577,3,8.171048313344672,4.546044019734201,entrainement spatial,3,False,3,False,3,False,3,False,3,False,3,False
600092.1102,362921.7695,3,9.900934164941539,3.283023283249563,test spatial,5,True,3,False,4,True,3,False,5,True,4,True
511491.2388,444251.1516,2,9.103521708082363,4.019206809044331,entrainement spatial,4,True,2,False,2,False,2,False,1,True,4,True
516812.7552,443067.085,2,9.151459854970176,4.008487243301992,entrainement spatial,1,True,2,False,2,False,1,True,1,True,1,True
592618.1409,285714.1335,3,9.833148348675314,2.5846530427983625,test spatial,2,True,3,False,3,False,3,False,3,False,3,False
584509.8301,381904.4407,2,9.76081969569624,3.4548613318132118,test spatial,4,True,4,True,3,True,4,True,4,True,4,True
594271.8173,294495.0714,3,9.84807647567038,2.6640766119325088,test spatial,2,True,3,False,3,False,4,True,4,True,3,False
421578.4985,501927.9269,3,8.29305952705695,4.54065753902196,entrainement spatial,3,False,3,False,3,False,3,False,3,False,3,False
561793.3783,420580.9184,5,9.556531293988641,3.8048912059735276,test spatial,5,False,5,False,5,False,4,True,5,False,5,False
591394.581,274880.9724,3,9.822080699410874,2.486661329899421,test spatial,2,True,3,False,3,False,4,True,3,False,3,False
446366.8942,497516.5128,2,8.51653746860369,4.500934443397769,entrainement spatial,2,False,2,False,1,True,1,True,2,False,2,False
603383.8139,331214.4665,4,9.930306570359893,2.9961768323150064,test spatial,3,True,3,True,3,True,2,True,3,True,3,True
591683.6395,279766.2016,2,9.824708242532632,2.530852441095865,test spatial,2,False,2,False,3,True,2,False,3,True,3,True
513812.1821,442843.3334,2,9.124428550261833,4.006467565117681,entrainement spatial,2,False,2,False,2,False,2,False,1,True,2,False
588780.0746,377463.3037,4,9.799227707186125,3.4146546614249385,test spatial,4,False,3,True,4,False,4,False,4,False,4,False
499813.125,461675.7,3,8.998316159070201,4.176850660031094,entrainement spatial,1,True,3,False,1,True,1,True,1,True,1,True
521536.1625,443477.2722,3,9.194012002201443,4.012189126241095,entrainement spatial,2,True,3,False,2,True,1,True,4,True,3,False
522959.5775,441525.971,1,9.20683058157158,3.9945329202125044,entrainement spatial,1,False,1,False,2,True,1,False,2,True,1,False
491380.2484,478083.8328,3,8.92231672062022,4.3252880077520315,entrainement spatial,3,False,3,False,3,False,3,False,3,False,3,False
572275.8646,391596.9935,1,9.650746204453474,3.542626081045297,test spatial,4,True,1,False,1,False,4,True,4,True,3,True
522809.8985,443059.314,2,9.205485666149848,4.008405126604233,entrainement spatial,3,True,2,False,5,True,2,False,4,True,2,False
492630.1304,470731.5603,5,8.933586701026229,4.2587745507040315,entrainement spatial,3,True,5,False,3,True,5,False,3,True,5,False
493253.5514,470429.7769,4,8.939204847591345,4.25604483920781,entrainement spatial,4,False,4,False,3,True,5,True,3,True,4,False
607022.3859,344869.2536,2,9.963155644657174,3.1196664471043953,test spatial,3,True,2,False,3,True,2,False,4,True,2,False
501400.404,450429.8277,1,9.012616762732412,4.075110917438968,entrainement spatial,1,False,1,False,1,False,1,False,1,False,1,False
576352.7416,388614.8985,1,9.687431394404138,3.51562249932903,test spatial,2,True,1,False,1,False,1,False,1,False,2,True
409051.7953,502523.4176,3,8.180137172696265,4.545924704418045,entrainement spatial,3,False,3,False,3,False,3,False,3,False,3,False
604399.2427,332086.1549,4,9.939449887128239,3.0040541520526487,test spatial,3,True,4,False,3,True,4,False,4,False,3,True
492396.5688,472166.9716,2,8.931480820078871,4.271760251567607,entrainement spatial,3,True,2,False,3,True,3,True,3,True,2,False
600166.1097,320189.5211,3,9.90127406643554,2.8964700838504913,test spatial,3,False,3,False,3,False,2,True,4,True,3,False
451578.2968,496182.782,3,8.563520592266915,4.48889856133443,entrainement spatial,3,False,3,False,3,False,2,True,5,True,3,False
570540.9754,394160.2776,1,9.635142393193387,3.5658254698331473,test spatial,4,True,1,False,4,True,4,True,4,True,4,True
404795.7523,502534.6571,3,8.141773315334277,4.54598168618063,entrainement spatial,3,False,3,False,3,False,3,False,3,False,3,False
508125.7321,447118.7074,4,9.073205037540841,4.045152467693626,entrainement spatial,4,False,4,False,4,False,4,False,4,False,4,False
407650.2892,502548.5801,3,8.167503770744249,4.546137828932702,entrainement spatial,3,False,3,False,3,False,3,False,3,False,3,False
600107.7239,363396.3821,3,9.901078543029287,3.287316448979874,test spatial,4,True,3,False,3,False,1,True,4,True,4,True
600778.0536,325722.1655,4,9.906819906274542,2.9465136229273052,test spatial,3,True,3,True,3,True,2,True,3,True,3,True
568827.6068,409361.8612,4,9.61980990904245,3.7033558723426254,test spatial,3,True,5,True,5,True,5,True,5,True,4,False
547144.3609,429878.5123,5,9.424641931439636,3.889078624808878,test spatial,5,False,5,False,5,False,5,False,5,False,5,False
595642.089,300408.4683,5,9.860440121542698,2.717561121183713,test spatial,2,True,3,True,3,True,4,True,4,True,3,True
501733.723,449706.211,2,9.015619631842558,4.068564409058944,entrainement spatial,1,True,2,False,1,True,1,True,4,True,1,True
596660.3242,368628.0261,3,9.87009194520953,3.3346693356027988,test spatial,2,True,2,True,3,False,4,True,4,True,4,True
608318.7546,341953.5563,2,9.974797085163713,3.093281046215475,test spatial,3,True,2,False,3,True,2,False,3,True,3,True
541572.4814,430624.0347,4,9.37445826527262,3.895846984383035,entrainement spatial,4,False,4,False,4,False,4,False,5,True,4,False
591660.5783,278446.5166,3,9.824493292721339,2.518914446648345,test spatial,2,True,3,False,3,False,2,True,4,True,3,False
466510.1511,496324.6127,2,8.698116161203224,4.490249774800299,entrainement spatial,2,False,2,False,2,False,2,False,2,False,2,False
591763.6483,262895.3188,4,9.82533426355541,2.3782345673258183,test spatial,3,True,3,True,3,True,2,True,3,True,3,True
467582.9022,496747.8618,2,8.707784532385482,4.494082695285592,entrainement spatial,2,False,2,False,2,False,2,False,2,False,2,False
493800.203,470240.5005,4,8.944131082226031,4.254332865389038,entrainement spatial,4,False,4,False,3,True,4,False,3,True,4,False
584694.9308,381696.488,3,9.762484508186446,3.4529788133153114,test spatial,4,True,3,False,3,False,3,False,4,True,4,True
488426.8975,482739.0036,3,8.895694648199552,4.367399098925944,entrainement spatial,3,False,3,False,3,False,3,False,3,False,3,False
511400.0352,444297.3957,4,9.102700130803246,4.019625276682181,entrainement spatial,4,False,4,False,3,True,4,False,2,True,4,False
604057.5071,351888.0673,3,9.936532199759151,3.1831815884822228,test spatial,3,False,3,False,3,False,3,False,4,True,3,False
548984.8498,430612.3955,5,9.441222840067326,3.8957092576775634,test spatial,5,False,5,False,5,False,4,True,5,False,5,False
511658.2312,443813.1176,3,9.105025592578192,4.015243787335135,entrainement spatial,3,False,3,False,3,False,4,True,2,True,3,False
591669.1531,374255.6256,3,9.825209696481018,3.38561577807756,test spatial,4,True,2,True,4,True,2,True,4,True,4,True
587387.9761,378961.5792,2,9.786707428893667,3.4282186402552686,test spatial,4,True,2,False,4,True,2,False,4,True,4,True
499255.4284,460288.061,2,8.993291129175978,4.164296894639125,entrainement spatial,1,True,2,False,1,True,1,True,2,False,2,False
591662.9482,278485.5743,3,9.824514830865468,2.51926775666508,test spatial,2,True,2,True,3,False,2,True,4,True,3,False
579421.8497,386418.6429,2,9.715047175380882,3.4957337515385403,test spatial,2,False,2,False,3,True,2,False,4,True,4,True
605179.1976,348535.6605,4,9.94659910129143,3.1528471497277764,test spatial,3,True,3,True,3,True,4,False,4,False,3,True
489471.343,481811.6328,2,8.905109006818847,4.359010634413896,entrainement spatial,3,True,2,False,3,True,3,True,3,True,3,True
567920.4503,410942.4354,5,9.611650885700293,3.7176600978849033,test spatial,3,True,5,False,5,False,5,False,5,False,5,False
593554.8706,290733.0242,2,9.841604279259128,2.6300490615804346,test spatial,2,False,1,True,3,True,2,False,3,True,3,True
598446.2568,313219.0283,4,9.885751976429159,2.8334272786672026,test spatial,3,True,3,True,3,True,4,False,3,True,4,False
393374.9622,502353.7031,3,8.038831071311026,4.5442148601051775,entrainement spatial,3,False,3,False,3,False,3,False,3,False,3,False
503365.1579,449220.6897,2,9.030317554251589,4.064171548180313,entrainement spatial,1,True,2,False,1,True,1,True,1,True,1,True
547237.0388,429900.0269,5,9.42547678830219,3.889272837869286,test spatial,5,False,5,False,5,False,5,False,5,False,5,False
473786.527,501800.3927,1,8.763690336472905,4.539811571086775,entrainement spatial,1,False,1,False,2,True,1,False,2,True,1,False
564090.0795,417240.9157,5,9.577195408886524,3.7746623814931173,test spatial,5,False,5,False,5,False,5,False,5,False,5,False
417902.0653,501658.3963,2,8.259922167387431,4.538186120960751,entrainement spatial,2,False,2,False,3,True,3,True,3,True,2,False
593916.719,292871.859,2,9.844872237399324,2.6493950302796034,test spatial,2,False,3,True,3,True,2,False,3,True,3,True
591627.8718,282979.9972,2,9.824225107338298,2.559925374206433,test spatial,2,False,3,True,3,True,4,True,3,True,3,True
533634.2613,436437.9041,4,9.302975561756636,3.948472517999016,entrainement spatial,4,False,4,False,4,False,4,False,4,False,4,False
547217.1793,429886.7872,5,9.42529785169492,3.8891531534825545,test spatial,5,False,5,False,5,False,5,False,5,False,5,False
592647.5685,373130.9454,3,9.834008119156646,3.375434315122718,test spatial,4,True,3,False,4,True,4,True,4,True,4,True
598599.3804,316111.4895,4,9.887149577549547,2.859591417246245,test spatial,3,True,5,True,3,True,4,False,3,True,3,True
473260.5005,502511.2393,2,8.758946196408761,4.546240791701556,entrainement spatial,2,False,2,False,3,True,2,False,3,True,2,False
594843.8874,296911.2483,2,9.853237586208717,2.685930032750391,test spatial,2,False,2,False,3,True,2,False,3,True,3,True
602720.9696,330174.3209,2,9.924334562762972,2.9867728718195536,test spatial,3,True,3,True,3,True,3,True,3,True,3,True
586600.5189,379765.4314,3,9.779624709446582,3.435496226677655,test spatial,4,True,3,False,3,False,4,True,4,True,4,True
404713.8886,502546.027,3,8.141035282325621,4.546083655512262,entrainement spatial,3,False,3,False,3,False,3,False,3,False,3,False
499833.9273,451346.7927,1,8.998503773653434,4.0834066636188,entrainement spatial,2,True,1,False,3,True,2,True,3,True,2,True
603330.4008,331148.6317,5,9.929825468928778,2.995581709511908,test spatial,3,True,3,True,3,True,4,True,3,True,4,True
501383.3357,449903.3648,1,9.012462914769504,4.070348086205328,entrainement spatial,1,False,1,False,1,False,1,False,1,False,1,False
571356.4265,392271.9778,1,9.64247247783615,3.548738055173919,test spatial,4,True,1,False,4,True,4,True,5,True,3,True
518933.5355,443311.174,2,9.17056557930019,4.0106917057184095,entrainement spatial,2,False,2,False,2,False,1,True,2,False,2,False
600144.3889,321724.0576,4,9.901089642553439,2.9103515870766716,test spatial,3,True,3,True,3,True,2,True,3,True,3,True
598972.2833,309128.6839,3,9.890456330242875,2.796422398748624,test spatial,3,False,3,False,3,False,4,True,3,False,3,False
598502.6065,313047.3962,4,9.886257751196355,2.831874304619883,test spatial,3,True,3,True,3,True,4,False,3,True,3,True
490208.5777,481445.0158,3,8.911753818753986,4.3556947417909715,entrainement spatial,3,False,3,False,3,False,3,False,3,False,3,False
508224.1472,447050.7853,4,9.0740916067043,4.044537905634119,entrainement spatial,4,False,4,False,4,False,4,False,4,False,4,False
591357.3559,266720.6134,3,9.821700893575137,2.4128412098757606,test spatial,3,False,3,False,3,False,2,True,3,False,3,False
593249.4204,288267.5415,3,9.838841860711838,2.607747799933877,test spatial,2,True,2,True,3,False,2,True,3,False,3,False
487439.7843,484582.2904,2,8.886795561503371,4.384073594447164,entrainement spatial,3,True,2,False,3,True,2,False,3,True,3,True
599913.938,322800.6935,1,9.899023970064798,2.9200924525723155,test spatial,3,True,3,True,3,True,2,True,3,True,3,True
607110.9818,336389.5029,3,9.963883884030258,3.0429599040814144,test spatial,3,False,3,False,3,False,2,True,3,False,3,False
500846.0655,450612.6569,1,9.007622535738026,4.076765009579935,entrainement spatial,1,False,1,False,1,False,1,False,1,False,1,False
491377.2038,473248.8264,2,8.922293716479487,4.281546699144674,entrainement spatial,3,True,2,False,3,True,4,True,2,False,3,True
514036.592,442880.6108,2,9.126450219835112,4.006804497535415,entrainement spatial,2,False,2,False,1,True,2,False,1,True,2,False
518760.9029,443143.7727,4,9.16901008627389,4.009177578349836,entrainement spatial,3,True,4,False,2,True,4,False,4,False,1,True
591613.8309,265407.512,1,9.824000428587397,2.400961213892855,test spatial,3,True,1,False,2,True,3,True,2,True,3,True
503271.8976,449392.3733,1,9.029477405228576,4.065724776185796,entrainement spatial,1,False,1,False,1,False,1,False,1,False,1,False
492357.5127,472272.4232,3,8.931128776694667,4.272714219858038,entrainement spatial,3,False,3,False,3,False,3,False,3,False,3,False
607302.8743,340082.1265,3,9.965640438244465,3.0763609445883344,test spatial,3,False,2,True,4,True,2,True,4,True,2,True
600103.781,362976.2333,3,9.901039647197875,3.2835158616853946,test spatial,5,True,3,False,4,True,3,False,4,True,4,True
490921.0549,479736.453,3,8.918176753978846,4.340238472735515,entrainement spatial,3,False,3,False,3,False,2,True,3,False,3,False
498698.1708,455060.1177,2,8.98827072445606,4.117000469924401,entrainement spatial,2,False,2,False,1,True,2,False,1,True,2,False
591612.4756,283770.2419,4,9.824091195681564,2.5670741673070974,test spatial,2,True,3,True,3,True,2,True,3,True,3,True
545817.9158,429591.9887,5,9.412693235448458,3.8864924906229614,test spatial,4,True,5,False,5,False,5,False,5,False,4,True
580257.5127,385702.3603,4,9.722565423242576,3.4892482953066866,test spatial,4,False,3,True,3,True,4,False,4,False,4,False
603029.2132,354465.1831,3,9.927299151069262,3.2065021642332927,test spatial,3,False,3,False,3,False,3,False,3,False,3,False
608114.2545,342564.9595,4,9.972961944856342,3.0988133347381113,test spatial,3,True,2,True,3,True,4,False,3,True,3,True
498695.9587,455309.7461,2,8.98825076066375,4.1192588190695805,entrainement spatial,2,False,2,False,1,True,2,False,1,True,2,False
598407.6999,313359.41,4,9.885406060787234,2.834697438615415,test spatial,3,True,4,False,3,True,4,False,3,True,4,False
591423.1483,275130.41,3,9.822339038024765,2.4889176325173192,test spatial,2,True,3,False,3,False,4,True,3,False,3,False
488009.3763,483329.8707,3,8.89193087768461,4.372744004599763,entrainement spatial,3,False,3,False,3,False,3,False,3,False,3,False
416322.1955,501602.4443,3,8.245681666576754,4.537665234101664,entrainement spatial,3,False,3,False,3,False,3,False,3,False,3,False
599014.9341,317950.2488,4,9.890901096568731,2.876221896719395,test spatial,3,True,3,True,3,True,2,True,4,False,3,True
457846.5939,495962.2185,2,8.620023952118558,4.486934843335797,entrainement spatial,2,False,2,False,2,False,2,False,2,False,2,False
447026.3908,497276.6958,3,8.522483612865184,4.498768880137649,entrainement spatial,3,False,3,False,3,False,3,False,3,False,3,False
600466.8625,323988.0944,3,9.904007363578085,2.9308296044505364,test spatial,3,False,2,True,3,False,4,True,4,True,3,False
516595.5844,443340.59,2,9.149503898134494,4.0109619595745185,entrainement spatial,2,False,2,False,3,True,1,True,4,True,2,False
399129.4131,502537.0348,3,8.090697819797612,4.545940527003964,entrainement spatial,3,False,3,False,3,False,3,False,3,False,4,True
535094.3826,434793.8488,5,9.316122505422003,3.933594253142146,entrainement spatial,5,False,5,False,5,False,5,False,5,False,4,True
523842.6148,438022.6396,3,9.214777147864156,3.9628368909652485,entrainement spatial,2,True,3,False,2,True,1,True,2,True,1,True
579202.5229,386526.9181,3,9.713073385339168,3.496714746083846,test spatial,4,True,3,False,3,False,4,True,4,True,4,True
494565.8351,469815.6467,3,8.951030748428122,4.250489763521055,entrainement spatial,3,False,3,False,3,False,3,False,3,False,3,False
491035.4006,473500.2498,2,8.919213242879607,4.283820956556783,entrainement spatial,3,True,2,False,3,True,2,False,2,False,2,False
599946.6532,319836.608,5,9.899297088651743,2.89327922239375,test spatial,3,True,3,True,3,True,2,True,4,True,3,True
490632.7696,473860.839,2,8.915584476527682,4.28708274142228,entrainement spatial,3,True,2,False,3,True,2,False,2,False,2,False
477234.1329,502523.3356,1,8.794767879026427,4.546361320324037,entrainement spatial,1,False,1,False,2,True,1,False,2,True,1,False
521853.3257,443523.8836,2,9.196869307837451,4.0126101261402285,entrainement spatial,2,False,2,False,2,False,1,True,1,True,2,False
604483.6986,332084.6733,4,9.940209794006233,3.004040092941978,test spatial,3,True,5,True,4,False,4,False,4,False,2,True
602697.5484,330161.5457,2,9.924123728953829,2.986657486952039,test spatial,3,True,3,True,2,False,4,True,2,False,2,False
591583.6181,282812.4653,1,9.823826089815071,2.558410105795917,test spatial,2,True,3,True,3,True,3,True,3,True,3,True
495895.8927,468976.5653,4,8.963016744395425,4.242899419424261,entrainement spatial,3,True,4,False,4,False,4,False,4,False,4,False
568498.0042,409960.8931,5,9.616845624877689,3.7087770368098374,test spatial,3,True,5,False,5,False,5,False,5,False,5,False
571788.0809,403450.2011,4,9.646430087917986,3.649857748106077,test spatial,2,True,1,True,4,False,4,False,4,False,1,True
561406.1114,421069.9922,5,9.553046375021797,3.8093178578553974,test spatial,5,False,5,False,5,False,5,False,5,False,5,False
561931.1217,420378.6993,5,9.557770640091062,3.803061030356595,test spatial,5,False,5,False,5,False,5,False,5,False,5,False
597792.4546,367370.6048,3,9.880271961053706,3.3232856872982577,test spatial,3,False,2,True,3,False,2,True,4,True,4,True
498938.8633,464872.3448,2,8.990438255241692,4.205770100083636,entrainement spatial,1,True,2,False,1,True,2,False,1,True,1,True
593800.5372,291939.4262,4,9.843821444108185,2.640960835630835,test spatial,2,True,3,True,3,True,4,False,3,True,3,True
607287.7897,340174.5195,4,9.965505453867035,3.077196832808709,test spatial,3,True,2,True,3,True,2,True,4,False,2,True
522011.1616,443469.0208,3,9.198291073304313,4.012113448006707,entrainement spatial,2,True,3,False,2,True,2,True,2,True,2,True
585165.6807,381312.5755,3,9.766719497261168,3.4495024529787943,test spatial,2,True,3,False,3,False,3,False,4,True,4,True
539601.2354,431578.1883,4,9.3567064219974,3.9044866730019647,entrainement spatial,4,False,4,False,4,False,5,True,5,True,5,True
591619.5802,282049.6181,3,9.824145158736819,2.5515090354956578,test spatial,2,True,3,False,3,False,2,True,3,False,3,False
546122.973,429681.3656,4,9.415441307822206,3.8872997009199923,test spatial,4,False,5,True,5,True,5,True,5,True,4,False
446193.5762,503467.0815,3,8.514939324405008,4.554764754213104,entrainement spatial,3,False,3,False,3,False,3,False,3,False,3,False
605290.6572,348312.7413,3,9.947600306542538,3.150829751958131,test spatial,3,False,3,False,3,False,4,True,4,True,3,False
598798.213,311987.8111,3,9.888909902326876,2.8222872546385402,test spatial,3,False,5,True,3,False,4,True,3,False,3,False
512611.3284,443301.8359,2,9.113611116180264,4.010617146075065,entrainement spatial,3,True,2,False,3,True,3,True,4,True,2,False
562558.2939,419426.2181,5,9.563413373094356,3.794440751243493,test spatial,5,False,5,False,5,False,4,True,5,False,5,False
560296.5452,422177.0762,5,9.543059799554856,3.81933947507468,test spatial,2,True,5,False,5,False,5,False,5,False,2,True
601417.8135,327941.272,3,9.912592500819768,2.9665827519945673,test spatial,3,False,3,False,3,False,2,True,3,False,3,False
491388.787,478017.6586,3,8.922393733412132,4.3246893516443565,entrainement spatial,3,False,3,False,3,False,3,False,3,False,3,False
513136.9423,443570.7634,3,9.118346534291359,4.01304941950203,entrainement spatial,3,False,3,False,3,False,4,True,4,True,4,True
546884.5317,429767.6298,5,9.422301123749099,3.888076688161339,test spatial,5,False,5,False,5,False,5,False,5,False,5,False
591741.3968,284403.7137,3,9.825254493245247,2.572803919352658,test spatial,2,True,4,True,3,False,2,True,3,False,3,False
405869.0765,502579.5928,3,8.151447690301797,4.5463996255936845,entrainement spatial,3,False,3,False,3,False,3,False,3,False,3,False
499125.7348,452149.4161,1,8.992123266565262,4.090667841518023,entrainement spatial,2,True,1,False,1,False,1,False,1,False,1,False
508159.8267,447091.9187,4,9.073512175109757,4.04491008637322,entrainement spatial,4,False,4,False,4,False,4,False,4,False,4,False
599613.66,364590.694,2,9.896641460201613,3.2981240944035237,test spatial,4,True,3,True,4,True,2,False,4,True,4,True
522242.4291,443430.1949,3,9.200374389476126,4.011761688049922,entrainement spatial,2,True,3,False,2,True,1,True,4,True,3,False
419889.6703,501733.9723,3,8.277837925456685,4.538887937526851,entrainement spatial,3,False,3,False,3,False,3,False,3,False,3,False
598233.4576,366751.3001,3,9.88423631812408,3.317679942580189,test spatial,4,True,2,True,4,True,2,True,4,True,4,True
591624.8605,282394.0449,3,9.824194638541032,2.554624755566599,test spatial,2,True,3,False,3,False,2,True,3,False,3,False
594454.596,295974.8911,4,9.849729845095792,2.6774620921680565,test spatial,2,True,3,True,3,True,2,True,4,False,3,True
445092.8666,499614.9111,2,8.505040493769027,4.519909696421104,entrainement spatial,2,False,2,False,1,True,1,True,1,True,2,False
503448.8801,449175.1193,2,9.031071812764436,4.063759250572389,entrainement spatial,2,False,2,False,1,True,2,False,4,True,2,False
498358.2868,452766.5773,2,8.985208805370277,4.09625110863341,entrainement spatial,2,False,2,False,1,True,2,False,1,True,1,True
476448.6474,501720.0789,1,8.787688959650955,4.539092460557027,entrainement spatial,1,False,1,False,2,True,1,False,2,True,2,True
603673.1303,352849.0092,4,9.933080895499538,3.1918772511962312,test spatial,3,True,3,True,3,True,3,True,4,False,3,True
517010.0988,443022.4371,2,9.153237570566878,4.008082989168988,entrainement spatial,1,True,2,False,1,True,1,True,1,True,2,False
512727.2707,443340.3833,1,9.11465564764957,4.010965732521522,entrainement spatial,1,False,1,False,1,False,2,True,1,False,1,False
599484.3415,318619.2453,2,9.89512903489777,2.8822702998094427,test spatial,2,False,2,False,3,True,4,True,4,True,2,False
570827.3847,393092.9046,2,9.637714436587773,3.556167797631542,test spatial,3,True,2,False,4,True,2,False,4,True,4,True
462751.0659,495790.0713,2,8.664233638003795,4.485399176814072,entrainement spatial,2,False,2,False,2,False,2,False,2,False,2,False
590992.7765,277439.7892,2,9.81848110757943,2.5098111865569708,test spatial,2,False,2,False,3,True,2,False,3,True,3,True
605856.1995,332831.7551,4,9.952565139861392,3.0107873011544566,test spatial,3,True,4,False,4,False,4,False,4,False,3,True
597564.9528,303158.4053,4,9.877755786453411,2.742424647619449,test spatial,3,True,3,True,3,True,2,True,3,True,3,True
599080.0543,311278.3538,3,9.89144060172607,2.815867559327287,test spatial,3,False,5,True,4,True,4,True,3,False,3,False
594787.2944,296912.9633,3,9.85272851116525,2.68594590400194,test spatial,2,True,3,False,3,False,2,True,4,True,3,False
592191.8789,373659.8707,3,9.82991038144478,3.3802225205524548,test spatial,4,True,3,False,4,True,4,True,4,True,4,True
498633.7675,457014.1152,1,8.987690188765745,4.134677970177091,entrainement spatial,3,True,1,False,2,True,1,False,2,True,1,False
416872.2243,501571.7961,1,8.250639931067763,4.537393157157781,entrainement spatial,1,False,1,False,1,False,1,False,2,True,1,False
570176.3948,406836.5328,5,9.631939440215893,3.680502174823845,test spatial,3,True,5,False,4,True,2,True,4,True,4,True
569646.767,407955.329,5,9.627177416575016,3.69062662414832,test spatial,3,True,5,False,4,True,4,True,5,False,4,True
498437.5704,465715.7634,1,8.985921042576738,4.213400291017793,entrainement spatial,3,True,1,False,3,True,1,False,4,True,1,False
607247.172,337259.705,4,9.965116344027205,3.050830446775617,test spatial,3,True,2,True,4,False,2,True,4,False,3,True
591258.53,268241.097,2,9.820820350898277,2.426596374213349,test spatial,3,True,2,False,3,True,3,True,3,True,3,True
548084.3799,430252.534,5,9.433110501765208,3.892457945201722,test spatial,5,False,5,False,5,False,5,False,5,False,5,False
509535.2673,446219.0527,3,9.085902729886541,4.037012175506831,entrainement spatial,4,True,3,False,4,True,4,True,4,True,3,False
597475.0389,304003.7471,3,9.876952505332785,2.7500722379208153,test spatial,3,False,3,False,3,False,3,False,3,False,3,False
607652.6819,338783.164,4,9.968777538617402,3.0646079861044013,test spatial,3,True,2,True,4,False,2,True,4,False,2,True
495312.2169,469354.949,3,8.957756893799093,4.2463223161025,entrainement spatial,3,False,3,False,3,False,3,False,3,False,3,False
577240.0212,388023.9221,3,9.695415542932425,3.5102704085198395,test spatial,2,True,3,False,3,False,3,False,4,True,4,True
452658.827,498032.3765,2,8.573250707670091,4.505636685897302,entrainement spatial,2,False,2,False,3,True,2,False,3,True,2,False
499269.5764,460360.0822,2,8.993418602575897,4.164948459594007,entrainement spatial,1,True,2,False,1,True,1,True,1,True,1,True
602891.1509,354759.4738,3,9.926059046760757,3.2091654006395567,test spatial,3,False,3,False,3,False,1,True,4,True,3,False
400571.2751,502540.8028,4,8.103694422017643,4.545990900714359,entrainement spatial,3,True,4,False,3,True,3,True,3,True,3,True
497494.882,453073.6539,2,8.977429787854437,4.099029002382797,entrainement spatial,2,False,2,False,1,True,2,False,1,True,2,False
598068.4024,307037.428,3,9.882310652987307,2.777511029923651,test spatial,3,False,3,False,3,False,4,True,3,False,3,False
592019.4166,373817.7962,3,9.828359199029883,3.3816524531164904,test spatial,4,True,3,False,4,True,4,True,4,True,4,True
491119.0266,476003.2374,2,8.919964499446932,4.306465052143379,entrainement spatial,2,False,2,False,1,True,2,False,1,True,2,False
520270.7802,443454.4152,4,9.182612595490722,4.01198497558082,entrainement spatial,2,True,4,False,2,True,2,True,4,False,2,True
598334.0529,313801.6372,4,9.884746528624856,2.838698337225743,test spatial,3,True,3,True,3,True,4,False,3,True,3,True
595399.7783,370091.9783,5,9.858757464217687,3.347922228758032,test spatial,4,True,3,True,4,True,4,True,4,True,4,True
605857.9079,332867.6312,4,9.952580793693382,3.01111181583879,test spatial,3,True,4,False,4,False,4,False,4,False,3,True
411638.647,502300.3533,3,8.203457309633475,4.543933058610735,entrainement spatial,3,False,3,False,3,False,3,False,3,False,3,False
521143.4977,443357.0057,3,9.190474379183897,4.011101930988953,entrainement spatial,3,False,3,False,4,True,2,True,5,True,2,True
451688.1872,496606.6655,3,8.564508865034611,4.492733812797225,entrainement spatial,3,False,3,False,3,False,3,False,3,False,3,False
506175.2244,448188.9777,4,9.05563350527024,4.05483644877984,entrainement spatial,4,False,4,False,4,False,4,False,4,False,4,False
597730.7996,367429.5792,3,9.879717494467425,3.3238196624880016,test spatial,4,True,2,True,3,False,2,True,4,True,4,True
521994.2808,443479.1493,3,9.198139022606,4.012205115633026,entrainement spatial,2,True,3,False,2,True,2,True,2,True,3,False
570770.3107,426517.3308,5,9.63741706114598,3.8585378890149538,test spatial,4,True,3,True,4,True,3,True,5,False,4,True
494843.798,469648.3542,3,8.953535664019691,4.248976454975581,entrainement spatial,3,False,3,False,3,False,3,False,3,False,3,False
518829.657,443296.9747,1,9.169629750620912,4.010563442211788,entrainement spatial,2,True,1,False,2,True,1,False,4,True,1,False
490813.687,475515.6711,3,8.917213251590749,4.302053846289663,entrainement spatial,3,False,3,False,3,False,3,False,3,False,3,False
408492.6359,502528.0173,3,8.175096871740246,4.545960557870779,entrainement spatial,3,False,3,False,3,False,3,False,3,False,3,False
567707.9823,411232.7086,5,9.609739403685488,3.72028735834456,test spatial,3,True,5,False,5,False,5,False,5,False,5,False
413452.4731,502075.2539,2,8.219809389540952,4.541914718988582,entrainement spatial,3,True,2,False,3,True,3,True,3,True,2,False
598095.3683,366995.3136,3,9.882995383456816,3.3198883860161805,test spatial,3,False,2,True,3,False,2,True,4,True,4,True
489504.9805,481792.1592,2,8.905412191232607,4.35883449935207,entrainement spatial,3,True,2,False,3,True,3,True,3,True,3,True
457402.1086,495949.6726,2,8.616017426040704,4.486819248947286,entrainement spatial,2,False,2,False,2,False,2,False,2,False,2,False
599430.8747,310142.937,3,9.89458891452378,2.8055941657484498,test spatial,3,False,3,False,3,False,2,True,3,False,3,False
599134.0361,318325.8783,4,9.891975288362067,2.8796189928570626,test spatial,3,True,3,True,3,True,2,True,4,False,4,False
608423.5974,341392.4218,3,9.975735872127999,3.0882043044414527,test spatial,3,False,4,True,4,True,3,False,4,True,3,False
451886.4954,497078.6431,3,8.566293891319374,4.497004621658175,entrainement spatial,2,True,3,False,1,True,1,True,1,True,2,True
598349.6392,313756.7495,4,9.884886443987199,2.8382921750383847,test spatial,3,True,3,True,3,True,4,False,3,True,4,False
606003.1207,333164.8903,4,9.953889734925639,3.0137996143032737,test spatial,3,True,4,False,4,False,4,False,4,False,3,True
499726.149,462476.6046,1,8.997532437424317,4.184096306441348,entrainement spatial,1,False,1,False,1,False,1,False,1,False,1,False
475403.7029,501421.5234,2,8.778269851012546,4.536388691714108,entrainement spatial,2,False,2,False,2,False,2,False,2,False,2,False
526735.403,435986.9673,1,9.240830271360448,3.9444133769650733,entrainement spatial,1,False,1,False,1,False,1,False,1,False,1,False
486886.1719,486818.5494,2,8.881802708894016,4.404303722070898,entrainement spatial,2,False,2,False,3,True,3,True,3,True,2,False
534193.3624,435697.556,4,9.308009398217754,3.941772915223815,entrainement spatial,4,False,4,False,4,False,4,False,5,True,4,False
594581.5016,296271.5757,4,9.850873277644089,2.6801451380624526,test spatial,2,True,3,True,3,True,4,False,4,False,4,False
391655.9896,502259.4531,4,8.023338088199138,4.543341494667144,entrainement spatial,3,True,4,False,3,True,4,False,3,True,4,False
608266.6885,342159.0597,3,9.974330267920184,3.0951404072582847,test spatial,3,False,5,True,3,False,2,True,4,True,2,True
566142.9797,413900.9827,4,9.595662665521305,3.7444353941622204,test spatial,2,True,5,True,5,True,1,True,5,True,5,True
586119.7121,380321.8983,3,9.775300559384942,3.4405336484121616,test spatial,4,True,3,False,3,False,3,False,4,True,4,True
578499.6753,387012.6791,1,9.706749150443903,3.5011138823959023,test spatial,2,True,1,False,1,False,3,True,4,True,2,True
486824.1614,489044.8023,2,8.881240596700337,4.424443999599403,entrainement spatial,2,False,2,False,3,True,2,False,3,True,2,False
490506.5092,481212.2568,3,8.914439192260364,4.353589332864307,entrainement spatial,3,False,3,False,3,False,3,False,3,False,3,False
488809.4276,492675.2426,2,8.89913015918979,4.457290358688021,entrainement spatial,1,True,2,False,1,True,1,True,1,True,2,False
594018.6078,371718.0954,3,9.84633819600463,3.362642956197487,test spatial,4,True,3,False,4,True,2,True,4,True,4,True
505027.9013,448764.8068,4,9.045297395265273,4.0600465381989315,entrainement spatial,4,False,4,False,4,False,4,False,4,False,4,False
476082.5614,501624.1146,1,8.784389036077227,4.538223323445503,entrainement spatial,2,True,1,False,2,True,2,True,2,True,2,True
